,id,name,price,url,category_name,Размер,Материал,Цвет,Класс,Набор,Подсветка,Вес,Объем упаковки,Страна производства,Страна бренда
0,24,"Елочная игрушка Енотик Дэнни 9 см, подвеска",1580.0,/goods/elochnaya-igrushka-enotik-djenni-9-sm-podveska/,Животные,S (7-14 см),Полистоун,шоколадный / коричневый,премиум,Нет,Нет,0.1,0.0003,Китай,Нидерланды
1,28,Елочная игрушка Бабочка Иви - Azure Wonders 10 см,970.0,/goods/elochnaya-igrushka-babochka-sharlotta-10-sm-podveska/,"Бабочки, Жучки",S (7-14 см),Пластик,бирюзовый,премиум,Нет,Нет,0.04,0.0003,Китай,Нидерланды
2,33,"Елочная игрушка Christmas Bakery - Лошадка 9 см, подвеска",340.0,/goods/elochnaya-igrushka-christmas-bakery-loshadka-9-sm-podveska/,Символ года 2026,S (7-14 см),Керамика / Фарфор,красный / бордовый,стандарт,Нет,Нет,0.04,0.0002,Китай,Нидерланды
3,38,Елочная игрушка Цветок Jasmia 28 см,1610.0,/goods/elochnaya-igrushka-cvetok-jasmia-28-sm-rozovaya-podveska/,Цветы,M (15-30 см),Текстиль,розовый,премиум,Нет,Нет,0.02,0.0004,Таиланд,Бельгия
4,44,"Елочная игрушка Эльф Анри - Помощник Санты 12 см, подвеска",2620.0,/goods/elochnaya-igrushka-jelf-anri---pomoshhnik-santy-12-sm-podveska/,Гномы и Эльфы,S (7-14 см),Полистоун,красный / бордовый,премиум,Нет,Нет,0.09,0.0004,Китай,Бельгия
5,55,"Деревянная елочная игрушка Котёнок Квиррелл в новогоднем колпачке 8 см, подвеска",240.0,/goods/derevyannaya-elochnaya-igrushka-kotyonok-kvirrell-v-novogodnem-kolpachke-8-sm-podveska/,Животные,S (7-14 см),Дерево,белый,стандарт,Нет,Нет,0.02,0.0001,Китай,Германия
7,63,"Елочная игрушка Птичка Colibri De Cristal 11 см, подвеска",730.0,/goods/elochnaya-igrushka-ptichka-colibri-de-cristal-11-sm-podveska/,Птицы,S (7-14 см),Акрил,желтый / оранжевый,стандарт,Нет,Нет,0.66,0.001,Китай,Россия
8,64,Декоративная фигура Патриша Блеквуд в тигровом платье 47 см,1460.0,/goods/dekorativnaya-figura-patrisha-blekvud-v-tigrovom-plate-47-sm/,Люди,L (31-50 см),Текстиль,шоколадный / коричневый,стандарт,Нет,Нет,0.13,0.0014,Китай,Нидерланды
9,70,"Елочная игрушка Снежинка - Savolle Bow 12 см, подвеска",280.0,/goods/elochnaya-igrushka-snezhinka-alkore--12-sm/,Снежинки,S (7-14 см),Акрил,белый,стандарт,Нет,Нет,0.04,0.0003,Китай,Нидерланды
10,77,"Набор стеклянных елочных игрушек Колокольчики Флер 8 см, 12 шт",3600.0,/goods/nabor-dlya-deleniya-061479/,Колокольчики,S (7-14 см),Стекло,кремовый / светлое дерево,премиум,Да,Нет,0.72,0.0119,Китай,Нидерланды
11,78,Бант на елку Sparkle Style шампань,350.0,/goods/bant-na-elku-sparkle-style-22x20-sm-shampan/,Банты на елку,M (15-30 см),Текстиль,золото,стандарт,Нет,Нет,0.07,0.0011,Китай,Россия
12,79,Бант на елку Feira золотой,240.0,/goods/bant-na-elku-feira-24-sm-zolotoj/,Банты на елку,M (15-30 см),Текстиль,золото,стандарт,Нет,Нет,0.04,0.0019,Китай,Нидерланды
14,90,"Стеклянная елочная игрушка Хамелеон Геллерт с Аравийского полуострова 17 см, подвеска",1760.0,/goods/steklyannaya-elochnaya-igrushka-hameleon-gellert-s-aravijskogo-poluostrova-podveska/,Животные,M (15-30 см),Стекло,кремовый / светлое дерево,премиум,Нет,Нет,0.09,0.0012,Польша,Польша
15,91,Елочная игрушка Единорог Эльфин - Лориэнский Лес 13 см бирюзовая,1810.0,/goods/elochnaya-igrushka-edinorog-jelfin---lorijenskij-les-13-sm-biryuzovaya-podveska/,Животные,S (7-14 см),Полистоун,синий / голубой,премиум,Нет,Нет,0.07,0.0006,Китай,Нидерланды
16,92,"Набор елочных игрушек Christmas Puppies 10 см, 2 шт",880.0,/goods/nabor-elochnyh-igrushek-christmas-puppies-10-sm-2-sht-podveska/,Животные,S (7-14 см),Полистоун,шоколадный / коричневый,стандарт,Да,Нет,0.22,0.0004,Китай,Нидерланды
17,93,Елочная игрушка Кот Девон-рекс на софе 9 см,1980.0,/goods/elochnaya-igrushka-kot-reks-na-sofe-8-sm/,Животные,S (7-14 см),Полистоун,красный / бордовый,премиум,Нет,Нет,0.11,0.0005,Китай,Нидерланды
18,94,Елочная игрушка Ежик Дэнни в жилетке 8 см,1590.0,/goods/elochnaya-igrushka-ezhik-djenni-v-zhiletke-8-sm-podveska/,Животные,S (7-14 см),Полистоун,шоколадный / коричневый,премиум,Нет,Нет,0.11,0.0002,Китай,Нидерланды
19,95,"Елочная игрушка Олень Гвен - Crimson Silver Ice 12 см, подвеска",1790.0,/goods/elochnaya-igrushka-olen-gven---crimson-silver-ice-12-sm-podveska/,Животные,S (7-14 см),Полистоун,серебро,премиум,Нет,Нет,0.07,0.0005,Китай,Нидерланды
20,103,"Набор елочных игрушек Пряничные Мишки 6 см, 2 шт, подвеска",420.0,/goods/elochnaya-igrushka-pryanichnyj-mishka-norbert-6-sm-so-snegovichkom-podveska/,Животные,XS (до 6 см),Полистоун,шоколадный / коричневый,стандарт,Да,Нет,0.11,0.0003,Китай,Германия
21,115,"Елочная игрушка Эльф Шарлот - В гостях у Санты 14 см, подвеска",2350.0,/goods/elochnaya-igrushka-jelf-sharlot---v-gostyah-u-santy-14-sm-podveska/,Гномы и Эльфы,S (7-14 см),Полистоун,красный / бордовый,премиум,Нет,Нет,0.12,0.0005,Китай,Бельгия
22,116,"Набор елочных игрушек Гномы - Сказочный Оркестр 10 см, 3 шт, подвеска",3660.0,/goods/nabor-elochnyh-igrushek-gnomy---skazochnyj-orkestr-10-sm-3-sht-podveska/,Гномы и Эльфы,S (7-14 см),Полистоун,красный / бордовый,премиум,Да,Нет,0.21,0.0006,Китай,Бельгия
23,119,Стеклянная елочная игрушка Aquarelle 14 см,2270.0,/goods/steklyannaya-elochnaya-igrushka-aquarelle-14-sm-podveska/,Миниатюры,S (7-14 см),Стекло,белый,премиум,Нет,Нет,0.06,0.0003,Китай,Бельгия
24,124,"Елочная игрушка Ангел Сюзи 11 см, подвеска",920.0,/goods/elochnaya-igrushka-angel-syuzi-11-sm-podveska/,Ангелы и Феи,S (7-14 см),Текстиль,серый,стандарт,Нет,Нет,0.08,0.0006,Китай,Германия
25,125,"Елочная игрушка Гном Корнеил - Хранитель леса Триллемарк 20 см, подвеска",710.0,/goods/elochnaya-igrushka-gnom-korneil---hranitel-lesa-trillemark-20-sm-podveska/,Персонажи сказок,M (15-30 см),Текстиль,красный / бордовый,стандарт,Нет,Нет,0.04,0.0009,Китай,Нидерланды
26,126,"Набор елочных игрушек Cezanne Nochevieja 10 см, 4 шт, подвеска",4080.0,/goods/nabor-elochnyh-igrushek-cezanne-nochevieja-10-sm-4-sht-podveska/,"Дед Мороз, Снегурочка и Снеговик",S (7-14 см),Керамика / Фарфор,разноцветные,премиум,Да,Нет,0.44,0.0028,Китай,Италия
27,127,"Декоративный светильник Звезда Apeldoorn Story - Зимнее веселье 14 см, на батарейках",1150.0,/goods/dekorativnyj-svetilnik-zvezda-apeldoorn-story---zimnee-vesele-14-sm-na-batarejkah/,Звездочки,S (7-14 см),Дерево,кремовый / светлое дерево,стандарт,Нет,Да,0.09,0.0005,Китай,Нидерланды
29,131,Декоративная фигура Мадам Прюденс в кремовом платье 47 см,1460.0,/goods/dekorativnaya-figura-madam-pryudens-v-kremovom-plate-47-sm/,Люди,L (31-50 см),Текстиль,кремовый / светлое дерево,стандарт,Нет,Нет,0.11,0.0024,Китай,Нидерланды
30,140,"Набор стеклянных елочных игрушек Шишки 6 см янтарный mix, 12 шт",560.0,/goods/nabor-steklyannyh-elochnyh-igrushek-shishki-6-sm-yantarnyj-mix-12-sht-podveska/,Шишки и желуди,XS (до 6 см),Стекло,желтый / оранжевый,стандарт,Да,Нет,0.07,0.0006,Китай,Нидерланды
31,142,"Елочная игрушка Doppiato Bells розовое золото, подвеска",820.0,/goods/elochnaya-igrushka-doppiato-bells-rozovoe-zoloto-podveska/,Колокольчики,S (7-14 см),Пластик,золото,премиум,Нет,Нет,0.09,0.0003,Китай,Нидерланды
32,144,Бант на елку Bianco Diamanti белый,240.0,/goods/bant-na-elku-bianco-diamanti-22-sm-serebryanyj/,Банты на елку,M (15-30 см),Текстиль,белый,стандарт,Нет,Нет,0.04,0.0011,Китай,Италия
33,147,"Стеклянная елочная игрушка Снегурочка 13 см, подвеска",670.0,/goods/steklyannaya-elochnaya-igrushka-snegurochka-13-sm-podveska/,"Дед Мороз, Снегурочка и Снеговик",S (7-14 см),Стекло,синий / голубой,стандарт,Нет,Нет,0.04,0.0008,Россия,Россия
34,149,"Стеклянная елочная игрушка Санта Клаус - Чудо Фламандского Двора 18 см, подвеска",7920.0,/goods/steklyannaya-elochnaya-igrushka-santa-klaus---chudo-flamandskogo-dvora-18-sm-podveska/,"Дед Мороз, Снегурочка и Снеговик",M (15-30 см),Стекло,красный / бордовый,премиум,Нет,Нет,0.26,0.006,Китай,Нидерланды
35,161,Стеклянная елочная игрушка Улитка Бетти 8 см бирюзовая,1210.0,/goods/steklyannaya-elochnaya-igrushka-ulitka-betti-8-sm-biryuzovaya-podveska/,"Бабочки, Жучки",S (7-14 см),Стекло,бирюзовый,премиум,Нет,Нет,0.03,0.0002,Китай,Нидерланды
36,162,Елочная игрушка Волшебный Чайник 8 см бирюзовая,1590.0,/goods/elochnaya-igrushka-volshebnyj-chajnik-8-sm-biryuzovaya-podveska/,Домики,S (7-14 см),Полистоун,бирюзовый,премиум,Нет,Нет,0.08,0.0004,Китай,Нидерланды
37,175,Елочная игрушка Цветок Kathleen - Caramel Sunset 10 см,840.0,/goods/elochnaya-igrushka-ochre---cvetok-kathleen-10-sm-podveska/,Цветы,S (7-14 см),Пластик,шоколадный / коричневый,премиум,Нет,Нет,0.03,0.0004,Китай,Нидерланды
38,183,"Стеклянная елочная игрушка Советский Паровоз 7 см, подвеска",1180.0,/goods/steklyannaya-elochnaya-igrushka-sovetskij-parovoz-7-sm-podveska/,"Паровозы, машинки",S (7-14 см),Стекло,черный,стандарт,Нет,Нет,0.08,0.0013,Россия,Россия
39,186,"Стеклянная елочная игрушка Волшебный Сапожок Шарля Перро 12 см голубой, подвеска",1740.0,/goods/steklyannaya-elochnaya-igrushka-volshebnyj-sapozhok-sharlya-perro-12-sm-goluboj-podveska/,Миниатюры,S (7-14 см),Стекло,синий / голубой,премиум,Нет,Нет,0.07,0.0007,Китай,Нидерланды
40,189,Елочная игрушка Снеговик Декарт в шапочке 15*10 см,400.0,/goods/elochnaya-igrushka-snegovik-dekart-v-shapochke-15x10-sm/,"Дед Мороз, Снегурочка и Снеговик",M (15-30 см),Текстиль,белый,стандарт,Нет,Нет,0.07,0.0013,Китай,Нидерланды
41,191,"Светящаяся елочная игрушка Снеговик 10 см, на батарейке, RGB, подвеска",550.0,/goods/svetyashheesya-ukrashenie-snegovik-10-sm-1-rgb-svetodiod-batarejki-podveska/,"Дед Мороз, Снегурочка и Снеговик",S (7-14 см),Пластик,разноцветные,стандарт,Нет,Да,0.11,0.0004,Китай,Россия
44,196,Декоративная фигура Мадам Прюденс в платье шампань 47 см,1460.0,/goods/dekorativnaya-figura-madam-pryudens-v-plate-shampan-47-sm/,Люди,L (31-50 см),Текстиль,кремовый / светлое дерево,стандарт,Нет,Нет,0.11,0.0024,Китай,Нидерланды
45,200,Стеклянная елочная игрушка Зодиак - Цирковая Лошадка 10 см золотая,920.0,/goods/steklyannaya-elochnaya-igrushka-zodiak---cirkovaya-loshadka-zolotaya/,Символ года 2026,S (7-14 см),Стекло,золото,стандарт,Нет,Нет,0.07,0.0005,Россия,Россия
46,202,"Набор стеклянных елочных игрушек Snowy Twist 30 см, 3 шт",2700.0,/goods/nabor-steklyannyh-elochnyh-igrushek-snowy-twist-30-sm-3-sht/,Сосульки,M (15-30 см),Стекло,золото,премиум,Да,Нет,0.12,0.001,Китай,Бельгия
47,207,"Набор елочных игрушек Колокольчики Angers 9 см, 3 шт, подвеска",1380.0,/goods/nabor-elochnyh-igrushek-kolokolchiki-angers-9-sm-3-sht-podveska/,Колокольчики,S (7-14 см),Керамика / Фарфор,красный / бордовый,стандарт,Да,Нет,0.55,0.003,Китай,Нидерланды
48,209,Декоративный бант Luxury Christmas 23*20 см серебряный,370.0,/goods/dekorativnyj-bant-luxury-christmas-23x20-sm-serebryanyj/,Банты на елку,M (15-30 см),Текстиль,серебро,стандарт,Нет,Нет,0.07,0.0024,Китай,Нидерланды
49,214,"Стеклянная елочная игрушка Дед Мороз с Магическим Посохом 22 см, подвеска",3170.0,/goods/steklyannaya-elochnaya-igrushka-ded-moroz-s-magicheskim-posohom-22-sm-podveska/,"Дед Мороз, Снегурочка и Снеговик",M (15-30 см),Стекло,синий / голубой,премиум,Нет,Нет,0.1,0.0017,Китай,Нидерланды
50,216,"Елочная игрушка Фея Дилана на птице 11 см, подвеска",1930.0,/goods/elochnaya-igrushka-feya-dilana-na-ptice-11-sm-podveska/,Ангелы и Феи,S (7-14 см),Полистоун,золото,премиум,Нет,Нет,0.09,0.0004,Китай,Бельгия
51,217,"Елочная игрушка Enchante Foresta: Фея 10 см, подвеска",1980.0,/goods/elochnaya-igrushka-enchante-foresta-feya-mivian-na-ptichke-10-sm-podveska/,Ангелы и Феи,S (7-14 см),Полистоун,кремовый / светлое дерево,премиум,Нет,Нет,0.09,0.0003,Китай,Бельгия
52,220,Стеклянная елочная игрушка Олень в шарфике - Christmas Periple 12 см,2060.0,/goods/steklyannaya-elochnaya-igrushka-olen-v-sharfike---christmas-periple-12-sm-podveska/,Животные,S (7-14 см),Стекло,кремовый / светлое дерево,премиум,Нет,Нет,0.07,0.0009,Китай,Италия
53,224,"Елочная игрушка Буйвол - Antique Genre 12 см, подвеска",280.0,/goods/elochnaya-igrushka-bujvol---antique-genre-12-sm-podveska/,Животные,S (7-14 см),Пластик,шоколадный / коричневый,стандарт,Нет,Нет,0.02,0.0003,Китай,Нидерланды
54,229,"Набор елочных игрушек Домики городка Эшвилл 6 см, 3 шт, подвеска",990.0,/goods/nabor-elochnyh-igrushek-domiki-gorodka-jeshvill-6-sm-3-sht-podveska/,Домики,XS (до 6 см),Полистоун,разноцветные,стандарт,Да,Нет,0.22,0.0005,Китай,Нидерланды
55,242,"Набор елочных игрушек Flower Glow 25 см, 4 шт, подвеска",980.0,/goods/nabor-elochnyh-igrushek-flower-glow-25-sm-4-sht-podveska/,Цветы,M (15-30 см),Пластик,розовый,стандарт,Да,Нет,0.07,0.0005,Китай,Нидерланды
56,245,"Елочная игрушка Эльф Каи с волшебным посохом 15 см, подвеска",1300.0,/goods/elochnaya-igrushka-jelf-kai-s-volshebnym-posohom-15-sm-podveska/,Персонажи сказок,M (15-30 см),Полистоун,золото,премиум,Нет,Нет,0.04,0.0005,Китай,Италия
57,254,"Елочная игрушка Добрый Санта 14 см, подвеска",270.0,/goods/elochnaya-igrushka-dobryj-santa-14-sm-podveska/,"Дед Мороз, Снегурочка и Снеговик",S (7-14 см),Пластик,красный / бордовый,эконом,Нет,Нет,0.03,0.0007,Китай,Россия
58,255,Деревянная елочная игрушка Пряничек - Пряничные Истории 10 см,200.0,/goods/derevyannaya-elochnaya-igrushka-pryanichek---pryanichnye-istorii-10-sm/,"Пряники, конфеты, сладости",S (7-14 см),Дерево,кремовый / светлое дерево,стандарт,Нет,Нет,0.01,0.0001,Россия,Россия
59,256,"Елочная игрушка Птичка Колибри Гестия 13 см розовое золото, 2 шт, клипса",780.0,/goods/elochnaya-igrushka-ptichka-kolibri-gestiya-13-sm-rozovoe-zoloto-2-sht-klipsa/,Птицы,S (7-14 см),Перья,розовый,стандарт,Да,Нет,0.03,0.003,Китай,Нидерланды
60,257,"Елочная игрушка Малышка Тимми 9 см, подвеска",220.0,/goods/elochnaya-igrushka-malyshka-timi-9-sm-podveska/,Текстильные игрушки,S (7-14 см),Текстиль,красный / бордовый,стандарт,Нет,Нет,0.02,0.0003,Китай,Нидерланды
61,258,"Набор елочных игрушек Теплое Рождество 8 см, 3 шт, подвеска",1680.0,/goods/nabor-elochnyh-igrushek-teploe-rozhdestvo-8-sm-3-sht-podveska/,Звездочки,S (7-14 см),Керамика / Фарфор,белый,премиум,Да,Нет,0.11,0.0001,Китай,Италия
62,262,"Елочная игрушка Снежинка - Mystery Winter 12 см перламутровая, подвеска",540.0,/goods/elochnaya-igrushka-snezhinka-mystery-winter-12-sm-perlamutrovaya-podveska/,Снежинки,S (7-14 см),Акрил,прозрачный,стандарт,Нет,Нет,0.06,0.0003,Китай,Россия
63,263,Декоративная фигура Леди Холливелл на джазовой вечеринке 47 см,1500.0,/goods/dekorativnaya-figura-ledi-hollivell-na-dzhazovoj-vecherinke-47-sm/,Люди,XL (51-80 см),Текстиль,розовый,стандарт,Нет,Нет,0.13,0.0024,Китай,Нидерланды
64,265,"Набор стеклянных елочных игрушек Сердце Монплезира 4.5 см красный mix, 12 шт",470.0,/goods/nabor-steklyannyh-elochnyh-igrushek-serdce-monplezira-45-sm-krasnyj-mix-12-sht-podveska/,Сердечки,XS (до 6 см),Стекло,красный / бордовый,стандарт,Да,Нет,0.04,0.0005,Китай,Россия
65,267,"Декоративная нить Mirele 2.7 м, серебряная",260.0,/goods/dekorativnaya-nit-mirele-27-m-serebryanaya/,Крючки и подставки для украшений,XXL (81 см и более),Текстиль,серебро,стандарт,Нет,Нет,0.04,0.0004,Китай,Нидерланды
66,269,"Елочная игрушка Снежинка - Ледяная мелодия 10 см, подвеска",490.0,/goods/elochnaya-igrushka-snezhinka-ledyanaya-melodiya-10-sm-podveska/,Снежинки,S (7-14 см),Акрил,прозрачный,стандарт,Нет,Нет,0.02,0.0001,Китай,Россия
67,275,"Стеклянная елочная игрушка Колокольчик Ягодка 11 см, подвеска",900.0,/goods/steklyannaya-elochnaya-igrushka-kolokolchik-yagodka-10-sm-podveska/,Колокольчики,S (7-14 см),Стекло,серебро,стандарт,Нет,Нет,0.02,0.0008,Россия,Россия
68,281,"Стеклянная ёлочная игрушка Санта из Жемчужного царства 17 см, подвеска",2990.0,/goods/steklyannaya-yolochnaya-igrushka-santa-iz-zhemchuzhnogo-carstva-17-sm-podveska/,"Дед Мороз, Снегурочка и Снеговик",M (15-30 см),Стекло,кремовый / светлое дерево,премиум,Нет,Нет,0.13,0.0024,Китай,Бельгия
69,282,Стеклянная елочная игрушка Санта с мешком подарков - Christmas Periple 14 см,2060.0,/goods/steklyannaya-elochnaya-igrushka-santa-s-meshkom-podarkov---christmas-periple-14-sm-podveska/,"Дед Мороз, Снегурочка и Снеговик",S (7-14 см),Стекло,красный / бордовый,премиум,Нет,Нет,0.09,0.001,Китай,Италия
70,283,Елочная игрушка Санта - Winter Baroque 12 см серебряная,3680.0,/goods/elochnaya-igrushka-santa---winter-baroque-12-sm-serebryanaya/,"Дед Мороз, Снегурочка и Снеговик",S (7-14 см),Полистоун,кремовый / светлое дерево,премиум,Нет,Нет,0.08,0.0009,Филиппины,Бельгия
71,284,Елочная игрушка Елочка из Тиволи - Winter Baroque 16 см,3180.0,/goods/elochnaya-igrushka-elochka-iz-tivoli---winter-baroque-16-sm/,Елочки,M (15-30 см),Полистоун,золото,премиум,Нет,Нет,0.07,0.0012,Филиппины,Бельгия
72,285,"Елочная игрушка Фея Талли из Страны Грез 16 см, подвеска",2070.0,/goods/elochnaya-igrushka-feya-talli-iz-strany-grez-16-sm-podveska/,Ангелы и Феи,M (15-30 см),Полистоун,белый,премиум,Нет,Нет,0.07,0.0004,Китай,Бельгия
73,292,"Елочная игрушка Олень Роджер с фруктовым венком 13 см, подвеска",1800.0,/goods/elochnaya-igrushka-olen-rodzher-s-fruktovym-venkom-13-sm-podveska/,Животные,S (7-14 см),Полистоун,шоколадный / коричневый,премиум,Нет,Нет,0.09,0.0005,Китай,Нидерланды
74,295,"Стеклянная елочная игрушка Снегирь Дариан 10 см, подвеска",750.0,/goods/steklyannaya-elochnaya-igrushka-snegir-darian-10-sm-podveska/,Птицы,S (7-14 см),Стекло,красный / бордовый,стандарт,Нет,Нет,0.04,0.0005,Россия,Россия
75,306,Искусственная ветка Цветущий Кизил 70 см,1680.0,/goods/iskusstvennaya-vetka-cvetushhij-kizil-70-sm/,Цветы,XL (51-80 см),Текстиль,фиолетовый,стандарт,Нет,Нет,0.09,0.0008,Таиланд,Россия
76,308,"Искусственный цветок Магнолия Folgaria 23 см лиловый, клипса",600.0,/goods/iskusstvennyj-cvetok-magnoliya-folgaria-23-sm-lilovyj-klipsa/,Цветы,M (15-30 см),Текстиль,фиолетовый,стандарт,Нет,Нет,0.07,0.003,Китай,Россия
77,318,Елочная игрушка Волшебный Чайник 8 см терракотовая,1590.0,/goods/elochnaya-igrushka-volshebnyj-chajnik-8-sm-terrakotovaya-podveska/,Домики,S (7-14 см),Полистоун,шоколадный / коричневый,премиум,Нет,Нет,0.08,0.0004,Китай,Нидерланды
78,323,Елочная игрушка Ангелок Элли Браун 9 см,360.0,/goods/elochnaya-igrushka-angelok-jelli-braun-9-sm/,Ангелы и Феи,S (7-14 см),Текстиль,кремовый / светлое дерево,стандарт,Нет,Нет,0.02,0.0005,Китай,Нидерланды
79,324,"Набор елочных игрушек Чашечка Мадам Люмер 5 см, 3 шт, подвеска",3630.0,/goods/nabor-elochnyh-igrushek-chashechka-madam-lyumer-5-sm-3-sht-podveska/,Миниатюры,XS (до 6 см),Керамика / Фарфор,розовый,премиум,Да,Нет,0.22,0.0011,Китай,Нидерланды
80,326,"Елочная игрушка Occhio di Ishtar 10 см, подвеска",1240.0,/goods/elochnaya-igrushka-occhio-di-ishtar-10-sm-podveska/,Игрушки на елку из бисера,S (7-14 см),Текстиль,зеленый,премиум,Нет,Нет,0.03,0.0001,Китай,Италия
82,329,"Елочная игрушка Павлин Роскошный 15 см прозрачный с золотым, подвеска",350.0,/goods/elochnaya-igrushka-pavlin-roskoshnyj-15-sm-prozrachnyj-s-zolotym-podveska/,Птицы,M (15-30 см),Акрил,золото,стандарт,Нет,Нет,0.03,0.0005,Китай,Россия
83,330,Декоративная фигура Патриша Блеквуд в леопардовом платье 47 см,1460.0,/goods/dekorativnaya-figura-patrisha-blekvud-v-leopardovom-plate-47-sm/,Люди,L (31-50 см),Текстиль,шоколадный / коричневый,стандарт,Нет,Нет,0.13,0.0014,Китай,Нидерланды
84,332,"Набор елочных игрушек Новогодние Медвежата 4 см, 6 шт",550.0,/goods/nabor-elochnyh-igrushek-novogodnie-medvezhata-4-sm-6-sht-podveska/,Животные,XS (до 6 см),Полистоун,шоколадный / коричневый,стандарт,Да,Нет,0.06,0.0002,Китай,Германия
85,335,Стеклянная елочная игрушка Лошадка Графини Роузбери 16 см,2560.0,/goods/steklyannaya-elochnaya-igrushka-loshadka-grafini-rouzberi-16-sm/,Символ года 2026,M (15-30 см),Стекло,шоколадный / коричневый,премиум,Нет,Нет,0.07,0.0012,Китай,Бельгия
87,342,"Декоративный бант Mariko 13*12 см шампань, 2 шт",250.0,/goods/dekorativnyj-bant-mariko-13-sm-shampan-2-sht/,Банты на елку,S (7-14 см),Текстиль,кремовый / светлое дерево,стандарт,Да,Нет,0.03,0.0019,Китай,Нидерланды
88,344,"Елочное украшение Сердце Murcia Rosado 10 см, подвеска",560.0,/goods/elochnoe-ukrashenie-serdce-murcia-rosado-10-sm-podveska/,Сердечки,S (7-14 см),Текстиль,розовый,премиум,Нет,Нет,0.02,0.0009,Китай,Нидерланды
89,346,Стеклянная елочная игрушка Дед Мороз - Прогулка по лесу Стельвио 18 см,8540.0,/goods/steklyannaya-elochnaya-igrushka-babbo-natale---progulka-po-lesu-stelvio-18-sm-podveska/,"Дед Мороз, Снегурочка и Снеговик",M (15-30 см),Стекло,фиолетовый,премиум,Нет,Нет,0.23,0.0057,Китай,Нидерланды
90,348,"Стеклянная елочная игрушка Снегурочка - Краса Ненаглядная 10 см, подвеска",940.0,/goods/steklyannaya-elochnaya-igrushka-snegurochka---krasa-nenaglyadnaya-10-sm-podveska/,"Дед Мороз, Снегурочка и Снеговик",S (7-14 см),Стекло,синий / голубой,стандарт,Нет,Нет,0.02,0.0005,Россия,Россия
91,349,"Елочная игрушка Дед Мороз - Midnight Glow 13 см, подвеска",1840.0,/goods/elochnaya-igrushka-santa-klaus-v-sinem-kaftane-13-sm-podveska/,"Дед Мороз, Снегурочка и Снеговик",S (7-14 см),Полистоун,синий / голубой,премиум,Нет,Нет,0.11,0.0004,Китай,Нидерланды
92,353,"Елочная игрушка Лошадка Дионна - Tartan Club 12 см, подвеска",4670.0,/goods/elochnaya-igrushka-loshadka-dionna---tartan-club-12-sm-podveska/,Символ года 2026,S (7-14 см),Полистоун,шоколадный / коричневый,премиум,Нет,Нет,0.07,0.0006,Филиппины,Бельгия
93,354,Стеклянная елочная игрушка Бык Рикардо из Долины Нарциссов 9 см,1420.0,/goods/steklyannaya-elochnaya-igrushka-byk-rikardo-iz-doliny-narcissov-9-sm-podveska/,Животные,S (7-14 см),Стекло,шоколадный / коричневый,премиум,Нет,Нет,0.09,0.0013,Китай,Нидерланды
94,356,"Стеклянная елочная игрушка Хамелеон Гилберт с Аравийского полуострова 17 см, подвеска",1760.0,/goods/steklyannaya-elochnaya-igrushka-hameleon-gilbert-s-aravijskogo-poluostrova-podveska/,Животные,M (15-30 см),Стекло,зеленый,премиум,Нет,Нет,0.11,0.0012,Польша,Польша
95,357,"Елочная игрушка Единорог Ганэль с розовыми крыльями 15 см, 2 шт, подвеска",550.0,/goods/elochnaya-igrushka-edinorog-ganjel-s-rozovymi-krylyami-15-sm-2-sht-podveska/,Животные,M (15-30 см),Акрил,розовый,стандарт,Да,Нет,0.15,0.0012,Китай,Нидерланды
96,358,Елочная игрушка Благородная Особа 8 см,950.0,/goods/elochnaya-igrushka-blagorodnaya-osoba-8-sm-podveska/,Животные,S (7-14 см),Полистоун,розовый,премиум,Нет,Нет,0.12,0.0003,Китай,Бельгия
97,360,"Коллекциия елочных игрушек Forest Adventures 12 см, подвеска",980.0,/goods/elochnaya-igrushka-ezhik-motti---forest-adventures-12-sm-podveska/,Животные,S (7-14 см),Полистоун,шоколадный / коричневый,премиум,Нет,Нет,0.11,0.0003,Китай,Италия
98,364,Стеклянная елочная игрушка Воробьиный Домик - Birds at Home 13 см,1930.0,/goods/steklyannaya-elochnaya-igrushka-vorobinyj-domik---birds-at-home-13-sm/,Птицы,S (7-14 см),Стекло,разноцветные,премиум,Нет,Нет,0.06,0.0007,Китай,Бельгия
99,368,"Набор елочных игрушек Лошадка-Качалка 10 см, 2 шт, подвеска",1160.0,/goods/nabor-elochnyh-igrushek-loshadka-kachalka-10-sm-2-sht-podveska/,Символ года 2026,S (7-14 см),Полистоун,белый,премиум,Да,Нет,0.07,0.0004,Китай,Италия
100,376,"Искусственный цветок Магнолия - Cesare Vente 18 см, клипса",1200.0,/goods/iskusstvennyj-cvetok-magnoliya---cesare-vente-18-sm-klipsa/,Цветы,M (15-30 см),Текстиль,розовый,премиум,Нет,Нет,0.1,0.0017,Таиланд,Россия
101,377,"Искусственный цветок Пионовидная Роза Arras 13 см розовый, клипса",290.0,/goods/iskusstvennyj-cvetok-pionovidnaya-roza-arras-13-sm-rozovyj-klipsa/,Цветы,S (7-14 см),Текстиль,розовый,стандарт,Нет,Нет,0.02,0.0009,Китай,Нидерланды
102,383,Елочная игрушка Мышка Танцовщица - Hollyshire Manor 11 см,3920.0,/goods/elochnaya-igrushka-zajka-tancovshhica---hollyshire-manor-11-sm/,Животные,S (7-14 см),Полистоун,красный / бордовый,премиум,Нет,Нет,0.1,0.0008,Филиппины,Бельгия
103,385,"Елочная игрушка Рождественский Поезд 10 см кремовый, подвеска",1580.0,/goods/elochnaya-igrushka-rozhdestvenskij-poezd-10-sm-kremovyj-podveska/,"Паровозы, машинки",S (7-14 см),Полистоун,красный / бордовый,премиум,Нет,Нет,0.1,0.0002,Китай,Бельгия
104,387,Елочная игрушка Сапожок из Эльфийского магазинчика 13 см,830.0,/goods/elochnaya-igrushka-sapozhok-iz-jelfijskogo-magazinchika-13-sm-podveska/,Миниатюры,S (7-14 см),Полистоун,красный / бордовый,премиум,Нет,Нет,0.09,0.0004,Китай,Эстония
105,388,"Набор стеклянных елочных игрушек Яйца Oro Grazioso 6 см, 6 шт, подвеска",2190.0,/goods/nabor-steklyannyh-elochnyh-igrushek-yajca-oro-grazioso-6-sm-6-sht-podveska/,"Яйца, медальоны",XS (до 6 см),Стекло,золото,премиум,Да,Нет,0.1,0.0013,Китай,Бельгия
106,392,"Елочная игрушка Сова Петронилла - Гостья из долины Вайлио 11 см, подвеска",1440.0,/goods/elochnaya-igrushka-sova-petronilla---gostya-iz-doliny-vajlio-11-sm-podveska/,Птицы,S (7-14 см),Текстиль,белый,премиум,Нет,Нет,0.03,0.0003,Китай,Италия
108,394,"Елочная игрушка Рыжая Малышка с косичками, 15 см, подвеска",410.0,/goods/elochnaya-igrushka-ryzhaya-malyshka-s-kosichkami-15-sm-podveska/,Текстильные игрушки,M (15-30 см),Текстиль,белый,стандарт,Нет,Нет,0.14,0.0004,Китай,Нидерланды
109,396,"Набор для шитья из фетра Досуг с Буки - Игрушка Енот, 1 уровень сложности",410.0,/goods/nabor-dlya-shitya-iz-fetra-dosug-s-buki-igrushka-enot-1-uroven-slozhnosti/,Елочные украшения своими руками,XS (до 6 см),Текстиль,серый,стандарт,Да,Нет,0.1,0.0017,Китай,Китай
110,403,"Набор стеклянных елочных игрушек Желуди Булонского леса 8 см, 12 шт",4180.0,/goods/nabor-steklyannyh-elochnyh-igrushek-zheludi-bulonskogo-lesa-8-sm-12-sht-podveska/,Шишки и желуди,S (7-14 см),Стекло,шоколадный / коричневый,стандарт,Да,Нет,0.66,0.0095,Китай,Нидерланды
111,405,"Стеклянная елочная игрушка Колокольчик Хрустальная ветка 9 см, подвеска",410.0,/goods/steklyannaya-elochnaya-igrushka-kolokolchik-hrustalnaya-vetka-9-sm-podveska/,Колокольчики,S (7-14 см),Стекло,прозрачный,стандарт,Нет,Нет,0.02,0.0006,Россия,Россия
112,408,"Стеклянная елочная игрушка Сердечко Изящное 7 см, фуксия",480.0,/goods/steklyannaya-elochnaya-igrushka-serdechko-izyashhnoe-7-sm-podveska/,Сердечки,S (7-14 см),Стекло,красный / бордовый,стандарт,Нет,Нет,0.03,0.0003,Россия,Россия
113,413,Елочная игрушка Санта на полярном медведе из Лапландии 12 см,2460.0,/goods/elochnaya-igrushka-santa-na-polyarnom-medvede-iz-laplandii-12-sm/,"Дед Мороз, Снегурочка и Снеговик",S (7-14 см),Полистоун,красный / бордовый,премиум,Нет,Нет,0.15,0.0007,Китай,Бельгия
114,414,"Елочная игрушка В Лесу Родилась Елочка 16 см розовое золото, подвеска",410.0,/goods/elochnaya-igrushka-v-lesu-rodilas-elochka-16-sm-belaya-s-zolotym-podveska/,Елочки,M (15-30 см),Акрил,розовый,стандарт,Нет,Нет,0.07,0.0005,Китай,Россия
115,416,Елочная игрушка Фея Сэм - Copperfrost Tales 8 см,1790.0,/goods/elochnaya-igrushka-feya-sjem-iz-zacharovannogo-lesa-8-sm-podveska/,Ангелы и Феи,S (7-14 см),Полистоун,шоколадный / коричневый,премиум,Нет,Нет,0.08,0.0003,Китай,Нидерланды
116,418,"Елочная игрушка Smooth Ombre: Олень 14 см серебряный, подвеска",790.0,/goods/elochnaya-igrushka-smooth-ombre-olen-14-sm-serebryanyj-podveska/,Животные,S (7-14 см),Пластик,золото,премиум,Нет,Нет,0.06,0.0003,Китай,Нидерланды
117,420,"Елочная игрушка Лошадка Златогривая 12 см, подвеска",420.0,/goods/elochnaya-igrushkaloshadka-zlatogrivaya12-sm-podveska/,Символ года 2026,S (7-14 см),Акрил,кремовый / светлое дерево,стандарт,Нет,Нет,0.02,0.0006,Китай,Россия
118,428,"Стеклянная елочная игрушка Санта - Лес Старинных Сказаний 12 см красная, подвеска",1180.0,/goods/steklyannaya-elochnaya-igrushka-santa---les-starinnyh-skazanij-12-sm-krasnaya-podveska/,Персонажи сказок,S (7-14 см),Стекло,красный / бордовый,премиум,Нет,Нет,0.04,0.0009,Китай,Италия
119,437,"Искусственная роза Amalthea 16 см, клипса",630.0,/goods/iskusstvennaya-roza-amalthea-16-sm-klipsa/,Цветы,M (15-30 см),Текстиль,розовый,премиум,Нет,Нет,0.03,0.0011,Китай,Бельгия
120,443,"Елочная игрушка Эльф Гимли - New Year Miracle 11 см, подвеска",2290.0,/goods/elochnaya-igrushka-jelf-gimli-11-sm-podveska/,Гномы и Эльфы,S (7-14 см),Полистоун,красный / бордовый,премиум,Нет,Нет,0.1,0.0005,Китай,Нидерланды
121,445,"Елочная игрушка Гриб - Домик из Лембурга 8 см, подвеска",1100.0,/goods/elochnaya-igrushka-grib---domik-iz-lemburga-8-sm-podveska/,Домики,S (7-14 см),Полистоун,шоколадный / коричневый,премиум,Нет,Нет,0.11,0.0003,Китай,Нидерланды
122,450,"Стеклянная елочная игрушка Яйцо Caddyaris 11 см, изумрудная, подвеска",2480.0,/goods/steklyannaya-elochnaya-igrushka-yajco-caddyaris-11-sm-izumrudnaya-podveska/,"Яйца, медальоны",S (7-14 см),Стекло,зеленый,премиум,Нет,Нет,0.04,0.0005,Китай,Бельгия
123,452,"Рождественские прищепки Christmas Time 5 см, 7 шт",240.0,/goods/novogodnie-prishhepki-happy-new-year-5-sm-7-sht/,Деревянные игрушки,XS (до 6 см),Дерево,разноцветные,стандарт,Да,Нет,0.03,0.0002,Китай,Италия
124,455,"Набор елочных игрушек Снежинки Dijon 8 см, 3 шт, подвеска",720.0,/goods/nabor-elochnyh-igrushek-snezhinki-dijon-8-sm-3-sht-podveska/,Снежинки,S (7-14 см),Керамика / Фарфор,белый,стандарт,Да,Нет,0.17,0.0003,Китай,Нидерланды
127,464,Набор Елочные игрушки своими руками - Стильный Санта в очках,260.0,/goods/nabor-elochnye-igrushki-svoimi-rukami-stilnyj-santa-v-ochkah/,Елочные украшения своими руками,XS (до 6 см),Текстиль,красный / бордовый,стандарт,Да,Нет,0.02,0.0008,Китай,Нидерланды
128,473,"Елочная игрушка Doppiato Bells розовая, подвеска",820.0,/goods/elochnaya-igrushka-doppiato-bells-rozovaya-podveska/,Колокольчики,S (7-14 см),Пластик,розовый,премиум,Нет,Нет,0.09,0.0003,Китай,Нидерланды
129,474,"Декоративный бант Mariko 13*12 см зеленый, 2 шт",250.0,/goods/dekorativnyj-bant-mariko-13x12-sm-zelenyj-2-sht/,Банты на елку,S (7-14 см),Текстиль,зеленый,эконом,Да,Нет,0.06,0.0012,Китай,Нидерланды
130,480,Стеклянная елочная игрушка Санта на волшебных санях - Christmas Periple 13 см,2940.0,/goods/steklyannaya-elochnaya-igrushka-santa-na-volshebnyh-sanyah---christmas-periple-13-sm-podveska/,"Дед Мороз, Снегурочка и Снеговик",S (7-14 см),Стекло,красный / бордовый,премиум,Нет,Нет,0.11,0.0022,Китай,Италия
131,482,"Стеклянная елочная игрушка Снеговик Рокфор в красном 15 см, подвеска",1780.0,/goods/steklyannaya-elochnaya-igrushka-snegovik-rokfor-v-krasnom-15-sm-podveska/,"Дед Мороз, Снегурочка и Снеговик",M (15-30 см),Стекло,красный / бордовый,премиум,Нет,Нет,0.06,0.0006,Китай,Нидерланды
132,485,Елочная игрушка Фея Розель - Лориэнский Лес 10 см терракотовая,2190.0,/goods/elochnaya-igrushka-feya-rozel---lorijenskij-les-10-sm-terrakotovaya-podveska/,Ангелы и Феи,S (7-14 см),Полистоун,бирюзовый,премиум,Нет,Нет,0.08,0.0004,Китай,Нидерланды
133,486,"Набор елочных игрушек Пушистый Дуэт: Quelle surprise, 8 см, 2 шт",3160.0,/goods/nabor-elochnyh-igrushek-pushistyj-dujet-quelle-surprise-8-sm-2-sht-podveska/,Животные,S (7-14 см),Полистоун,серый,премиум,Да,Нет,0.17,0.0009,Китай,Нидерланды
134,491,"Елочная игрушка Птичка - Колибри на золотистой лозе 10 см, подвеска",1510.0,/goods/elochnaya-igrushka-ptichka-kolibri-na-zolotistoj-loze-10-sm-podveska/,Птицы,S (7-14 см),Полистоун,розовый,премиум,Нет,Нет,0.07,0.0001,Китай,Нидерланды
135,492,Елочная подвеска Райский Сад - Стрекоза 18 см,560.0,/goods/elochnaya-podveska-rajskij-sad-strekoza-18-sm/,Изысканные подвески,M (15-30 см),Акрил,золото,стандарт,Нет,Нет,0.03,0.0001,Тайвань,Нидерланды
136,496,"Елочная игрушка Леди Джиованна - Let's Go to the Christmas Party 11 см, подвеска",2790.0,/goods/elochnaya-igrushka-ledi-dzhiovanna---lets-go-to-the-christmas-party-11-sm-podveska/,Люди,S (7-14 см),Полистоун,золото,премиум,Нет,Нет,0.06,0.0004,Китай,Нидерланды
137,502,"Искусственный цветок Магнолия Marinella 23 см голубой, клипса",270.0,/goods/iskusstvennyj-cvetok-magnoliya-marinella-23-sm-goluboj-klipsa/,Цветы,M (15-30 см),Текстиль,синий / голубой,стандарт,Нет,Нет,0.02,0.0015,Китай,Россия
138,504,"Искусственная роза Ивонн: Amber Blush 14 см, клипса",570.0,/goods/iskusstvennaya-roza-ivonn-amber-blush-14-sm-klipsa/,Цветы,S (7-14 см),Текстиль,красный / бордовый,стандарт,Нет,Нет,0.02,0.0065,Китай,Нидерланды
139,505,Искусственный цветок Кувшинка - Motavio Vega 56 см бордовый,1720.0,/goods/iskusstvennyj-cvetok-kuvshinka---motavio-vega-56-sm-bordovyj/,Цветы,XL (51-80 см),Текстиль,красный / бордовый,премиум,Нет,Нет,0.06,0.0037,Таиланд,Россия
140,507,Пуансеттия на стебле Paisley - Doratura Pesca 61 см,1380.0,/goods/puansettiya-na-steble-paisley---doratura-pesca-61-sm/,Пуансеттии,XL (51-80 см),Текстиль,розовый,премиум,Нет,Нет,0.08,0.003,Таиланд,Россия
141,510,Елочная игрушка Эльф Хельга на полярном медведе из Лапландии 12 см,2460.0,/goods/elochnaya-igrushka-devochka-helga-na-polyarnom-medvede-iz-laplandii-12-sm/,Гномы и Эльфы,S (7-14 см),Полистоун,красный / бордовый,премиум,Нет,Нет,0.15,0.0007,Китай,Бельгия
142,511,"Набор елочных игрушек Peacock Style - Грибочки 10 см, 2 шт",2190.0,/goods/nabor-elochnyh-igrushek-peacock-style---gribochki-10-sm-2-sht-podveska/,Грибы,S (7-14 см),Пластик,разноцветные,премиум,Нет,Нет,0.13,0.0015,Китай,Нидерланды
143,521,"Набор елочных игрушек Christmas Motife 14-18 см, 6 шт, подвеска",2880.0,/goods/nabor-elochnyh-igrushek-christmas-motife-14-18-sm-6-sht-podveska/,"Дед Мороз, Снегурочка и Снеговик",M (15-30 см),Текстиль,розовый,стандарт,Да,Нет,0.18,0.0038,Китай,Нидерланды
144,522,"Набор елочных игрушек Чаепитие фрейлины Эшли - Ma Bonne Dame 11 см, 2 шт, подвеска",3240.0,/goods/nabor-elochnyh-igrushek-ma-bonne-dame-11-sm-2-sht-podveska/,Миниатюры,S (7-14 см),Текстиль,белый,премиум,Да,Нет,0.07,0.0007,Индия,Бельгия
145,525,"Елочная игрушка Рыжая Малышка в наушниках 15 см, подвеска",410.0,/goods/podveska-ryzhaya-malyshka-15-sm/,Текстильные игрушки,M (15-30 см),Текстиль,белый,стандарт,Нет,Нет,0.14,0.0004,Китай,Нидерланды
146,526,"Декоративные прищепки Christmas Entourage 5 см, 6 шт",260.0,/goods/dekorativnye-prishhepki-christmas-entourage-5-sm-6-sht/,"Пряники, конфеты, сладости",XS (до 6 см),Дерево,красный / бордовый,стандарт,Да,Нет,0.07,0.0005,Китай,Нидерланды
147,527,"Набор для шитья из фетра Досуг с Буки - Игрушка Птичка, 1 уровень сложности",420.0,/goods/nabor-dlya-shitya-iz-fetra-dosug-s-buki-igrushka-ptichka-1-uroven-slozhnosti/,Елочные украшения своими руками,XS (до 6 см),Текстиль,бирюзовый,стандарт,Да,Нет,0.11,0.0017,Китай,Китай
148,538,Бант на елку Sparkle Style 22*20 см серебряный,350.0,/goods/bant-na-elku-sparkle-style-22x20-sm-serebryanyj/,Банты на елку,M (15-30 см),Текстиль,серебро,стандарт,Нет,Нет,0.07,0.0011,Китай,Россия
149,539,"Набор елочных игрушек Сердечки: Premier Brossar 7 см, 3 шт, подвеска",1740.0,/goods/nabor-elochnyh-igrushek-serdechki-premier-brossar-7-sm-3-sht-podveska/,Сердечки,S (7-14 см),Папье-маше,синий / голубой,стандарт,Да,Нет,0.15,0.0008,Китай,Нидерланды
150,544,Стеклянная елочная игрушка Санта с мешком подарков 18 см,2340.0,/goods/steklyannaya-elochnaya-igrushka-santa-s-meshkom-podarkov-18-sm/,"Дед Мороз, Снегурочка и Снеговик",M (15-30 см),Стекло,зеленый,премиум,Нет,Нет,0.06,0.0017,Китай,Бельгия
151,546,"Елочная игрушка Елочка - Biscuits de Noel 9 см, 2 шт, подвеска",420.0,/goods/elochnaya-igrushka-elochka---biscuits-de-noel-9-sm-2-sht-podveska/,Елочки,S (7-14 см),Металл,белый,стандарт,Да,Нет,0.03,0.0002,Китай,Германия
152,549,"Стеклянная елочная игрушка Лев Аслан - Grand Nature 11 см, подвеска",1840.0,/goods/steklyannaya-elochnaya-igrushka-lev-aslan---grand-nature-11-sm-podveska/,Животные,S (7-14 см),Стекло,шоколадный / коричневый,премиум,Нет,Нет,0.03,0.0007,Китай,Бельгия
153,550,"Елочная игрушка Дракон - Custode del Tesoro 38*28 см, подвеска",4980.0,/goods/elochnaya-igrushka-drakon---custode-del-tesoro-38x28-sm-podveska/,Животные,L (31-50 см),Текстиль,зеленый,премиум,Нет,Нет,0.12,0.0084,Таиланд,Россия
154,553,Елочная игрушка Персидский Кот на софе 9 см,1980.0,/goods/elochnaya-igrushka-kot-persi-na-sofe/,Животные,S (7-14 см),Полистоун,красный / бордовый,премиум,Нет,Нет,0.11,0.0005,Китай,Нидерланды
155,555,"Елочная игрушка Олень Джонатан 14 см, подвеска",840.0,/goods/elochnaya-igrushka-olen-dzhonatan-14-sm-podveska/,Животные,S (7-14 см),Акрил,белый,премиум,Нет,Нет,0.03,0.0002,Китай,Нидерланды
156,566,"Искусственный цветок Магнолия - Tezimo Ranko 21 см зеленый, клипса",500.0,/goods/iskusstvennyj-cvetok-magnoliya---tezimo-ranko-21-sm-zelenyj-klipsa/,Цветы,M (15-30 см),Текстиль,зеленый,премиум,Нет,Нет,0.06,0.0025,Китай,Россия
157,568,Елочная игрушка Цветок Kathy - Caramel Sunset 10 см,840.0,/goods/elochnaya-igrushka-ochre---cvetok-kathy-10-sm-podveska/,Цветы,S (7-14 см),Пластик,золото,стандарт,Нет,Нет,0.03,0.0004,Китай,Нидерланды
158,569,"Искусственный цветок Магнолия Rosolini 27 см розовый, клипса",420.0,/goods/iskusstvennyj-cvetok-magnoliya-rosolini-27-sm-rozovyj-klipsa/,Цветы,M (15-30 см),Текстиль,розовый,стандарт,Нет,Нет,0.01,0.0015,Китай,Россия
159,572,Коллекционная кукла Мечтающий Эльф Робин из Страны Грез 51 см,30100.0,/goods/kollekcionnaya-kukla-mechtayushhij-jelf-robin-iz-strany-grez-51-sm/,Гномы и Эльфы,XL (51-80 см),Текстиль,розовый,премиум,Нет,Нет,0.99,0.013,Китай,США
160,573,"Стеклянная елочная игрушка Гном с фонариком - Мулен де ла Галетт 15 см, подвеска",1760.0,/goods/steklyannaya-elochnaya-igrushka-gnom-s-fonarikom---mulen-de-la-galett-15-sm-podveska/,Персонажи сказок,M (15-30 см),Стекло,кремовый / светлое дерево,премиум,Нет,Нет,0.07,0.0008,Китай,Италия
161,578,"Стеклянная елочная игрушка Воздушный Шар - Фестиваль в Альбукерке 9 см красный, подвеска",2410.0,/goods/steklyannaya-elochnaya-igrushka-vozdushnyj-shar---festival-v-albukerke-9-sm-krasnyj-podveska/,Миниатюры,S (7-14 см),Стекло,разноцветные,премиум,Нет,Нет,0.06,0.0009,Китай,Нидерланды
162,582,"Елочная игрушка Снеговичок Ларри в белом 13 см, подвеска",350.0,/goods/elochnaya-igrushka-snegovichok-larri-v-belom-13-sm-podveska/,"Дед Мороз, Снегурочка и Снеговик",S (7-14 см),Текстиль,белый,стандарт,Нет,Нет,0.06,0.0002,Китай,Нидерланды
164,585,"Набор елочных игрушек Балерины Линнея и Хайди - Кристальные Пуанты 15 см, 2 шт, подвеска",760.0,/goods/nabor-elochnyh-igrushek-baleriny-linneya-i-hajdi---kristalnye-puanty-15-sm-2-sht-podveska/,Балет,M (15-30 см),Акрил,розовый,стандарт,Да,Нет,0.09,0.0011,Китай,Россия
165,588,Набор Елочные игрушки своими руками - Стильные Совята 3 шт,370.0,/goods/nabor-elochnye-igrushki-svoimi-rukami-stilnye-sovyata-3-sht/,Елочные украшения своими руками,XS (до 6 см),Текстиль,красный / бордовый,стандарт,Да,Нет,0.07,0.0011,Китай,Нидерланды
166,597,"Набор стеклянных елочных игрушек Колокольчики Bellevalle 8 см, 12 шт, подвеска",3840.0,/goods/nabor-steklyannyh-elochnyh-igrushek-kolokolchiki-bellevalle-8-sm-12-sht-podveska/,Колокольчики,S (7-14 см),Стекло,розовый,стандарт,Да,Нет,0.51,0.0069,Китай,Нидерланды
167,599,Бант на елку с пайетками шампань,440.0,/goods/bant-na-elku-s-pajetkami-30x26-sm-shampan/,Банты на елку,M (15-30 см),Текстиль,кремовый / светлое дерево,стандарт,Нет,Нет,0.04,0.0038,Китай,Нидерланды
168,600,"Набор стеклянных елочных игрушек Сердце Монплезира 4.5 см misty blue mix, 12 шт",520.0,/goods/nabor-steklyannyh-elochnyh-igrushek-serdce-monplezira-45-sm-misty-blue-mix-12-sht-podveska/,Сердечки,XS (до 6 см),Стекло,синий / голубой,стандарт,Да,Нет,0.07,0.0005,Китай,Нидерланды
169,604,"Стеклянная елочная игрушка Санта - Смотритель Маяка 13 см, подвеска",2330.0,/goods/steklyannaya-elochnaya-igrushka-santa---smotritel-mayaka-13-sm-podveska/,"Дед Мороз, Снегурочка и Снеговик",S (7-14 см),Стекло,синий / голубой,премиум,Нет,Нет,0.07,0.001,Китай,Нидерланды
170,605,"Стеклянная елочная игрушка Снеговик Ловец Звезд 14 см, подвеска",4140.0,/goods/steklyannaya-elochnaya-igrushka-snegovik-lovec-zvezd-14-sm-podveska/,"Дед Мороз, Снегурочка и Снеговик",S (7-14 см),Стекло,синий / голубой,премиум,Нет,Нет,0.12,0.0022,Китай,Нидерланды
171,608,"Елочная игрушка Ангел с Лирой 12 см серебряный, подвеска",350.0,/goods/elochnaya-igrushka-angel-s-liroj-115-sm-serebro-podveska/,Ангелы и Феи,S (7-14 см),Акрил,серебро,стандарт,Нет,Нет,0.02,0.0003,Китай,Россия
172,609,"Елочная игрушка Фея Иоанна - Les Chantal 10 см, подвеска",1920.0,/goods/elochnaya-igrushka-feya-ioanna---les-chantal-10-sm-podveska/,Ангелы и Феи,S (7-14 см),Полистоун,розовый,премиум,Нет,Нет,0.04,0.0003,Китай,Италия
173,619,"Елочная игрушка Бабочка Blanc Murmure 6 см, подвеска",970.0,/goods/elochnaya-igrushka-babochka-blanc-murmure-6-sm-podveska/,"Бабочки, Жучки",S (7-14 см),Пластик,павлинье перо,премиум,Нет,Нет,0.02,0.0001,Китай,Нидерланды
174,627,"Набор елочных игрушек Bauble - Banana 6 см, 7 шт",680.0,/goods/nabor-elochnyh-igrushek-bauble---banana-6-sm-7-sht/,"Фрукты, овощи",XS (до 6 см),Пластик,желтый / оранжевый,стандарт,Да,Нет,0.11,0.002,Китай,Нидерланды
175,630,"Роза Fleur Congelee заснеженная 10 см красная, клипса",180.0,/goods/roza-fleur-congelee-zasnezhennaya-10-sm-krasnaya-klipsa/,Цветы,S (7-14 см),Текстиль,красный / бордовый,стандарт,Нет,Нет,0.11,0.0002,Китай,Россия
176,648,"Светящийся елочный шар Лесная Сказка 6 см, теплые белые LED, на батарейках",230.0,/goods/svetyashhijsya-elochnyj-shar-lesnaya-skazka-6-sm-teplye-belye-led-na-batarejkah/,Светящиеся игрушки,S (7-14 см),Пластик,серый,стандарт,Нет,Да,0.04,0.0004,Китай,Россия
178,666,"Декоративный бант Mariko 13*12 см серый, 2 шт",250.0,/goods/dekorativnyj-bant-mariko-13x12-sm-seryj-2-sht/,Банты на елку,S (7-14 см),Текстиль,серый,эконом,Да,Нет,0.06,0.0012,Китай,Нидерланды
179,670,Елочная игрушка Грибной Санта: Mushroom Masquerade 12 см,3180.0,/goods/elochnaya-igrushka-gribnoj-santa-mushroom-masquerade-12-sm/,"Дед Мороз, Снегурочка и Снеговик",S (7-14 см),Полистоун,красный / бордовый,премиум,Нет,Нет,0.11,0.0007,Филиппины,Бельгия
180,671,Елочная игрушка Санта-Клаус из Эдинбурга с золотой елочкой 11 см,1140.0,/goods/elochnaya-igrushka-santa-klaus-iz-jedinburga-s-zolotoj-elochkoj-11-sm/,"Дед Мороз, Снегурочка и Снеговик",S (7-14 см),Полистоун,золото,премиум,Нет,Нет,0.08,0.0002,Китай,Бельгия
181,672,"Набор елочных игрушек Снеговик со Снежной Бабой - Crimson Silver Ice 10 см, 2 шт, подвеска",3610.0,/goods/nabor-elochnyh-igrushek-snegovik-so-snezhnoj-baboj---crimson-silver-ice-10-sm-2-sht-podveska/,"Дед Мороз, Снегурочка и Снеговик",S (7-14 см),Полистоун,красный / бордовый,премиум,Да,Нет,0.26,0.0022,Китай,Нидерланды
182,677,"Елочная игрушка Зайка Сьюзи 9 см, подвеска",1580.0,/goods/elochnaya-igrushka-zajka-syuzi-9-sm-podveska/,Животные,S (7-14 см),Полистоун,кремовый / светлое дерево,премиум,Нет,Нет,0.1,0.0003,Китай,Нидерланды
183,681,"Деревянная елочная игрушка Овечка - Пушистая Ясси на горной прогулке 11 см, подвеска",440.0,/goods/derevyannaya-elochnaya-igrushka-ovechka-pushistaya-yassi-na-gornoj-progulke-11-sm-podveska/,Животные,S (7-14 см),Дерево,белый,стандарт,Нет,Нет,0.02,0.0002,Китай,Германия
184,696,"Роза Искристая 14 см кремовая, клипса",230.0,/goods/roza-iskristaya-14-sm-kremovaya-klipsa/,Цветы,S (7-14 см),Полиэстер,кремовый / светлое дерево,стандарт,Нет,Нет,0.03,0.0011,Китай,Нидерланды
185,703,"Елочная игрушка Балерина Катарина 15 см, подвеска",280.0,/goods/elochnaya-igrushka-balerina-katarina-15-sm-v-belom-podveska/,Балет,M (15-30 см),Акрил,розовый,стандарт,Нет,Нет,0.04,0.0004,Китай,Россия
186,705,"Елочная игрушка Поезд - Путешествие на Северный Полюс 12 см золотой, подвеска",820.0,/goods/elochnaya-igrushka-poezd---puteshestvie-na-severnyj-polyus-12-sm-zolotoj-podveska/,"Паровозы, машинки",S (7-14 см),Пластик,разноцветные,премиум,Нет,Нет,0.07,0.0006,Китай,Нидерланды
187,712,"Набор елочных игрушек Christmas Guests 11 см белый, 4 шт, подвеска",4080.0,/goods/nabor-elochnyh-igrushek-christmas-guests-11-sm-belyj-4-sht-podveska/,"Дед Мороз, Снегурочка и Снеговик",S (7-14 см),Керамика / Фарфор,кремовый / светлое дерево,премиум,Да,Нет,0.7,0.0035,Китай,Италия
188,714,"Елочная игрушка Сова Алиша - Лесная Озорница 10 см шоколадная, подвеска",1240.0,/goods/elochnaya-igrushka-sova-alisha---lesnaya-ozornica-10-sm-shokoladnaya-podveska/,Птицы,S (7-14 см),Текстиль,шоколадный / коричневый,премиум,Нет,Нет,0.02,0.0002,Китай,Италия
190,721,Набор Елочные игрушки своими руками - Стильный Снеговик в очках,260.0,/goods/nabor-elochnye-igrushki-svoimi-rukami-stilnyj-snegovik-v-ochkah/,Елочные украшения своими руками,XS (до 6 см),Текстиль,белый,стандарт,Да,Нет,0.04,0.0007,Китай,Нидерланды
191,729,"Елочная игрушка Звезда - Biscuits de Noel 9 см, 2 шт, подвеска",420.0,/goods/elochnaya-igrushka-zvezda---biscuits-de-noel-9-sm-2-sht-podveska/,Звездочки,S (7-14 см),Металл,белый,стандарт,Да,Нет,0.03,0.0002,Китай,Германия
192,733,"Елочная игрушка Бант Алиони 16*10*6 см серебряный, подвеска",430.0,/goods/elochnaya-igrushka-bant-alioni-serebryanyj-podveska/,Банты на елку,M (15-30 см),Акрил,серебро,стандарт,Нет,Нет,0.11,0.0014,Китай,Нидерланды
193,734,"Набор елочных игрушек Ювелирный Блюз 5 см голубой, 2 шт, подвеска",420.0,/goods/nabor-elochnyh-igrushek-yuvelirnyj-blyuz-5-sm-goluboj-2-sht-podveska/,Звездочки,XS (до 6 см),Текстиль,синий / голубой,стандарт,Да,Нет,0.15,0.0005,Индия,Нидерланды
194,735,"Подвесное украшение Scottish Spring 10 см, 2 шт, стекло",1200.0,/goods/podvesnoe-ukrashenie-scottish-spring-10-sm-2-sht-steklo/,"Яйца, медальоны",S (7-14 см),Стекло,золото,премиум,Да,Нет,0.11,0.0031,Китай,Бельгия
195,737,Стеклянная елочная игрушка Дед Мороз - Miracoli Caramello 18 см,8270.0,/goods/steklyannaya-elochnaya-igrushka-santa-klaus---miracoli-caramello-18-sm-podveska/,"Дед Мороз, Снегурочка и Снеговик",M (15-30 см),Стекло,золото,премиум,Нет,Нет,0.26,0.006,Китай,Нидерланды
196,743,"Елочная игрушка Фея Элли 11 см, подвеска",1610.0,/goods/elochnaya-igrushka-feya-jelli-na-pegase-11-sm-podveska/,Ангелы и Феи,S (7-14 см),Полистоун,белый,стандарт,Нет,Нет,0.09,0.0008,Китай,Нидерланды
198,747,Стеклянная елочная игрушка Олень Кайл 15 см,1440.0,/goods/steklyannaya-elochnaya-igrushka-olen-kajl-15-sm-podveska/,Животные,S (7-14 см),Стекло,желтый / оранжевый,премиум,Нет,Нет,0.11,0.0009,Китай,Италия
199,752,Елочная игрушка Попугай Rosalind 11 см,970.0,/goods/elochnaya-igrushka-popugaj-rosalind-11-sm/,Птицы,S (7-14 см),Керамика / Фарфор,желтый / оранжевый,премиум,Нет,Нет,0.09,0.0004,Китай,Нидерланды
200,753,Елочная игрушка Бабочка Шанти - Azure Wonders 11 см,970.0,/goods/elochnaya-igrushka-babochka-debora-11-sm-podveska/,"Бабочки, Жучки",S (7-14 см),Пластик,желтый / оранжевый,премиум,Нет,Нет,0.04,0.0003,Китай,Нидерланды
201,754,"Светящаяся елочная игрушка Домик Нельмин 8 см голубой, на батарейках, подвеска",320.0,/goods/svetyashhayasya-elochnaya-igrushka-domik-nelmin-8-sm-goluboj-na-batarejkah-podveska/,Домики,S (7-14 см),Керамика / Фарфор,синий / голубой,стандарт,Нет,Да,0.11,0.0002,Китай,Нидерланды
202,762,"Искусственный цветок Магнолия - Tezimo Ranko 21 см белый, клипса",500.0,/goods/iskusstvennyj-cvetok-magnoliya---tezimo-ranko-21-sm-belyj-klipsa/,Цветы,M (15-30 см),Текстиль,белый,премиум,Нет,Нет,0.06,0.0025,Китай,Россия
203,763,"Искусственная роза Ивонн: Peach Melba 14 см, клипса",570.0,/goods/iskusstvennaya-roza-ivonn-peach-melba-14-sm-klipsa/,Цветы,S (7-14 см),Текстиль,кремовый / светлое дерево,стандарт,Нет,Нет,0.02,0.0065,Китай,Нидерланды
204,764,"Искусственный цветок Магнолия Marinella 23 см махагон, клипса",270.0,/goods/iskusstvennyj-cvetok-magnoliya-marinella-23-sm-mahagon-klipsa/,Цветы,M (15-30 см),Текстиль,шоколадный / коричневый,эконом,Нет,Нет,0.04,0.0006,Китай,Россия
205,765,"Искусственная роза Ивонн: Lady Capri 14 см, клипса",570.0,/goods/iskusstvennaya-roza-ivonn-lady-capri-14-sm-klipsa/,Цветы,S (7-14 см),Текстиль,шоколадный / коричневый,стандарт,Нет,Нет,0.02,0.0065,Китай,Нидерланды
206,771,"Елочная игрушка Грибной Домик Муми-Тролля 10 см с мансардой, подвеска",1580.0,/goods/elochnaya-igrushka-gribnoj-domik-mumi-trollya-10-sm-s-mansardoj-podveska/,Персонажи сказок,S (7-14 см),Полистоун,красный / бордовый,премиум,Нет,Нет,0.07,0.0003,Китай,Нидерланды
207,778,"Елочная игрушка Паровозик - Сказочное Путешествие 10 см, зеленая, подвеска",210.0,/goods/elochnaya-igrushka-skazochnoe-puteshestvie-10-sm-zelenaya-podveska/,"Паровозы, машинки",S (7-14 см),Пластик,зеленый,эконом,Нет,Нет,0.03,0.0003,Китай,Россия
208,783,"Светящаяся елочная игрушка Санта со звездочкой 13 см, подвеска",460.0,/goods/svetyashhayasya-elochnaya-igrushka-santa-so-zvezdochkoj-13-sm-podveska/,"Дед Мороз, Снегурочка и Снеговик",S (7-14 см),Полистоун,красный / бордовый,стандарт,Нет,Да,0.15,0.0012,Китай,Россия
210,788,Елочная игрушка Малышка Оми 9 см,220.0,/goods/elochnaya-igrushka-malyshka-omi-9-sm-podveska/,Текстильные игрушки,S (7-14 см),Текстиль,белый,стандарт,Нет,Нет,0.02,0.0003,Китай,Нидерланды
211,790,"Набор стеклянных елочных игрушек Звезды 4.5 см зеленый бархат mix, 12 шт",460.0,/goods/nabor-steklyannyh-elochnyh-igrushek-zvezdy-45-sm-zelenyj-barhat-mix-12-sht-podveska/,Звездочки,XS (до 6 см),Стекло,зеленый,стандарт,Да,Нет,0.07,0.0006,Китай,Россия
212,791,"Подвеска-сувенир ""Раскрась и подари - Кит"", 6*7 см, дерево",50.0,/goods/podveska-suvenir-raskras-i-podari-kit-6x7-sm-derevo/,Деревянные игрушки,S (7-14 см),Дерево,кремовый / светлое дерево,стандарт,Да,Нет,0.06,0.0002,Россия,Россия
213,800,"Декоративный бант Feira 13*12 см шалфейный, 2 шт",250.0,/goods/dekorativnyj-bant-feira-13-sm-shalfejnyj-2-sht/,Банты на елку,S (7-14 см),Текстиль,зеленый,стандарт,Да,Нет,0.03,0.0011,Китай,Нидерланды
214,801,"Елочная игрушка Сердце - Fuento Tessilo 11 см кремовая, подвеска",390.0,/goods/elochnaya-igrushka-serdce---fuento-tessilo-11-sm-kremovaya-podveska/,Сердечки,S (7-14 см),Текстиль,белый,стандарт,Нет,Нет,0.02,0.0004,Китай,Нидерланды
215,805,"Стеклянная елочная игрушка Снеговичок с сердечком 10 см, подвеска",410.0,/goods/steklyannaya-elochnaya-igrushka-snegovichok-s-serdechkom-10-sm-podveska/,"Дед Мороз, Снегурочка и Снеговик",S (7-14 см),Стекло,фиолетовый,стандарт,Нет,Нет,0.02,0.0005,Россия,Россия
216,807,Елочная игрушка Санта с письмом 11 см,1480.0,/goods/elochnaya-igrushka-santa-s-pismom-11-sm-podveska/,"Дед Мороз, Снегурочка и Снеговик",S (7-14 см),Полистоун,красный / бордовый,премиум,Нет,Нет,0.15,0.0003,Китай,Италия
217,809,"Елочная игрушка Ангелочек Мия 15 см, подвеска",360.0,/goods/elochnaya-igrushka-angelochek-miya-15-sm-podveska/,Ангелы и Феи,M (15-30 см),Текстиль,кремовый / светлое дерево,стандарт,Нет,Нет,0.03,0.001,Китай,Нидерланды
218,810,Елочная игрушка Королева Фей Андора - Лориэнский Лес 13 см бирюзовая,2410.0,/goods/elochnaya-igrushka-koroleva-fej-andora---lorijenskij-les-13-sm-biryuzovaya-podveska/,Ангелы и Феи,S (7-14 см),Полистоун,бирюзовый,премиум,Нет,Нет,0.12,0.0006,Китай,Нидерланды
219,812,"Стеклянная елочная игрушка Крокодил Rupert 16 см, клипса",2940.0,/goods/steklyannaya-elochnaya-igrushka-krokodil-rupert-16-sm-podveska/,Животные,M (15-30 см),Стекло,зеленый,премиум,Нет,Нет,0.03,0.0006,Германия,Германия
220,814,Елочная игрушка Кот - Модник серый 11 см,1650.0,/goods/elochnaya-igrushka-kot-modnik-seryj-11-sm-podveska/,Животные,S (7-14 см),Полистоун,серый,премиум,Нет,Нет,0.07,0.0003,Китай,Нидерланды
221,817,"Елочная игрушка Олень Вэйлон - Изумрудная Роща 14 см, подвеска",590.0,/goods/elochnaya-igrushka-olen-vjejlon---izumrudnaya-roshha-14-sm-podveska/,Животные,S (7-14 см),Пластик,зеленый,стандарт,Нет,Нет,0.02,0.0003,Китай,Нидерланды
222,819,"Стеклянная елочная игрушка Певчие Пташки 13 см, подвеска",2380.0,/goods/steklyannaya-elochnaya-igrushka-pevchie-ptashki-13-sm-podveska/,Птицы,S (7-14 см),Стекло,разноцветные,премиум,Нет,Нет,0.1,0.0018,Китай,Нидерланды
223,831,"Искусственный цветок Магнолия - Tezimo Ranko 21 см бордовый, клипса",500.0,/goods/iskusstvennyj-cvetok-magnoliya---tezimo-ranko-21-sm-bordovyj-klipsa/,Цветы,M (15-30 см),Текстиль,красный / бордовый,премиум,Нет,Нет,0.06,0.0029,Китай,Россия
224,833,"Искусственная роза Ивонн: Ocean Song 14 см, клипса",570.0,/goods/iskusstvennaya-roza-ivonn-ocean-song-14-sm-klipsa/,Цветы,S (7-14 см),Текстиль,серый,стандарт,Нет,Нет,0.02,0.0065,Китай,Нидерланды
225,834,"Искусственная пуансеттия Clemencia 12 см, 3 шт, розовое золото, клипса",280.0,/goods/iskusstvennaya-puansettiya-clemencia-12-sm-rozovoe-zoloto-klipsa/,Пуансеттии,S (7-14 см),Пластик,розовый,стандарт,Да,Нет,0.07,0.002,Китай,Нидерланды
226,840,"Стеклянная елочная игрушка Поезд с Подарками 17 см, подвеска",2480.0,/goods/steklyannaya-elochnaya-igrushka-poezd-s-podarkami-17-sm-podveska/,"Паровозы, машинки",M (15-30 см),Стекло,красный / бордовый,стандарт,Нет,Нет,0.07,0.0016,Китай,Нидерланды
227,841,"Стеклянная елочная игрушка Ракета 10 см, подвеска",730.0,/goods/steklyannaya-elochnaya-igrushka-raketa-10-sm-podveska/,"Паровозы, машинки",S (7-14 см),Стекло,белый,стандарт,Нет,Нет,0.06,0.0005,Россия,Россия
228,849,"Елочная игрушка Сова Алиша - Лесная Озорница 10 см серая, подвеска",1240.0,/goods/elochnaya-igrushka-sova-alisha---lesnaya-ozornica-10-sm-seraya-podveska/,Птицы,S (7-14 см),Текстиль,серебро,премиум,Нет,Нет,0.02,0.0002,Китай,Италия
229,851,Елочная подвеска Счастливый Клевер 10 см,430.0,/goods/elochnaya-podveska-fialka-10-sm-goluboj/,Изысканные подвески,S (7-14 см),Акрил,синий / голубой,стандарт,Нет,Нет,0.03,0.0001,Китай,Россия
230,852,"Елочная игрушка Девочка Ноелла из Северной страны 15 см, подвеска",480.0,/goods/elochnaya-igrushka-devochka-noella-iz-severnoj-strany-15-sm-podveska/,Текстильные игрушки,M (15-30 см),Текстиль,белый,стандарт,Нет,Нет,0.07,0.0004,Китай,Нидерланды
231,855,Набор Елочные игрушки своими руками - Стильные Лисята 3 шт,370.0,/goods/nabor-elochnye-igrushki-svoimi-rukami-stilnye-lisyata-3-sht/,Елочные украшения своими руками,XS (до 6 см),Текстиль,красный / бордовый,стандарт,Да,Нет,0.07,0.0011,Китай,Нидерланды
232,857,"Набор елочных игрушек Gold Maeglin 8 см, 2 шт, подвеска",1320.0,/goods/nabor-elochnyh-igrushek-gold-maeglin-8-sm-2-sht-podveska/,Снежинки,S (7-14 см),Акрил,золото,премиум,Да,Нет,0.02,0.0003,Китай,Нидерланды
233,863,"Набор колокольчиков Sonnette Молочный 8 см, 2 шт, стекло",720.0,/goods/nabor-kolokolchikov-sonnette-molochnyj-8-sm-2-sht-steklo-podveska/,Колокольчики,S (7-14 см),Стекло,белый,стандарт,Да,Нет,0.15,0.0018,Китай,Нидерланды
234,866,"Набор стеклянных елочных игрушек Сердечки - Snow History 9 см, 4 шт, подвеска",960.0,/goods/nabor-steklyannyh-elochnyh-igrushek-serdechki---snow-history-9-sm-4-sht-podveska/,Сердечки,S (7-14 см),Стекло,белый,стандарт,Да,Нет,0.11,0.0017,Китай,Нидерланды
235,869,"Стеклянная елочная игрушка Снеговик Роджер в каминной трубе 10 см, подвеска",380.0,/goods/steklyannaya-elochnaya-igrushka-snegovik-rodzher-v-kaminnoj-trube-10-sm-podveska/,"Дед Мороз, Снегурочка и Снеговик",S (7-14 см),Стекло,белый,стандарт,Нет,Нет,0.02,0.0003,Китай,Нидерланды
236,875,"Елочная игрушка Ангел Орфелла - Лунная Сказка 8 см, подвеска",680.0,/goods/elochnaya-igrushka-angel-orfella---lunnaya-skazka-8-sm-podveska/,Ангелы и Феи,S (7-14 см),Полистоун,серебро,стандарт,Нет,Нет,0.06,0.0001,Китай,Нидерланды
237,878,"Елочная игрушка Девочка Нэнси на скачках 9 см, подвеска",2310.0,/goods/elochnaya-igrushka-devochka-njensi-na-skachkah-9-sm-podveska/,Символ года 2026,S (7-14 см),Полистоун,шоколадный / коричневый,премиум,Нет,Нет,0.06,0.0003,Китай,Нидерланды
238,879,"Елочная игрушка Бычок Джастин в рождественском колпаке 7 см, подвеска",730.0,/goods/elochnaya-igrushka-bychok-dzhastin-v-rozhdestvenskom-kolpake-7-sm-podveska/,Животные,S (7-14 см),Полистоун,белый,премиум,Нет,Нет,0.07,0.0002,Китай,Бельгия
239,883,Елочная игрушка Сиамский Кот на софе 9 см,1980.0,/goods/elochnaya-igrushka-kot-sajmon-na-sofe-8-sm/,Животные,S (7-14 см),Полистоун,красный / бордовый,премиум,Нет,Нет,0.11,0.0005,Китай,Нидерланды
240,900,"Искусственный цветок Магнолия Rosolini 27 см бежевый, клипса",420.0,/goods/iskusstvennyj-cvetok-magnoliya-rosolini-27-sm-bezhevyj-klipsa/,Цветы,M (15-30 см),Текстиль,кремовый / светлое дерево,стандарт,Нет,Нет,0.01,0.0012,Китай,Россия
241,902,"Елочное украшение Резной Листок 7 см, подвеска",340.0,/goods/elochnoe-ukrashenie-reznoj-listok-9-sm-podveska/,"Растения, Листья",S (7-14 см),Металл,серебро,стандарт,Нет,Нет,0.03,0.0001,Китай,Нидерланды
242,904,"Набор елочных игрушек Гилдмур - Сказочный Мир 8 см, 6 шт",920.0,/goods/nabor-elochnyh-igrushek-gildmur---skazochnyj-mir-8-sm-6-sht/,Персонажи сказок,S (7-14 см),Полистоун,зеленый,стандарт,Да,Нет,0.11,0.0003,Китай,Нидерланды
243,905,"Елочная игрушка Балерина Шанталь - Танец Лауренсии 16 см, подвеска",1930.0,/goods/elochnaya-igrushka-balerina-shantal---tanec-laurensii-16-sm-podveska/,Балет,M (15-30 см),Полистоун,кремовый / светлое дерево,премиум,Нет,Нет,0.03,0.0004,Китай,Бельгия
244,907,"Стеклянная елочная игрушка Грузовик 4 см, подвеска",370.0,/goods/steklyannaya-elochnaya-igrushka-gruzovik-4-sm-podveska/,"Паровозы, машинки",XS (до 6 см),Стекло,разноцветные,стандарт,Нет,Нет,0.06,0.0002,Россия,Россия
245,914,Декоративная фигурка Малышка Рейчел в зеленом колпачке,2460.0,/goods/dekorativnaya-figurka-malyshka-rejchel-v-zelenom-kolpachke-46-sm/,Текстильные игрушки,L (31-50 см),Текстиль,зеленый,стандарт,Нет,Нет,0.47,0.0086,Китай,Нидерланды
246,921,"Елочная игрушка Девочка в шапочке 18 см, подвеска",370.0,/goods/elochnaya-igrushka-kukolka-devochka-7x5x18-sm-podveska/,Текстильные игрушки,M (15-30 см),Текстиль,красный / бордовый,стандарт,Нет,Нет,0.02,0.0009,Китай,Нидерланды
247,924,"Набор для раскрашивания Новогодний Шарик 7*6*6 см, керамика",360.0,/goods/nabor-dlya-raskrashivaniya-novogodnij-sharik-6x6x7-sm-keramika/,Елочные украшения своими руками,XS (до 6 см),Керамика / Фарфор,белый,стандарт,Да,Нет,0.13,0.0024,Китай,Нидерланды
248,933,"Набор бантиков Серебристые Блестки 12*2*13 см, 2 шт",280.0,/goods/nabor-bantikov-serebristye-blestki-12x2x13-sm-2-sht/,Банты на елку,S (7-14 см),Текстиль,серебро,стандарт,Да,Нет,0.04,0.0013,Китай,Нидерланды
249,934,"Елочная игрушка Бриллиантовая Гроздь 15 см серебряная, подвеска",480.0,/goods/elochnaya-igrushka-brilyantovaya-grozd-15-sm-serebro/,Банты на елку,M (15-30 см),Акрил,серебро,стандарт,Нет,Нет,0.02,0.001,Китай,Россия
250,935,"Стеклянная елочная игрушка Сердечко Кокетка 6.5 см золотое, подвеска",480.0,/goods/steklyannaya-elochnaya-igrushka-serdechko-koketka-65-sm-zolotoe-podveska/,Сердечки,XS (до 6 см),Стекло,золото,стандарт,Нет,Нет,0.03,0.0002,Россия,Россия
251,937,"Набор елочных игрушек Christmas Holidays 6 см, 6 шт, подвеска",1260.0,/goods/nabor-elochnyh-igrushek-christmas-holidays-6-sm-6-sht-podveska/,"Яйца, медальоны",XS (до 6 см),Керамика / Фарфор,белый,стандарт,Да,Нет,0.24,0.0003,Китай,Нидерланды
252,939,Елочная игрушка Санта-Клаус из Эдинбурга с бронзовой елочкой 11 см,1140.0,/goods/elochnaya-igrushka-santa-klaus-iz-jedinburga-s-bronzovoj-elochkoj-11-sm/,"Дед Мороз, Снегурочка и Снеговик",S (7-14 см),Полистоун,золото,премиум,Нет,Нет,0.08,0.0002,Китай,Бельгия
253,941,"Елочная игрушка Дед Мороз с елочкой - Golden Christmas 13 см, подвеска",2550.0,/goods/elochnaya-igrushka-santa-klaus---golden-christmas-tree-13-sm-podveska/,"Дед Мороз, Снегурочка и Снеговик",S (7-14 см),Полистоун,золото,премиум,Нет,Нет,0.13,0.0008,Китай,Нидерланды
254,942,"Елочная игрушка Ангел Катрисса - Prima Ballerina 12 см, подвеска",1720.0,/goods/elochnaya-igrushka-angel-katrissa---prima-ballerina-12-sm-podveska/,Ангелы и Феи,S (7-14 см),Полистоун,кремовый / светлое дерево,премиум,Нет,Нет,0.04,0.0001,Китай,Бельгия
255,943,Бумажное украшение Ангел - Fascino Rosa 8 см,200.0,/goods/bumazhnoe-ukrashenie-angel---fascino-rosa-8-sm/,Ангелы и Феи,S (7-14 см),Бумага,кремовый / светлое дерево,эконом,Нет,Нет,0.01,0.0003,Китай,Нидерланды
256,945,"Елочная игрушка Мышка Габби с грибочком 13 см, подвеска",710.0,/goods/steklyannaya-elochnaya-igrushka-myshka-gabbi-s-gribochkom-13-sm-podveska/,Животные,S (7-14 см),Полистоун,шоколадный / коричневый,премиум,Нет,Нет,0.09,0.0004,Китай,Нидерланды
257,947,"Елочная игрушка Олень Эдгар - Crimson Silver Ice 12 см, подвеска",1790.0,/goods/elochnaya-igrushka-olen-jedgar---crimson-silver-ice-12-sm-podveska/,Животные,S (7-14 см),Полистоун,серебро,премиум,Нет,Нет,0.07,0.0005,Китай,Нидерланды
258,952,Стеклянная елочная игрушка Сова Джиселла - Bankfoot 11 см,3160.0,/goods/steklyannaya-elochnaya-igrushka-sova-dzhisella---bankfoot-11-sm/,Птицы,S (7-14 см),Стекло,шоколадный / коричневый,премиум,Нет,Нет,0.03,0.0004,Германия,Германия
259,957,Елочная игрушка Торт Бурфи - Limena 9 см,860.0,/goods/elochnaya-igrushka-tort-burfi---limena-9-sm/,"Пряники, конфеты, сладости",S (7-14 см),Керамика / Фарфор,розовый,стандарт,Нет,Нет,0.07,0.0002,Китай,Нидерланды
260,969,Коллекционная кукла Эльф Холлис в зеленом костюме 43 см,22970.0,/goods/kollekcionnaya-kukla-jelf-hollis-v-zelenom-kostyume-43-sm/,Гномы и Эльфы,L (31-50 см),Текстиль,зеленый,премиум,Нет,Нет,0.79,0.0122,Китай,США
261,971,"Набор стеклянных елочных игрушек Мухоморы Рокингемского леса 10 см, 2 шт, подвеска",3660.0,/goods/nabor-steklyannyh-elochnyh-igrushek-muhomory-rokingemskogo-lesa-10-sm-2-sht-podveska/,Грибы,S (7-14 см),Стекло,красный / бордовый,премиум,Да,Нет,0.11,0.0017,Китай,Нидерланды
262,974,"Набор елочных игрушек Christmas Moment 8 см, 4 шт, подвеска",1010.0,/goods/nabor-elochnyh-igrushek-christmas-moment-8-sm-4-sht-podveska/,Животные,S (7-14 см),Полистоун,разноцветные,стандарт,Да,Нет,0.28,0.0007,Китай,Нидерланды
263,975,"Стеклянная елочная игрушка Воздушный Шар - Фестиваль в Альбукерке 9 см фиолетовый, подвеска",2410.0,/goods/steklyannaya-elochnaya-igrushka-vozdushnyj-shar---festival-v-albukerke-9-sm-fioletovyj-podveska/,Миниатюры,S (7-14 см),Стекло,разноцветные,премиум,Нет,Нет,0.06,0.0009,Китай,Нидерланды
264,981,"Елочная игрушка Белочка Кейли 13 см оранжевая, подвеска",640.0,/goods/elochnaya-igrushka-belochka-kejli-13-sm-oranzhevaya-podveska/,Животные,S (7-14 см),Текстиль,желтый / оранжевый,стандарт,Нет,Нет,0.02,0.0002,Китай,Нидерланды
265,987,"Набор стеклянных елочных игрушек Шишки 6 см розовый бархат mix, 12 шт",560.0,/goods/nabor-steklyannyh-elochnyh-igrushek-shishki-6-sm-rozovyj-barhat-mix-12-sht-podveska/,Шишки и желуди,XS (до 6 см),Стекло,розовый,стандарт,Да,Нет,0.03,0.0006,Китай,Нидерланды
266,993,"Набор стеклянных елочных игрушек Шишки Rue de Ammo 16 см, 12 шт",7100.0,/goods/nabor-steklyannyh-elochnyh-igrushek-shishki-rue-de-ammo-16-sm-12-sht-podveska/,Шишки и желуди,M (15-30 см),Стекло,шоколадный / коричневый,стандарт,Да,Нет,0.92,0.0164,Китай,Нидерланды
267,996,"Набор колокольчиков Sonnette Туманный альбион 8 см, 2 шт, стекло",720.0,/goods/nabor-kolokolchikov-sonnette-tumannyj-albion-8-sm-2-sht-steklo-podveska/,Колокольчики,S (7-14 см),Стекло,серебро,стандарт,Да,Нет,0.15,0.0018,Китай,Нидерланды
268,1002,"Стеклянная елочная игрушка Снегурочка - Нанайская принцесса 9 см, подвеска",770.0,/goods/steklyannaya-elochnaya-igrushka-snegurochka---nanajskaya-princessa-9-sm-podveska/,"Дед Мороз, Снегурочка и Снеговик",S (7-14 см),Стекло,синий / голубой,стандарт,Нет,Нет,0.66,0.0011,Россия,Россия
269,1005,"Елочная игрушка Smooth Ombre: Елка Кюрмонт 14 см золотая, подвеска",920.0,/goods/elochnaya-igrushka-smooth-ombre-elka-kyurmont-14-sm-zolotaya-podveska/,Елочки,S (7-14 см),Пластик,золото,премиум,Нет,Нет,0.01,0.0002,Китай,Нидерланды
270,1009,Елочная игрушка Круг для плавания - Разноцветный Единорожка 10 см,1820.0,/goods/yolochnaya-igrushka-krug-dlya-plavaniya-raznocvetnyj-edinorozhka-10-sm-podveska/,Животные,S (7-14 см),Стекло,розовый,премиум,Нет,Нет,0.09,0.0009,Китай,Нидерланды
271,1010,"Набор елочных игрушек Собачки Уильям и Лачетти 6 см, 2 шт",3000.0,/goods/nabor-elochnyh-igrushek-sobachki-uilyam-i-lachetti-6-sm-2-sht-podveska/,Животные,S (7-14 см),Полистоун,розовый,премиум,Да,Нет,0.18,0.0004,Китай,Нидерланды
272,1011,"Стеклянная елочная игрушка Gabicce Mare - Выдра Уэнди 9 см, подвеска",2100.0,/goods/steklyannaya-elochnaya-igrushka-gabicce-mare---vydra-ujendi-podveska/,Животные,S (7-14 см),Стекло,синий / голубой,премиум,Нет,Нет,0.03,0.0004,Китай,Нидерланды
273,1012,"Елочная игрушка Олень Харрисон 9 см, подвеска",840.0,/goods/elochnaya-igrushka-olen-harrison-9-sm-podveska/,Животные,S (7-14 см),Акрил,белый,стандарт,Нет,Нет,0.03,0.0002,Китай,Нидерланды
274,1013,"Елочная игрушка Олень Свен из королевства Драккария 15 см белый, подвеска",1670.0,/goods/elochnaya-igrushka-olen-sven-iz-korolevstva-drakkariya-15-sm-belyj-podveska/,Животные,M (15-30 см),Полистоун,белый,премиум,Нет,Нет,0.03,0.0003,Китай,Нидерланды
275,1015,"Стеклянная елочная игрушка Счастливый Сверчок 11 см, подвеска",1970.0,/goods/steklyannaya-elochnaya-igrushka-schastlivyj-sverchok-11-sm-podveska/,"Бабочки, Жучки",S (7-14 см),Стекло,зеленый,премиум,Нет,Нет,0.13,0.0012,Китай,Нидерланды
276,1016,"Набор светящихся елочных игрушек Домики Avon 11 см, 3 шт, на батарейках",1210.0,/goods/nabor-podsvechnikov-domikov-avon-11-sm-3-sht/,Домики,S (7-14 см),Дерево,кремовый / светлое дерево,премиум,Да,Да,0.11,0.0018,Китай,Германия
277,1027,"Искусственный цветок Магнолия Marsala Velvet 25 см, клипса",270.0,/goods/iskusstvennyj-cvetok-magnoliya-marsala-velvet-25-sm/,Цветы,M (15-30 см),Текстиль,красный / бордовый,стандарт,Нет,Нет,0.06,0.0026,Китай,Нидерланды
278,1030,Пуансеттия на стебле Мятное Парфе 36 см,1100.0,/goods/puansettiya-na-steble-myatnoe-parfe-36-sm/,Пуансеттии,L (31-50 см),Текстиль,зеленый,премиум,Нет,Нет,0.07,0.0022,Китай,Нидерланды
279,1032,Коллекционная кукла Эльф Эмери - Happy Birthday 34 см,13510.0,/goods/kollekcionnaya-kukla-jelf-jemeri---happy-birthday-34-sm/,Гномы и Эльфы,L (31-50 см),Текстиль,фиолетовый,премиум,Нет,Нет,0.66,0.0083,Китай,США
280,1039,"Стеклянная елочная игрушка Подарки 14 см, подвеска",1980.0,/goods/steklyannaya-elochnaya-igrushka-podarki-14-sm-podveska/,Елочки,S (7-14 см),Стекло,разноцветные,премиум,Нет,Нет,0.07,0.0016,Китай,Нидерланды
281,1043,"Набор елочных игрушек Тыковки 7 см, 4 шт, подвеска",1520.0,/goods/nabor-elochnyh-igrushek-tykovki-7-sm-4-sht-podveska/,"Фрукты, овощи",S (7-14 см),Текстиль,разноцветные,стандарт,Да,Нет,0.04,0.0017,Китай,Нидерланды
282,1046,"Елочная игрушка Шляпка фрейлины Эшли - Ma Bonne Dame 12 см, подвеска",1100.0,/goods/elochnaya-igrushka-shlyapka-frejliny-jeshli---ma-bonne-dame-12-sm-podveska/,Миниатюры,S (7-14 см),Текстиль,кремовый / светлое дерево,премиум,Нет,Нет,0.03,0.0001,Индия,Бельгия
283,1054,Елочная игрушка Лошадка-качалка Доблестный Уинстон 8 см,980.0,/goods/elochnaya-igrushka-loshadka-kachalka-doblestnyj-uinston-8-sm/,Символ года 2026,S (7-14 см),Полистоун,белый,премиум,Нет,Нет,0.03,0.0001,Китай,Бельгия
284,1062,"Стеклянная елочная игрушка Колокольчик Элегантный 9 см золотой, подвеска",640.0,/goods/steklyannaya-elochnaya-igrushka-kolokolchik-jelegantnyj-9-sm-podveska/,Колокольчики,S (7-14 см),Стекло,белый,стандарт,Нет,Нет,0.02,0.0005,Россия,Россия
285,1067,"Елочная игрушка Санта на Лыжах - Comfort and Joy 13 см, подвеска",2200.0,/goods/elochnaya-igrushka-santa-na-lyzhah---comfort-and-joy-13-sm-podveska/,"Дед Мороз, Снегурочка и Снеговик",S (7-14 см),Полистоун,красный / бордовый,стандарт,Нет,Нет,0.11,0.0007,Китай,Нидерланды
286,1071,Елочная игрушка Ангелочек Мили 15 см,360.0,/goods/elochnaya-igrushka-angelochek-mili-15-sm-podveska/,Ангелы и Феи,M (15-30 см),Текстиль,розовый,стандарт,Нет,Нет,0.03,0.001,Китай,Нидерланды
287,1073,"Елочная игрушка Бык Римус - Рождественская сказка 8 см, подвеска",220.0,/goods/elochnaya-igrushka-byk-rimus-rozhdestvenskaya-skazka-8-sm-podveska/,Животные,S (7-14 см),Полистоун,шоколадный / коричневый,эконом,Нет,Нет,0.08,0.0002,Китай,Россия
288,1078,Елочная игрушка Птичка Ману с елочкой 8 см,700.0,/goods/elochnaya-igrushka-ptichka-manu-s-elochkoj-8-sm/,Птицы,S (7-14 см),Полистоун,кремовый / светлое дерево,премиум,Нет,Нет,0.07,0.0006,Китай,Германия
289,1079,"Елочная игрушка Бабочка Королевы Александры 9*6 см на проволоке, 4 шт",380.0,/goods/elochnaya-igrushka-babochka-korolevy-aleksandry-9x6-sm-na-provoloke-3-sht/,"Бабочки, Жучки",S (7-14 см),Перья,красный / бордовый,стандарт,Да,Нет,0.02,0.0002,Китай,Нидерланды
290,1081,Стеклянная елочная игрушка Золотое Светило 10 см,2420.0,/goods/steklyannaya-elochnaya-igrushka-zolotoe-svetilo-10-sm/,Персонажи сказок,S (7-14 см),Стекло,кремовый / светлое дерево,премиум,Нет,Нет,0.03,0.0006,Германия,Германия
291,1086,Стеклянная елочная игрушка Гранат Royal Fruit 10 см,1100.0,/goods/elochnaya-igrushka-granat-royal-fruit-10-sm/,"Фрукты, овощи",S (7-14 см),Стекло,красный / бордовый,стандарт,Нет,Нет,0.04,0.0005,Китай,Нидерланды
292,1087,"Искусственный цветок Магнолия - Tezimo Ranko 21 см кремовый, клипса",500.0,/goods/iskusstvennyj-cvetok-magnoliya---tezimo-ranko-21-sm-rozovyj-perlamutr-klipsa/,Цветы,M (15-30 см),Текстиль,кремовый / светлое дерево,премиум,Нет,Нет,0.06,0.0025,Китай,Россия
293,1088,"Искусственный пион из перьев Дюшес де Немур 11 см, клипса",540.0,/goods/iskusstvennyj-pion-iz-perev-dyushes-de-nemur-11-sm-klipsa/,Цветы,S (7-14 см),Перья,белый,стандарт,Нет,Нет,0.02,0.0002,Китай,Нидерланды
294,1090,"Искусственные розы для декора Lallita 18 см, 7 шт, кремовые с лаймовым",235.0,/goods/sluzhebnyj-nabor-dlya-deleniya-na-31146/,Цветы,M (15-30 см),Пенополистирол,кремовый / светлое дерево,стандарт,Да,Нет,0.11,0.0037,Китай,Нидерланды
295,1094,"Елочная игрушка Эльф Амори - Ville de Elfique 8 см, подвеска",700.0,/goods/elochnaya-igrushka-jelf-amori---ville-de-elfique-8-sm-podveska/,Гномы и Эльфы,S (7-14 см),Полистоун,белый,стандарт,Нет,Нет,0.11,0.0004,Китай,Нидерланды
296,1097,"Елочная игрушка Балерина Энни - Opera de Vienne 19 см, подвеска",1930.0,/goods/elochnaya-igrushka-balerina-jenni---opera-de-vienne-19-sm-podveska/,Балет,M (15-30 см),Полистоун,кремовый / светлое дерево,премиум,Нет,Нет,0.06,0.0005,Китай,Бельгия
297,1099,"Стеклянная елочная игрушка Грузовичок 7 см, подвеска",390.0,/goods/steklyannaya-elochnaya-igrushka-gruzovichok-7-sm-podveska/,"Паровозы, машинки",S (7-14 см),Стекло,зеленый,стандарт,Нет,Нет,0.04,0.0003,Россия,Россия
298,1105,"Елочная игрушка Гриб Мухомор - Foresta di Lana 14 см, подвеска",380.0,/goods/elochnaya-igrushka-grib-muhomor---foresta-di-lana-14-sm-podveska/,Грибы,S (7-14 см),Текстиль,красный / бордовый,эконом,Нет,Нет,0.02,0.0014,Китай,Нидерланды
299,1106,"Набор елочных игрушек Рождественские Каникулы 7 см, 10 шт, подвеска",1410.0,/goods/nabor-elochnyh-igrushek-rozhdestvenskie-kanikuly-7-sm-10-sht-podveska/,Домики,S (7-14 см),Керамика / Фарфор,белый,стандарт,Да,Нет,0.53,0.0014,Китай,Нидерланды
300,1118,"Набор елочных игрушек Звезды 8 см белый перламутр, 6 шт, подвеска",350.0,/goods/nabor-elochnyh-igrushek-zvezdy-8-sm-belyj-perlamutr-6-sht-podveska/,Звездочки,S (7-14 см),Пластик,белый,стандарт,Да,Нет,0.11,0.0006,Китай,Нидерланды
301,1122,Бант на елку Rosa Lilla: Сияющие звезды 15*11 см,360.0,/goods/bant-na-elku-rosa-lilla-siyayushhie-zvezdy-15-sm/,Банты на елку,M (15-30 см),Текстиль,фиолетовый,стандарт,Нет,Нет,0.02,0.0004,Китай,Нидерланды
302,1123,"Стеклянная елочная игрушка Сердечко Элегия 6.5 см фуксия, подвеска",470.0,/goods/steklyannaya-elochnaya-igrushka-serdechko-jelegiya-65-sm-fuksiya-podveska/,Сердечки,XS (до 6 см),Стекло,розовый,стандарт,Нет,Нет,0.02,0.0001,Россия,Россия
303,1124,"Подвесное украшение Flower Spring 12 см, 2 шт, стекло",1550.0,/goods/podvesnoe-ukrashenie-flower-spring-12-sm-2-sht-steklo/,"Яйца, медальоны",S (7-14 см),Стекло,золото,премиум,Да,Нет,0.29,0.0101,Китай,Бельгия
304,1125,Елочная игрушка Снеговик Сноули - Goldenfrost Tales 12 см,1910.0,/goods/elochnaya-igrushka-snegovik-albion-v-zolotom-sharfike-11-sm-podveska/,"Дед Мороз, Снегурочка и Снеговик",S (7-14 см),Полистоун,белый,премиум,Нет,Нет,0.11,0.0004,Китай,Нидерланды
305,1126,Елочная игрушка Санта-Мухомор: Mushroom Masquerade 12 см,3180.0,/goods/elochnaya-igrushka-santa-muhomor-mushroom-masquerade-12-sm/,"Дед Мороз, Снегурочка и Снеговик",S (7-14 см),Полистоун,красный / бордовый,премиум,Нет,Нет,0.11,0.0007,Филиппины,Бельгия
306,1127,Елочная игрушка Санта - Winter Baroque 12 см золотая,3680.0,/goods/elochnaya-igrushka-santa---winter-baroque-12-sm-zolotaya/,"Дед Мороз, Снегурочка и Снеговик",S (7-14 см),Полистоун,кремовый / светлое дерево,премиум,Нет,Нет,0.08,0.0009,Филиппины,Бельгия
307,1131,"Елочная игрушка Олень Фердинанд 11 см, подвеска",960.0,/goods/elochnaya-igrushka-olen-ferdinand-11-sm-podveska/,Животные,S (7-14 см),Акрил,шоколадный / коричневый,стандарт,Нет,Нет,0.03,0.0003,Китай,Нидерланды
308,1139,"Стеклянная елочная игрушка Утка Кряква 11 см, подвеска",1580.0,/goods/steklyannaya-elochnaya-igrushka-utka-kryakva-podveska/,Птицы,S (7-14 см),Стекло,разноцветные,премиум,Нет,Нет,0.07,0.0006,Китай,Нидерланды
309,1140,"Стеклянная елочная игрушка Божья Коровка 8 см, подвеска",2330.0,/goods/steklyannaya-elochnaya-igrushka-bozhya-korovka-8-sm-podveska/,"Бабочки, Жучки",S (7-14 см),Стекло,красный / бордовый,премиум,Нет,Нет,0.02,0.0002,Китай,Нидерланды
310,1141,"Стеклянная елочная игрушка Ангелочек с Фонариком 10 см, подвеска",600.0,/goods/steklyannaya-elochnaya-igrushka-angelochek-s-fonarikom-10-sm-podveska/,Ангелы и Феи,S (7-14 см),Стекло,желтый / оранжевый,стандарт,Нет,Нет,0.06,0.0005,Россия,Россия
311,1144,"Елочная игрушка Снеговик Энтони в шляпке 8 см, подвеска",440.0,/goods/elochnaya-igrushka-snegovik-jentoni-v-shlyapke-8-sm-podveska/,"Дед Мороз, Снегурочка и Снеговик",S (7-14 см),Полистоун,красный / бордовый,стандарт,Нет,Нет,0.04,0.0005,Китай,Нидерланды
312,1147,"Набор елочных игрушек Bauble - Watermelon 6 см, 7 шт",680.0,/goods/nabor-elochnyh-igrushek-bauble---watermelon-6-sm-7-sht/,"Фрукты, овощи",XS (до 6 см),Пластик,красный / бордовый,стандарт,Да,Нет,0.11,0.0021,Китай,Нидерланды
313,1148,"Искусственная роза Mascaret 9 см, 2 шт, серо-голубая, клипса",330.0,/goods/iskusstvennaya-roza-mascaret-9-sm-2-sht-sero-golubaya-klipsa/,Цветы,S (7-14 см),Текстиль,серый,стандарт,Да,Нет,0.03,0.001,Китай,Нидерланды
314,1154,"Набор елочных игрушек Дубовая Роща 20 см, 4 шт, подвеска",2400.0,/goods/nabor-elochnyh-igrushek-dubovaya-roshha-20-sm-4-sht-podveska/,"Растения, Листья",M (15-30 см),Текстиль,разноцветные,стандарт,Да,Нет,0.07,0.0019,Китай,Нидерланды
315,1156,Коллекционная кукла Пасхальный Эльф Календир - Easter Bunny 28 см,13510.0,/goods/kollekcionnaya-kukla-pashalnyj-jelf-kalendir---easter-bunny-28-sm/,Гномы и Эльфы,M (15-30 см),Текстиль,розовый,премиум,Нет,Нет,0.33,0.0048,Китай,США
316,1165,"Деревянная елочная игрушка Рождественский Поезд с Сантой 12 см, подвеска",530.0,/goods/derevyannaya-elochnaya-igrushka-rozhdestvenskij-poezd-s-santoj-12-sm-podveska/,"Паровозы, машинки",S (7-14 см),Дерево,красный / бордовый,стандарт,Нет,Нет,0.06,0.0002,Китай,Германия
317,1168,"Елочная игрушка Почтовый Снеговик 10 см, подвеска",400.0,/goods/elochnaya-igrushka-pochtovyj-snegovik-10-sm-podveska/,"Дед Мороз, Снегурочка и Снеговик",S (7-14 см),Керамика / Фарфор,белый,стандарт,Нет,Нет,0.09,0.0004,Китай,Нидерланды
319,1171,Декоративная фигурка Малышка Джессика в красном свитере 40 см,2270.0,/goods/dekorativnaya-figurka-malyshka-dzhessika-v-krasnom-svitere-40-sm/,Текстильные игрушки,L (31-50 см),Текстиль,красный / бордовый,стандарт,Нет,Нет,0.44,0.0047,Китай,Нидерланды
320,1174,Стеклянная елочная игрушка Лошадка Грация 10 см,3100.0,/goods/steklyannaya-elochnaya-igrushka-loshadka-graciya-10-sm/,Символ года 2026,S (7-14 см),Стекло,шоколадный / коричневый,премиум,Нет,Нет,0.03,0.0004,Германия,Германия
321,1185,"Елочная игрушка Сердечко Винтердейл 12 см, подвеска",260.0,/goods/elochnaya-igrushka-serdechko-vinterdejl-12-sm-podveska/,Сердечки,S (7-14 см),Текстиль,красный / бордовый,стандарт,Нет,Нет,0.02,0.0002,Россия,Россия
322,1188,"Елочная игрушка Дед Мороз с Подарками - Golden Crema 13 см, подвеска",1830.0,/goods/elochnaya-igrushka-santa-s-podarkami---golden-crema-13-sm-podveska/,"Дед Мороз, Снегурочка и Снеговик",S (7-14 см),Полистоун,золото,стандарт,Нет,Нет,0.11,0.0004,Китай,Нидерланды
323,1189,Елочная игрушка Снеговик Альбион - Copperfrost Tales 12 см,1590.0,/goods/elochnaya-igrushka-snegovik-snouli-12-sm-podveska/,"Дед Мороз, Снегурочка и Снеговик",S (7-14 см),Полистоун,шоколадный / коричневый,стандарт,Нет,Нет,0.12,0.0005,Китай,Нидерланды
324,1190,"Елочная игрушка Санта Клаус - Christmas Magician 11 см, подвеска",1580.0,/goods/elochnaya-igrushka-santa-klaus---christmas-magician-11-sm-podveska/,"Дед Мороз, Снегурочка и Снеговик",S (7-14 см),Полистоун,золото,премиум,Нет,Нет,0.1,0.0002,Китай,Нидерланды
325,1192,"Фигурка с подсветкой Ангел Микаэлла 40 см, 6 LED ламп, на батарейках, IP20",5380.0,/goods/figurka-s-podsvetkoj-angel-mikajella-40-sm-6-led-lamp-na-batarejkah-ip20/,Ангелы и Феи,L (31-50 см),Полистоун,кремовый / светлое дерево,стандарт,Нет,Да,1.63,0.0324,Китай,Нидерланды
326,1193,"Елочная игрушка Фея на мыльном пузыре 8 см, подвеска",1510.0,/goods/elochnaya-igrushka-feya-kaetana-na-mylnom-puzyre-8-sm-podveska/,Ангелы и Феи,S (7-14 см),Стекло,кремовый / светлое дерево,премиум,Нет,Нет,0.02,0.0001,Китай,Бельгия
327,1195,Елочная игрушка Маленький Озорник - Уайт-терьер 7 см,900.0,/goods/elochnaya-igrushka-malenkij-ozornik-buldozhka-7-sm-podveska/,Животные,S (7-14 см),Полистоун,розовый,премиум,Нет,Нет,0.1,0.0002,Китай,Бельгия
328,1196,"Набор елочных игрушек Мышки Балерины 10 см, 2 шт, подвеска",3600.0,/goods/nabor-elochnyh-igrushek-myshki-baleriny-10-sm-2-sht-podveska/,Животные,S (7-14 см),Полистоун,серый,премиум,Да,Нет,0.11,0.0015,Китай,Нидерланды
329,1205,Стеклянная елочная игрушка Домик Кардиналов - Birds at Home 13 см,1930.0,/goods/steklyannaya-elochnaya-igrushka-domik-kardinalov---birds-at-home-13-sm/,Птицы,S (7-14 см),Стекло,красный / бордовый,премиум,Нет,Нет,0.06,0.0007,Китай,Бельгия
330,1211,"Роза Selvaggio заснеженная 18 см золотая, клипса",300.0,/goods/roza-selvaggio-zasnezhennaya-18-sm-zolotaya-klipsa/,Цветы,M (15-30 см),Текстиль,желтый / оранжевый,стандарт,Нет,Нет,0.02,0.0031,Китай,Россия
331,1213,"Искусственный цветок Магнолия - Tezimo Ranko 21 см розовый, клипса",500.0,/goods/iskusstvennyj-cvetok-magnoliya---tezimo-ranko-21-sm-rozovyj-klipsa/,Цветы,M (15-30 см),Текстиль,розовый,премиум,Нет,Нет,0.06,0.0025,Китай,Россия
332,1214,Искусственная ветка Магнолия - Via Canetto 56 см,1900.0,/goods/iskusstvennaya-vetka-magnoliya---via-canetto-56-sm/,Цветы,XL (51-80 см),Пластик,кремовый / светлое дерево,премиум,Нет,Нет,0.09,0.0096,Таиланд,Россия
333,1218,"Елочная игрушка Эльф Билли - Помощник Санты 10 см, подвеска",2620.0,/goods/elochnaya-igrushka-jelfijka-billi---pomoshhnica-santy-10-sm-podveska/,Гномы и Эльфы,S (7-14 см),Полистоун,красный / бордовый,премиум,Нет,Нет,0.08,0.0003,Китай,Бельгия
334,1220,"Елочная игрушка Грибной домик Лембурга 8 см, подвеска",1100.0,/goods/elochnaya-igrushka-gribnoj-domik-lemburga-8-sm-podveska/,Домики,S (7-14 см),Полистоун,шоколадный / коричневый,премиум,Нет,Нет,0.11,0.0003,Китай,Нидерланды
335,1223,"Деревянная елочная игрушка-статуэтка Поезд с Сантой - Краски Детства 17 см, подвеска",1220.0,/goods/derevyannaya-elochnaya-igrushka-poezd-s-santoj-kraski-detstva-17-sm-podveska/,"Паровозы, машинки",M (15-30 см),Дерево,зеленый,стандарт,Нет,Нет,0.07,0.0003,Китай,Германия
336,1226,"Стеклянная елочная игрушка Бабочка Imerrophaz 13 см, подвеска",2640.0,/goods/steklyannaya-elochnaya-igrushka-babochka-imerrophaz-13-sm-podveska/,"Бабочки, Жучки",S (7-14 см),Стекло,розовый,премиум,Нет,Нет,0.07,0.0007,Китай,Бельгия
337,1228,"Набор деревянных елочных игрушек Скрипки Страдивари 9 см, 6 шт, подвеска",3000.0,/goods/derevyannaya-yolochnaya-igrushka-skripka-stradivari-9-sm-podveska/,Миниатюры,S (7-14 см),Дерево,шоколадный / коричневый,стандарт,Да,Нет,0.07,0.0008,Китай,Германия
338,1231,"Набор елочных игрушек Christmas Guests 11 см коричневый, 4 шт, подвеска",4080.0,/goods/nabor-elochnyh-igrushek-christmas-guests-11-sm-korichnevyj-4-sht-podveska/,"Дед Мороз, Снегурочка и Снеговик",S (7-14 см),Керамика / Фарфор,кремовый / светлое дерево,премиум,Да,Нет,0.7,0.003,Китай,Италия
339,1232,"Набор елочных игрушек Ювелирный Блюз 5 см золотой, 2 шт, подвеска",420.0,/goods/nabor-elochnyh-igrushek-yuvelirnyj-blyuz-5-sm-zolotoj-2-sht-podveska/,Звездочки,XS (до 6 см),Текстиль,золото,стандарт,Да,Нет,0.15,0.0005,Индия,Нидерланды
342,1245,Бант на елку Feira персиковый,230.0,/goods/dekorativnyj-bant-feira-13-sm-persikovyj-2-sht/,Банты на елку,S (7-14 см),Текстиль,розовый,стандарт,Да,Нет,0.03,0.0012,Китай,Нидерланды
343,1246,"Декоративный бант Mariko 13*12 см белый, 2 шт",250.0,/goods/dekorativnyj-bant-mariko-13-sm-belyj-2-sht/,Банты на елку,S (7-14 см),Текстиль,белый,стандарт,Да,Нет,0.03,0.0019,Китай,Нидерланды
344,1247,"Набор стеклянных елочных игрушек Сердце Монплезира 4.5 см розовое конфетти mix, 12 шт",470.0,/goods/nabor-steklyannyh-elochnyh-igrushek-serdce-monplezira-45-sm-rozovoe-konfetti-mix-12-sht-podveska/,Сердечки,XS (до 6 см),Стекло,розовый,стандарт,Да,Нет,0.07,0.0005,Китай,Россия
345,1253,"Елочная игрушка Фея Эльанна Якобине - Ballet de Oro de Cala Dogana 18 см, подвеска",1740.0,/goods/elochnaya-igrushka-feya-jelanna-yakobine---ballet-de-oro-de-cala-dogana-18-sm-podveska/,Ангелы и Феи,M (15-30 см),Полистоун,золото,премиум,Нет,Нет,0.06,0.0005,Китай,Бельгия
346,1257,"Стеклянная елочная игрушка Кот Сэмюэль 5 см золотой, подвеска",250.0,/goods/steklyannaya-elochnaya-igrushka-kot-sjemyujel-5-sm-zolotoj-podveska/,Животные,XS (до 6 см),Стекло,желтый / оранжевый,стандарт,Нет,Нет,0.03,0.0005,Россия,Россия
347,1258,Елочная игрушка Абиссинский Кот на софе 9 см,1980.0,/goods/elochnaya-igrushka-kot-abu-na-sofe-8-sm/,Животные,S (7-14 см),Полистоун,красный / бордовый,премиум,Нет,Нет,0.11,0.0005,Китай,Нидерланды
348,1263,"Елочная игрушка Nymphalidae - Бабочка 10 см, подвеска",900.0,/goods/elochnaya-igrushka-nymphalidae---babochka-10-sm-podveska/,"Бабочки, Жучки",S (7-14 см),Текстиль,желтый / оранжевый,стандарт,Нет,Нет,0.11,0.0001,Индия,Нидерланды
349,1268,Деревянная елочная игрушка Чашечка - Пряничные Истории 10 см,200.0,/goods/derevyannaya-elochnaya-igrushka-chashechka---pryanichnye-istorii-10-sm/,"Пряники, конфеты, сладости",S (7-14 см),Дерево,кремовый / светлое дерево,стандарт,Нет,Нет,0.01,0.0001,Россия,Россия
350,1273,"Искусственный цветок Магнолия Grandiflora 20 см шампань, клипса",350.0,/goods/iskusstvennyj-cvetok-magnoliya-grandiflora-20-sm-shampan-klipsa/,Цветы,M (15-30 см),Текстиль,кремовый / светлое дерево,стандарт,Нет,Нет,0.11,0.0007,Китай,Россия
351,1275,"Искусственный цветок Магнолия Vercelli Bianca 23 см, клипса",400.0,/goods/iskusstvennyj-cvetok-magnoliya-vercelli-bianca-23-sm-klipsa/,Цветы,M (15-30 см),Текстиль,белый,стандарт,Нет,Нет,0.02,0.0015,Китай,Нидерланды
352,1276,"Роза Искристая 14 см серебряная, клипса",230.0,/goods/roza-iskristaya-14-sm-serebryanaya-klipsa/,Цветы,S (7-14 см),Полиэстер,серебро,стандарт,Нет,Нет,0.03,0.0019,Китай,Нидерланды
353,1278,"Елочная игрушка Эльф Ронни на лошадке 11 см, подвеска",1180.0,/goods/elochnaya-igrushka-jelf-ronni-na-loshadke-11-sm-podveska/,Символ года 2026,S (7-14 см),Полистоун,красный / бордовый,премиум,Нет,Нет,0.11,0.0005,Китай,Италия
354,1281,"Стеклянная елочная игрушка Машинка 6 см красная, подвеска",370.0,/goods/steklyannaya-elochnaya-igrushka-mashinka-6-sm-krasnaya-podveska/,"Паровозы, машинки",XS (до 6 см),Стекло,красный / бордовый,стандарт,Нет,Нет,0.06,0.0002,Россия,Россия
355,1285,"Набор подвесных украшений Зайцы Семейства Баннисон 10 см, 3 шт, стекло",2420.0,/goods/nabor-podvesnyh-ukrashenij-zajcy-semejstva-bannison-10-sm-3-sht-steklo/,Животные,S (7-14 см),Стекло,разноцветные,премиум,Да,Нет,0.17,0.0015,Китай,Бельгия
357,1295,Елочная игрушка Снежинка Холли 15 см,1100.0,/goods/elochnaya-igrushka-snezhinka-holli-15-sm-podveska/,Снежинки,M (15-30 см),Акрил,бирюзовый,стандарт,Нет,Нет,0.03,0.0008,Китай,Нидерланды
358,1299,"Елочные игрушки Желуди 4 см коричневые, 12 шт, стекло",460.0,/goods/nabor-steklyannyh-elochnyh-igrushek-zheludi-4-sm-korichnevye-12-sht/,Шишки и желуди,XS (до 6 см),Стекло,шоколадный / коричневый,стандарт,Да,Нет,0.07,0.0006,Китай,Россия
359,1303,Бант на елку Snow Fable: Зимний Лес 15*11 см,360.0,/goods/bant-na-elku-snow-fable-zimnij-les-15-sm/,Банты на елку,M (15-30 см),Текстиль,белый,стандарт,Нет,Нет,0.01,0.0018,Китай,Нидерланды
360,1304,Бант на елку Lucido Bolle серебряный,440.0,/goods/bant-na-elku-lucido-bolle-28-sm-serebryanyj/,Банты на елку,M (15-30 см),Текстиль,серебро,стандарт,Нет,Нет,0.04,0.0025,Китай,Италия
361,1305,"Стеклянная елочная игрушка Изящное сердечко 7.5 см золотой, подвеска",210.0,/goods/elochnaya-igrushka-izyashhnoe-serdechko-75-sm-zoloto-steklo-podveska/,Сердечки,S (7-14 см),Стекло,золото,стандарт,Нет,Нет,0.11,0.0004,Индия,Нидерланды
362,1308,Стеклянная елочная игрушка Дед Мороз 11 см голубая,940.0,/goods/steklyannaya-elochnaya-igrushka-ded-moroz-11-sm-goluboj/,"Дед Мороз, Снегурочка и Снеговик",S (7-14 см),Стекло,синий / голубой,стандарт,Нет,Нет,0.02,0.0005,Россия,Россия
363,1313,"Елочная игрушка Фея Алисия - Les Chantal 10 см, подвеска",1920.0,/goods/elochnaya-igrushka-feya-alisiya---les-chantal-10-sm-podveska/,Ангелы и Феи,S (7-14 см),Полистоун,розовый,премиум,Нет,Нет,0.04,0.0003,Китай,Италия
364,1314,"Елочная игрушка Лошадка-качалка Эрли 12 см, подвеска",450.0,/goods/elochnaya-igrushka-loshadka-kachalka-jerli-12-sm-podveska/,Символ года 2026,S (7-14 см),Акрил,золото,стандарт,Нет,Нет,0.06,0.0004,Китай,Россия
365,1321,"Набор елочных игрушек Собачки Сакура и Азуми 10 см, 2 шт",3540.0,/goods/nabor-elochnyh-igrushek-sobachki-sakura-i-azumi-10-sm-2-sht-podveska/,Животные,S (7-14 см),Полистоун,разноцветные,премиум,Да,Нет,0.23,0.0015,Китай,Бельгия
366,1324,Стеклянная елочная игрушка Улитка Бетти 8 см оранжевая,1210.0,/goods/steklyannaya-elochnaya-igrushka-ulitka-betti-8-sm-oranzhevaya-podveska/,"Бабочки, Жучки",S (7-14 см),Стекло,шоколадный / коричневый,премиум,Нет,Нет,0.03,0.0002,Китай,Нидерланды
367,1335,"Искусственные розы для декора Lallita 18 см, 7 шт, алые",235.0,/goods/sluzhebnyj-nabor-dlya-deleniya-na-31149/,Цветы,M (15-30 см),Пенополистирол,красный / бордовый,стандарт,Да,Нет,0.11,0.0037,Китай,Нидерланды
368,1344,"Деревянная елочная игрушка Машинка Пикап 14 см, подвеска",720.0,/goods/derevyannaya-elochnaya-igrushka-mashinka-pikap-14-sm-podveska/,"Паровозы, машинки",S (7-14 см),Дерево,кремовый / светлое дерево,премиум,Нет,Нет,0.07,0.0006,Китай,Германия
369,1348,"Набор деревянных елочных игрушек Лошадка-Качалка 11 см, 4 шт, подвеска",1140.0,/goods/derevyannaya-yolochnaya-igrushka-loshadka-kachalka-vintazhnaya-11-sm-podveska/,Символ года 2026,S (7-14 см),Дерево,белый,стандарт,Да,Нет,0.07,0.0006,Китай,Германия
371,1368,Новогодний бант Серебряный Стиль - Глянцевый 15*11 см,340.0,/goods/novogodnij-bant-serebryanyj-stil-glyancevyj-15-sm/,Банты на елку,M (15-30 см),Текстиль,серебро,стандарт,Нет,Нет,0.02,0.0009,Китай,Нидерланды
372,1369,"Набор стеклянных елочных игрушек Сердечки - Olive Wreath 9 см, 4 шт",960.0,/goods/nabor-steklyannyh-elochnyh-igrushek-serdechki---olive-wreath-9-sm-4-sht/,Сердечки,S (7-14 см),Стекло,зеленый,стандарт,Да,Нет,0.2,0.0017,Китай,Нидерланды
373,1371,"Стеклянная елочная игрушка Яйцо - Dessert Capucines 12 см, подвеска",3440.0,/goods/steklyannaya-elochnaya-igrushka-yajco---dessert-capucines-12-sm-podveska/,"Яйца, медальоны",S (7-14 см),Стекло,красный / бордовый,премиум,Нет,Нет,0.1,0.0018,Китай,Нидерланды
374,1372,"Стеклянная елочная игрушка Санта на грибочке 16 см, подвеска",600.0,/goods/steklyannaya-elochnaya-igrushka-santa-na-gribochke-16-sm-podveska/,"Дед Мороз, Снегурочка и Снеговик",M (15-30 см),Стекло,красный / бордовый,стандарт,Нет,Нет,0.04,0.0012,Китай,Нидерланды
375,1373,"Елочная игрушка Добрый Санта в грибной шапочке 11 см, подвеска",1380.0,/goods/elochnaya-igrushka-dobryj-santa-v-gribnoj-shapochke-11-sm-podveska/,"Дед Мороз, Снегурочка и Снеговик",S (7-14 см),Полистоун,красный / бордовый,премиум,Нет,Нет,0.11,0.0005,Китай,Бельгия
376,1374,"Елочная игрушка Чудесный Санта - Mushroom Elves 9 см, подвеска",3200.0,/goods/elochnaya-igrushka-chudesnyj-santa---mushroom-elves-9-sm-podveska/,"Дед Мороз, Снегурочка и Снеговик",S (7-14 см),Полистоун,красный / бордовый,премиум,Нет,Нет,0.06,0.0005,Филиппины,Бельгия
377,1375,"Елочная игрушка Славный Санта в грибной шапочке 11 см, подвеска",1380.0,/goods/elochnaya-igrushka-slavnyj-santa-v-gribnoj-shapochke-11-sm-podveska/,"Дед Мороз, Снегурочка и Снеговик",S (7-14 см),Полистоун,красный / бордовый,премиум,Нет,Нет,0.11,0.0005,Китай,Бельгия
378,1377,"Набор елочных игрушек Феи - Rose Di Capodanno 12 см, 3 шт, подвеска",2820.0,/goods/nabor-elochnyh-igrushek-fei---rose-di-capodanno-12-sm-3-sht-podveska/,Ангелы и Феи,S (7-14 см),Полистоун,розовый,премиум,Да,Нет,0.42,0.0036,Китай,Италия
379,1380,"Елочная игрушка Эльф Бенни на лошадке 11 см, подвеска",1180.0,/goods/elochnaya-igrushka-jelf-benni-na-loshadke-11-sm-podveska/,Символ года 2026,S (7-14 см),Полистоун,красный / бордовый,премиум,Нет,Нет,0.11,0.0005,Китай,Италия
380,1381,"Елочная игрушка Бык Элиот - Рождественская сказка 8 см, подвеска",220.0,/goods/elochnaya-igrushka-byk-jeliot-rozhdestvenskaya-skazka-8-sm-podveska/,Животные,S (7-14 см),Полистоун,шоколадный / коричневый,эконом,Нет,Нет,0.08,0.0002,Китай,Россия
381,1383,"Стеклянная елочная игрушка Динозавр Брахиозавр - Рождество Юрского периода 10 см, подвеска",1880.0,/goods/steklyannaya-elochnaya-igrushka-dinozavr-brahiozavr---rozhdestvo-yurskogo-perioda-10-sm-podveska/,Животные,S (7-14 см),Стекло,зеленый,премиум,Нет,Нет,0.11,0.0012,Китай,Нидерланды
382,1397,Декоративная ветка Ла Вилла Котта 87 см белая,1100.0,/goods/dekorativnaya-vetka-la-villa-kotta-87-sm-belaya/,Цветы,XXL (81 см и более),Текстиль,белый,премиум,Нет,Нет,0.04,0.0026,Китай,Нидерланды
383,1403,Коллекционная кукла Мечтающий Эльф Перегрин из Страны Грез 51 см,36480.0,/goods/kollekcionnaya-kukla-mechtayushhij-jelf-peregrin-iz-strany-grez-51-sm/,Гномы и Эльфы,XL (51-80 см),Текстиль,белый,премиум,Нет,Нет,0.99,0.0137,Китай,США
384,1404,"Елочная игрушка Сказочный Санта - Mushroom Elves 9 см, подвеска",3200.0,/goods/elochnaya-igrushka-skazochnyj-santa---mushroom-elves-9-sm-podveska/,"Дед Мороз, Снегурочка и Снеговик",S (7-14 см),Полистоун,красный / бордовый,премиум,Нет,Нет,0.06,0.0005,Филиппины,Бельгия
385,1411,"Елочная игрушка Снеговичок Ларри в красном 13 см, подвеска",350.0,/goods/elochnaya-igrushka-snegovichok-larri-v-krasnom-13-sm-podveska/,"Дед Мороз, Снегурочка и Снеговик",S (7-14 см),Текстиль,красный / бордовый,стандарт,Нет,Нет,0.06,0.0002,Китай,Нидерланды
386,1414,"Светящаяся елочная игрушка Санта со Звездой 10 см на батарейке, RGB, подвеска",550.0,/goods/svetyashheesya-ukrashenie-santa-so-zvezdoj-10-sm-1-rgb-svetodiod-batarejki-podveska/,"Дед Мороз, Снегурочка и Снеговик",S (7-14 см),Пластик,разноцветные,стандарт,Нет,Да,0.09,0.0017,Китай,Россия
387,1415,"Набор елочных игрушек Сказочные Птички 13 см, 3 шт, подвеска",1980.0,/goods/nabor-elochnyh-igrushek-skazochnye-ptichki-13-sm-3-sht-podveska/,Птицы,S (7-14 см),Текстиль,шоколадный / коричневый,стандарт,Да,Нет,0.17,0.0009,Китай,Нидерланды
389,1418,"Кукла на елку Фея-Танцовщица Николетт - Балет Ривенделла, 30 см, подвеска",1310.0,/goods/kukla-na-elku-feya-tancovshhica-nikolett-balet-rivendella-30-sm-podveska/,Ангелы и Феи,M (15-30 см),Текстиль,красный / бордовый,стандарт,Нет,Нет,0.11,0.0027,Китай,Нидерланды
390,1420,"Набор стеклянных елочных игрушек Warm Glow 4-5 см, 12 шт, подвеска",490.0,/goods/nabor-steklyannyh-elochnyh-igrushek-warm-glow-4-5-sm-12-sht-podveska/,Стеклянные игрушки,XS (до 6 см),Стекло,золото,стандарт,Да,Нет,0.04,0.0006,Китай,Россия
391,1429,Бант Весеннее Настроение 11*15 см нежная клетка,250.0,/goods/bant-vesennee-nastroenie-11x15-sm-yarkaya-kletka/,Банты на елку,M (15-30 см),Текстиль,зеленый,стандарт,Нет,Нет,0.06,0.0007,Китай,Нидерланды
392,1433,"Стеклянная елочная игрушка - медальон Снегирь 80 мм, золотая, подвеска",370.0,/goods/steklyannaya-elochnaya-igrushka-medalon-snegir-80-mm-zolotaya-podveska/,"Яйца, медальоны",S (7-14 см),Стекло,красный / бордовый,стандарт,Нет,Нет,0.04,0.0009,Россия,Россия
393,1434,"Набор елочных игрушек Добрый Санта и друзья - Christmas Tarte Normande 10 см, 3 шт, подвеска",2640.0,/goods/nabor-elochnyh-igrushek-dobryj-santa-i-druzya---christmas-tarte-normande-10-sm-3-sht-podveska/,"Дед Мороз, Снегурочка и Снеговик",S (7-14 см),Полистоун,красный / бордовый,премиум,Да,Нет,0.53,0.0024,Китай,Италия
394,1435,"Елочная игрушка Снеговик 16 см, подвеска",360.0,/goods/elochnaya-igrushka-snegovik-v-mehovom-kolpake-16-sm-podveska/,"Дед Мороз, Снегурочка и Снеговик",M (15-30 см),Текстиль,белый,стандарт,Нет,Нет,0.07,0.0009,Китай,Нидерланды
397,1440,Елочная игрушка Пегас Эмбер - Лориэнский Лес 13 см терракотовая,1810.0,/goods/elochnaya-igrushka-edinorog-jember---lorijenskij-les-13-sm-terrakotovaya-podveska/,Животные,S (7-14 см),Полистоун,бирюзовый,премиум,Нет,Нет,0.07,0.0006,Китай,Нидерланды
398,1444,"Елочная игрушка Олень Джеральд 11 см, подвеска",960.0,/goods/elochnaya-igrushka-olen-dzherald-11-sm-podveska/,Животные,S (7-14 см),Акрил,шоколадный / коричневый,премиум,Нет,Нет,0.03,0.0003,Китай,Нидерланды
399,1445,Стеклянная елочная игрушка Олень Люсьен 13 см,1140.0,/goods/steklyannaya-elochnaya-igrushka-olen-lyusen-13-sm-podveska/,Животные,S (7-14 см),Стекло,желтый / оранжевый,премиум,Нет,Нет,0.09,0.0006,Китай,Италия
400,1451,"Набор елочных игрушек Sweet Houses 9 см, 2 шт, подвеска",1120.0,/goods/nabor-elochnyh-igrushek-sweet-houses-9-sm-2-sht-podveska/,Домики,S (7-14 см),Полистоун,кремовый / светлое дерево,стандарт,Да,Нет,0.11,0.0004,Китай,Нидерланды
401,1455,"Елочная игрушка Christmas Bakery - Олень 9 см, подвеска",340.0,/goods/elochnaya-igrushka-christmas-bakery-olen-9-sm-podveska/,Животные,S (7-14 см),Керамика / Фарфор,желтый / оранжевый,стандарт,Нет,Нет,0.04,0.0002,Китай,Нидерланды
402,1456,"Набор елочных игрушек Cinnamon&Ginger 9 см, 4 шт",1240.0,/goods/nabor-elochnyh-igrushek-cinnamonginger-9-sm-4-sht/,Снежинки,S (7-14 см),Керамика / Фарфор,шоколадный / коричневый,стандарт,Да,Нет,0.29,0.0011,Китай,Нидерланды
403,1465,"Набор декоративных подвесок Гербарий - Momento Primaverile 10 см, 8 шт, подвеска",3340.0,/goods/nabor-elochnyh-igrushek-suhocvety---momento-primaverile-10-sm-8-sht-podveska/,"Растения, Листья",S (7-14 см),Акрил,кремовый / светлое дерево,премиум,Да,Нет,0.26,0.0009,Китай,Нидерланды
404,1467,"Елочная игрушка Эльфийка Джулс - Помощница Санты 10 см, подвеска",2620.0,/goods/elochnaya-igrushka-jelfijka-dzhuls---pomoshhnica-santy-10-sm-podveska/,Гномы и Эльфы,S (7-14 см),Полистоун,красный / бордовый,премиум,Нет,Нет,0.08,0.0004,Китай,Бельгия
405,1468,"Елочная игрушка Балерина Жюлиетт 13 см в голубом платье, подвеска",530.0,/goods/elochnaya-igrushka-balerina-zhyuliett-13-sm-v-golubom-plate-podveska/,Балет,S (7-14 см),Акрил,синий / голубой,стандарт,Нет,Нет,0.02,0.0002,Китай,Россия
406,1473,"Елочная игрушка Дедушка Санта с деревцем 12 см, пластик, подвеска",410.0,/goods/elochnaya-igrushka-dedushka-santa-s-derevcem-12-sm-podveska/,"Дед Мороз, Снегурочка и Снеговик",S (7-14 см),Пластик,кремовый / светлое дерево,стандарт,Нет,Нет,0.02,0.0005,Китай,Нидерланды
407,1474,"Деревянная ёлочная игрушка Снеговик и птичка 6 см, подвеска",260.0,/goods/derevyannaya-yolochnaya-igrushka-snegovik-i-ptichka-6-sm-podveska/,"Дед Мороз, Снегурочка и Снеговик",XS (до 6 см),Дерево,белый,стандарт,Нет,Нет,0.01,0.0001,Китай,Германия
408,1479,"Елочная игрушка Бабочка Марриотт 12 см, клипса",200.0,/goods/elochnaya-igrushka-babochka-marriott-12-sm-klipsa/,"Бабочки, Жучки",S (7-14 см),Текстиль,розовый,эконом,Нет,Нет,0.02,0.0006,Китай,Италия
411,1483,"Елочная игрушка Ангел Клаудия - Хранитель сновидений 15 см, подвеска",950.0,/goods/elochnaya-igrushka-angel-klaudiya-hranitel-snovidenij-15-sm-podveska/,Ангелы и Феи,M (15-30 см),Текстиль,розовый,стандарт,Нет,Нет,0.02,0.0013,Китай,Италия
412,1485,"Набор деревянных елочных игрушек Рождественские забавы, белый, 12 шт, подвеска",990.0,/goods/nabor-derevyannyh-elochnyh-igrushek-belye-chelovechki-12-sht-podveska/,Деревянные игрушки,XS (до 6 см),Дерево,кремовый / светлое дерево,стандарт,Да,Нет,0.18,0.0014,Китай,Нидерланды
413,1492,"Набор стеклянных елочных игрушек Звезды 4.5 см голубой туман mix, 12 шт",460.0,/goods/nabor-steklyannyh-elochnyh-igrushek-zvezdy-45-sm-goluboj-tuman-mix-12-sht-podveska/,Звездочки,XS (до 6 см),Стекло,синий / голубой,стандарт,Да,Нет,0.07,0.0006,Китай,Нидерланды
414,1494,Елочное украшение Колокольчики серебряные,580.0,/goods/elochnoe-ukrashenie-kolokolchiki-20-sm-serebro-podveska/,Колокольчики,M (15-30 см),Пластик,серебро,эконом,Нет,Нет,0.08,0.0034,Китай,Россия
415,1495,Бант на елку Bella Olive: Звезды 15*11 см,360.0,/goods/bant-na-elku-bella-olive-zvezdy-15-sm/,Банты на елку,M (15-30 см),Текстиль,зеленый,стандарт,Нет,Нет,0.02,0.0004,Китай,Нидерланды
416,1496,"Набор стеклянных елочных игрушек Сердце Монплезира 4.5 см золотой mix, 12 шт",470.0,/goods/nabor-steklyannyh-elochnyh-igrushek-serdce-monplezira-45-sm-zolotoj-mix-12-sht-podveska/,Сердечки,XS (до 6 см),Стекло,золото,стандарт,Да,Нет,0.04,0.0005,Китай,Россия
417,1499,"Стеклянная елочная игрушка Санта Клаус на санях 10 см, подвеска",3510.0,/goods/steklyannaya-elochnaya-igrushka-santa-klaus-na-sanyah-10-sm-podveska/,"Дед Мороз, Снегурочка и Снеговик",S (7-14 см),Стекло,синий / голубой,премиум,Нет,Нет,0.12,0.002,Китай,Нидерланды
418,1500,"Елочная игрушка Санта с пряничным тортиком - Белобородый Сластена 9 см, подвеска",980.0,/goods/elochnaya-igrushka-santa-s-pryanichnym-tortikom---beloborodyj-slastena-9-sm-podveska/,"Дед Мороз, Снегурочка и Снеговик",S (7-14 см),Полистоун,разноцветные,стандарт,Нет,Нет,0.06,0.0002,Китай,Бельгия
419,1502,"Ёлочная игрушка Фея-балерина Фантазия 11 см, подвеска",1610.0,/goods/yolochnaya-igrushka-feya-balerina-fantaziya-11-sm-podveska/,Ангелы и Феи,S (7-14 см),Полистоун,белый,премиум,Нет,Нет,0.02,0.0003,Китай,Нидерланды
420,1503,"Елочная игрушка Корова Фрекен Булл 10 см с рождественским венком, подвеска",660.0,/goods/elochnaya-igrushka-korova-freken-bull-10-sm-s-rozhdestvenskim-venkom-podveska/,Животные,S (7-14 см),Полистоун,разноцветные,стандарт,Нет,Нет,0.07,0.0001,Китай,Нидерланды
421,1504,"Стеклянная елочная игрушка Жираф с детенышем 11 см, подвеска",2360.0,/goods/steklyannaya-elochnaya-igrushka-zhiraf-s-detenyshem-podveska/,Животные,S (7-14 см),Стекло,желтый / оранжевый,премиум,Нет,Нет,0.06,0.0008,Китай,Нидерланды
422,1505,"Стеклянная елочная игрушка Динозавр Анри: Mesozoico 11 см, подвеска",1660.0,/goods/steklyannaya-elochnaya-igrushka-dinozavr-anri-mesozoico-11-sm-podveska/,Животные,S (7-14 см),Стекло,желтый / оранжевый,премиум,Нет,Нет,0.03,0.0004,Китай,Нидерланды
423,1507,Стеклянная елочная игрушка Котенок Грей - Лучший подарок 13 см,1840.0,/goods/steklyannaya-elochnaya-igrushka-kotenok-grej---luchshij-podarok-13-sm-podveska/,Животные,S (7-14 см),Стекло,серый,премиум,Нет,Нет,0.03,0.0005,Китай,Нидерланды
424,1508,Коллекционная кукла Кот Гитарист - The Royal Musketeer 53 см,43100.0,/goods/kollekcionnaya-kukla-kot-gitarist---the-royal-musketeer-53-sm/,Животные,XL (51-80 см),Текстиль,синий / голубой,премиум,Нет,Нет,2.09,0.0218,Китай,США
425,1509,Елочная игрушка Мышка Мэри 9 см,1580.0,/goods/elochnaya-igrushka-myshka-mjeri-9-sm-podveska/,Животные,S (7-14 см),Полистоун,шоколадный / коричневый,премиум,Нет,Нет,0.1,0.0003,Китай,Нидерланды
426,1514,"Елочная игрушка Домик Авелин 13 см шампань, подвеска",410.0,/goods/elochnaya-igrushka-domik-avelin-13-sm-shampan-podveska/,Домики,S (7-14 см),Металл,шоколадный / коричневый,стандарт,Нет,Нет,0.07,0.0005,Китай,Нидерланды
427,1525,"Искусственная роза Karmelita 14 см фуксия, клипса",230.0,/goods/iskusstvennaya-roza-karmelita-14-sm-fuksiya-klipsa/,Цветы,S (7-14 см),Текстиль,розовый,стандарт,Нет,Нет,0.06,0.0004,Китай,Нидерланды
428,1527,"Искусственный цветок Sullbruny 29 см, клипса",600.0,/goods/iskusstvennyj-cvetok-sullbruny-29-sm-klipsa/,Пуансеттии,M (15-30 см),Текстиль,серый,стандарт,Нет,Нет,0.04,0.0017,Китай,Нидерланды
429,1528,Коллекционная кукла Счастливый Эльф Морган - North Pole 33 см,11770.0,/goods/kollekcionnaya-kukla-schastlivyj-jelf-morgan---north-pole-33-sm/,Гномы и Эльфы,L (31-50 см),Текстиль,фиолетовый,премиум,Нет,Нет,0.72,0.0085,Китай,США
430,1540,"Набор елочных игрушек Golden Insects 13 см, 3 шт, подвеска",1980.0,/goods/nabor-elochnyh-igrushek-golden-insects-13-sm-3-sht-podveska/,"Бабочки, Жучки",S (7-14 см),Текстиль,золото,стандарт,Да,Нет,0.06,0.0009,Китай,Нидерланды
433,1543,"Елочное украшение Бабочка Ажурная 12 см серебряная, клипса",360.0,/goods/elochnaya-igrushka-babochka-azhurnaya12-sm-serebro-podveska/,"Бабочки, Жучки",S (7-14 см),Акрил,серебро,стандарт,Нет,Нет,0.03,0.001,Китай,Россия
434,1544,"Елочные игрушки Желуди 4 см имбирно-коричневые, 12 шт, стекло",420.0,/goods/nabor-steklyannyh-elochnyh-igrushek-zheludi-4-sm-imbirno-korichnevye-12-sht/,Шишки и желуди,XS (до 6 см),Стекло,золото,стандарт,Да,Нет,0.08,0.0006,Китай,Нидерланды
435,1546,"Елочная игрушка Снежинка Arctic Lace 12 см, подвеска",580.0,/goods/elochnaya-igrushka-snezhinka-arctic-lace-12-sm-podveska/,Снежинки,S (7-14 см),Акрил,серебро,стандарт,Нет,Нет,0.03,0.0006,Китай,Нидерланды
436,1547,Коллекционная стеклянная елочная игрушка Olivia - Kings Jewel 21 см,12920.0,/goods/kollekcionnaya-steklyannaya-elochnaya-igrushka-olivia---kings-jewel-21-sm/,Изысканные подвески,M (15-30 см),Стекло,зеленый,премиум,Нет,Нет,0.29,0.0098,Китай,США
437,1548,Коллекционная стеклянная елочная игрушка Eirwen - Kings Jewel 21 см,14200.0,/goods/kollekcionnaya-steklyannaya-elochnaya-igrushka-eirwen---kings-jewel-21-sm/,Изысканные подвески,M (15-30 см),Стекло,белый,премиум,Нет,Нет,0.35,0.009,Китай,США
438,1550,"Стеклянная елочная игрушка Колокольчик Вензель 8 см вишневый, подвеска",760.0,/goods/steklyannaya-elochnaya-igrushka-kolokolchik-venzel-8-sm-vishnevyj-podveska/,Колокольчики,S (7-14 см),Стекло,розовый,стандарт,Нет,Нет,0.03,0.0003,Россия,Россия
439,1553,"Елочная игрушка Бант Алиони 16*10*6 см голубой, подвеска",420.0,/goods/elochnaya-igrushka-bant-alioni-goluboj-podveska/,Банты на елку,M (15-30 см),Акрил,синий / голубой,стандарт,Нет,Нет,0.11,0.0014,Китай,Нидерланды
440,1554,"Елочная игрушка Smooth Ombre: Сердце 9 см серебряное, подвеска",530.0,/goods/elochnaya-igrushka-smooth-ombre-serdce-9-sm-serebryanoe-podveska/,Сердечки,S (7-14 см),Пластик,серебро,премиум,Нет,Нет,0.07,0.0001,Китай,Нидерланды
441,1556,"Набор пасхальных украшений Pinky Easter 6 см, 6 шт, стекло",1720.0,/goods/nabor-pashalnyh-ukrashenij-pinky-easter-6-sm-6-sht-steklo/,"Яйца, медальоны",XS (до 6 см),Стекло,розовый,премиум,Да,Нет,0.11,0.0012,Китай,Бельгия
442,1558,Елочная игрушка Санта-Клаус с фонариком 13 см,2390.0,/goods/elochnaya-igrushka-santa-klaus-s-fonarikom-13-sm-podveska/,"Дед Мороз, Снегурочка и Снеговик",S (7-14 см),Полистоун,бирюзовый,стандарт,Нет,Нет,0.09,0.0006,Китай,Нидерланды
443,1559,Елочная игрушка Санта-Клаус с посохом 13 см,2390.0,/goods/elochnaya-igrushka-santa-klaus-s-posohom-13-sm-podveska/,"Дед Мороз, Снегурочка и Снеговик",S (7-14 см),Полистоун,бирюзовый,стандарт,Нет,Нет,0.09,0.0006,Китай,Нидерланды
444,1561,"Елочная игрушка Фея на мыльном пузыре 9 см, подвеска",1660.0,/goods/elochnaya-igrushka-feya-kameliya-na-mylnom-puzyre-9-sm-podveska/,Ангелы и Феи,S (7-14 см),Стекло,золото,премиум,Нет,Нет,0.02,0.0002,Китай,Бельгия
445,1563,"Елочная игрушка Олень Генрих - Musical Parade 13 см, подвеска",1300.0,/goods/elochnaya-igrushka-olen-genrih---musical-parade-13-sm-podveska/,Животные,S (7-14 см),Полистоун,красный / бордовый,премиум,Нет,Нет,0.02,0.0001,Китай,Бельгия
446,1564,"Винтажная елочная игрушка Лошадка-качалка 11 см, пластик",150.0,/goods/plastikovaya-elochnaya-igrushka-loshadka-kachalka-vintazhnaya-11-sm-podveska/,Символ года 2026,S (7-14 см),Пластик,разноцветные,эконом,Нет,Нет,0.06,0.0004,Китай,Россия
447,1567,"Стеклянная елочная игрушка Динозавр Стендаль: Mesozoico 11 см, подвеска",1660.0,/goods/steklyannaya-elochnaya-igrushka-dinozavr-stendal-mesozoico-11-sm-podveska/,Животные,S (7-14 см),Стекло,красный / бордовый,премиум,Нет,Нет,0.03,0.0004,Китай,Нидерланды
448,1569,Елочная игрушка Кот Рэгдолл на софе 9 см,1980.0,/goods/elochnaya-igrushka-kot-rjegdi-na-sofe-8-sm/,Животные,S (7-14 см),Полистоун,красный / бордовый,премиум,Нет,Нет,0.11,0.0005,Китай,Нидерланды
449,1579,"Искусственный цветок Магнолия Контемпора 22 см, клипса",550.0,/goods/iskusstvennyj-cvetok-magnoliya-kontempora-22-sm-klipsa/,Цветы,M (15-30 см),Текстиль,розовый,стандарт,Нет,Нет,0.07,0.0015,Китай,Нидерланды
450,1584,Коллекционная кукла Счастливый Эльф Морган - North Pole 46 см,21120.0,/goods/kollekcionnaya-kukla-schastlivyj-jelf-morgan---north-pole-46-sm/,Гномы и Эльфы,XL (51-80 см),Текстиль,красный / бордовый,премиум,Нет,Нет,1.32,0.014,Китай,США
451,1587,"Стеклянная елочная игрушка Автобус 4 см, подвеска",370.0,/goods/steklyannaya-elochnaya-igrushka-avtobus-4-sm-podveska/,"Паровозы, машинки",XS (до 6 см),Стекло,золото,стандарт,Нет,Нет,0.06,0.0002,Россия,Россия
452,1591,"Набор стеклянных елочных игрушек Собачки с Оксфорд-стрит 12 см, 2 шт",3840.0,/goods/nabor-steklyannyh-elochnyh-igrushek-sobachki-s-oksford-strit-12-sm-2-sht-podveska/,Животные,S (7-14 см),Стекло,желтый / оранжевый,премиум,Да,Нет,0.12,0.0032,Китай,Бельгия
453,1595,"Набор елочных игрушек Санта и Мишка Микаэль 10 см, 2 шт, подвеска",1960.0,/goods/nabor-elochnyh-igrushek-santa-i-mishka-mikajel-10-sm-2-sht-podveska/,"Дед Мороз, Снегурочка и Снеговик",S (7-14 см),Керамика / Фарфор,разноцветные,премиум,Да,Нет,0.22,0.0009,Китай,Италия
454,1596,"Декоративный подвесной светильник Воздушный Шар - Космо Gold 15 см, 6 теплых белых LED ламп, на батарейках",850.0,/goods/dekorativnyj-podvesnoj-svetilnik-vozdushnyj-shar-kosmo-gold-12-sm-6-teplyh-belyh-led-lamp-na-batarejkah/,Светящиеся игрушки,M (15-30 см),Пластик,золото,стандарт,Нет,Да,0.09,0.0025,Китай,Нидерланды
455,1597,"Набор елочных игрушек Forest Friends 13 см, 3 шт, подвеска",1980.0,/goods/nabor-elochnyh-igrushek-forest-friends-13-sm-3-sht-podveska/,Животные,S (7-14 см),Текстиль,шоколадный / коричневый,стандарт,Да,Нет,0.13,0.0009,Китай,Нидерланды
457,1600,"Елочная игрушка Стрекоза Эннолия 10 см, 2 шт, серебряная, подвеска",500.0,/goods/elochnaya-igrushka-strekoza-jennoliya-10-sm-2-sht-serebryanaya-podveska/,"Бабочки, Жучки",S (7-14 см),Акрил,серебро,стандарт,Да,Нет,0.08,0.0015,Китай,Нидерланды
458,1601,"Набор стеклянных елочных игрушек Christmas Mood: Arctic 5-8 см, 14 шт, уцененный",1400.0,/goods/nabor-steklyannyh-elochnyh-igrushek-christmas-mood-arctic-5-8-sm-16-sht-ucenennyj/,"Дед Мороз, Снегурочка и Снеговик",XS (до 6 см),Стекло,синий / голубой,стандарт,Да,Нет,0.28,0.0045,Китай,Нидерланды
459,1604,Елочная игрушка Снежинка Императорский кристалл 13 см с серебряной отделкой,640.0,/goods/elochnaya-igrushka-snezhinka-imperatorskij-kristall-13-sm-s-serebryanoj-otdelkoj-podveska/,Снежинки,S (7-14 см),Пластик,синий / голубой,стандарт,Нет,Нет,0.04,0.0004,Китай,Нидерланды
460,1606,Коллекционная стеклянная елочная игрушка Azuria - Kings Jewel 21 см,15500.0,/goods/kollekcionnaya-steklyannaya-elochnaya-igrushka-azuria---kings-jewel-21-sm/,Изысканные подвески,M (15-30 см),Стекло,синий / голубой,премиум,Нет,Нет,0.35,0.009,Китай,США
461,1608,"Елочная игрушка Шишка Alto - Горький Шоколад 8 см, 6 шт, пластик",480.0,/goods/plastikovaya-elochnaya-igrushka-shishka-elovaya-8-sm-korichnevaya-6-sht-podveska/,Шишки и желуди,S (7-14 см),Пластик,шоколадный / коричневый,стандарт,Да,Нет,0.09,0.0016,Китай,Россия
462,1612,"Украшение для уличной елки Бант Роскошный 40 см синий, эко-кожа",1540.0,/goods/bant-kozhanyj-roskoshnyj-40-sm-sinij/,Банты на елку,L (31-50 см),Эко-кожа,синий / голубой,стандарт,Нет,Нет,0.25,0.009,Россия,Россия
463,1613,"Декоративный бант Charette 13*12 см серебряный, 2 шт",240.0,/goods/dekorativnyj-bant-charette-13-sm-serebryanyj-2-sht/,Банты на елку,S (7-14 см),Текстиль,серебро,стандарт,Да,Нет,0.06,0.0018,Китай,Нидерланды
464,1616,"Набор елочных украшений Noralie 9 см, 4 шт, стекло",1580.0,/goods/nabor-elochnyh-ukrashenij-noralie-9-sm-4-sht-steklo/,"Яйца, медальоны",S (7-14 см),Стекло,кремовый / светлое дерево,премиум,Да,Нет,0.11,0.0034,Китай,Германия
465,1621,"Елочная игрушка Фея Альма - Королевство Золотых Кувшинок 14 см, подвеска",1660.0,/goods/elochnaya-igrushka-feya-alma---korolevstvo-zolotyh-kuvshinok-14-sm-podveska/,Ангелы и Феи,S (7-14 см),Полистоун,кремовый / светлое дерево,премиум,Нет,Нет,0.03,0.0006,Китай,Бельгия
467,1627,Декоративная прищепка Счастливая Свинка в шляпе с клевером 6*3 см,180.0,/goods/dekorativnaya-prishhepka-schastlivaya-svinka-v-shlyape-s-kleverom-6x3-sm/,Животные,XS (до 6 см),Полистоун,желтый / оранжевый,стандарт,Нет,Нет,0.02,0.0001,Китай,Германия
468,1635,"Елочная игрушка Дама на Монолыже 13 см, подвеска",450.0,/goods/elochnaya-igrushka-dama-na-ionolyzhe-35x55x13-sm-podveska/,Люди,S (7-14 см),Полистоун,розовый,стандарт,Нет,Нет,0.08,0.0004,Китай,Россия
469,1643,"Декоративный цветок Аделис 10 см, серебряный, 3 шт, клипса",290.0,/goods/dekorativnyj-cvetok-adelis-10-sm-serebryanyj-3-sht-klipsa/,Цветы,S (7-14 см),Пластик,серебро,эконом,Да,Нет,0.04,0.0017,Китай,Нидерланды
470,1647,"Елочная игрушка Эльф Реми - В гостях у Санты 14 см, подвеска",2350.0,/goods/elochnaya-igrushka-jelf-remi---v-gostyah-u-santy-14-sm-podveska/,Гномы и Эльфы,S (7-14 см),Полистоун,красный / бордовый,премиум,Нет,Нет,0.12,0.0005,Китай,Бельгия
471,1648,"Елочная игрушка Гном Макар и волшебная тыква 9 см, подвеска",1840.0,/goods/elochnaya-igrushka-gnom-makar-i-volshebnaya-tykva-9-sm-podveska/,Гномы и Эльфы,S (7-14 см),Полистоун,красный / бордовый,премиум,Нет,Нет,0.03,0.0002,Китай,Бельгия
472,1649,"Елочная игрушка Лягушка - Балерина Элисон 9 см, подвеска",2100.0,/goods/elochnaya-igrushka-lyagushka---balerina-jelison-9-sm-podveska/,Животные,S (7-14 см),Полистоун,зеленый,премиум,Нет,Нет,0.07,0.0007,Китай,Нидерланды
473,1655,Деревянная елочная игрушка Цирковая Лошадка - Сказочная история 15 см,430.0,/goods/derevyannaya-elochnaya-igrushka-cirkovaya-loshadka---skazochnaya-istoriya-15-sm/,Символ года 2026,M (15-30 см),Дерево,разноцветные,стандарт,Нет,Нет,0.02,0.0002,Россия,Россия
474,1658,"Светящаяся елочная игрушка Домик Нельмин 8 см зеленый, на батарейках, подвеска",320.0,/goods/svetyashhayasya-elochnaya-igrushka-domik-nelmin-8-sm-zelenyj-na-batarejkah-podveska/,Домики,S (7-14 см),Керамика / Фарфор,зеленый,стандарт,Нет,Да,0.11,0.0002,Китай,Нидерланды
475,1660,"Елочное украшение Бабочка 19 см, клипса",380.0,/goods/elochnoe-ukrashenie-babochka-domino-19-sm-klipsa/,"Бабочки, Жучки",M (15-30 см),Текстиль,шоколадный / коричневый,стандарт,Нет,Нет,0.02,0.0003,Китай,Нидерланды
477,1663,"Елочная игрушка Фея Онтария в сапфировых одеждах 20 см, подвеска",4040.0,/goods/elochnaya-igrushka-feya-ontariya-v-sapfirovyh-odezhdah-20-sm-podveska/,Ангелы и Феи,M (15-30 см),Полистоун,синий / голубой,премиум,Нет,Нет,0.15,0.0024,Таиланд,Нидерланды
478,1673,"Набор елочных игрушек Звезды 8 см янтарный 6 шт, подвеска",350.0,/goods/nabor-elochnyh-igrushek-zvezdy-8-sm-yantarnyj-6-sht-podveska/,Звездочки,S (7-14 см),Пластик,желтый / оранжевый,стандарт,Да,Нет,0.08,0.0006,Китай,Нидерланды
479,1674,"Елочная игрушка Колокольчик - Christmas Tree 14 см зеленый, подвеска",630.0,/goods/elochnaya-igrushka-kolokolchik---christmas-tree-14-sm-zelenyj-podveska/,Колокольчики,S (7-14 см),Металл,зеленый,стандарт,Нет,Нет,0.15,0.0024,Китай,Нидерланды
480,1675,"Елочная игрушка Doppiato Bells 12 см золотая, подвеска",820.0,/goods/elochnaya-igrushka-doppiato-bells-zolotaya-podveska/,Колокольчики,S (7-14 см),Пластик,золото,премиум,Нет,Нет,0.09,0.0003,Китай,Нидерланды
481,1676,"Елочная игрушка Бриллиантовая Гроздь 15 см розовая, подвеска",480.0,/goods/elochnaya-igrushka-brilyantovaya-grozd-15-sm-rozovyj/,Банты на елку,M (15-30 см),Акрил,розовый,стандарт,Нет,Нет,0.02,0.001,Китай,Россия
482,1679,"Стеклянная елочная игрушка Санта Клаус - Notte di Natale 18 см, подвеска",8270.0,/goods/steklyannaya-elochnaya-igrushka-santa-klaus---notte-di-natale-18-sm-podveska/,"Дед Мороз, Снегурочка и Снеговик",M (15-30 см),Стекло,красный / бордовый,премиум,Нет,Нет,0.28,0.0056,Китай,Нидерланды
483,1682,"Елочная игрушка Снеговик Ноксвилл - Ледяное царство 9 см, подвеска",1380.0,/goods/elochnaya-igrushka-snegovik-noksvill---ledyanoe-carstvo-9-sm-podveska/,"Дед Мороз, Снегурочка и Снеговик",S (7-14 см),Полистоун,белый,премиум,Нет,Нет,0.09,0.0003,Китай,Бельгия
484,1683,Ёлочная игрушка Нидерландская Ёлочка 7 см,260.0,/goods/yolochnaya-igrushka-niderlandskaya-yolochka-7-sm-podveska/,Елочки,S (7-14 см),Полистоун,зеленый,стандарт,Нет,Нет,0.02,0.0001,Китай,Германия
485,1685,"Елочная игрушка Фея Джорджиана - Balletto Della Bella Diva 18 см, подвеска",1810.0,/goods/elochnaya-igrushka-feya-dzhordzhiana---balletto-della-bella-diva-18-sm-podveska/,Ангелы и Феи,M (15-30 см),Полистоун,золото,премиум,Нет,Нет,0.03,0.0008,Китай,Бельгия
486,1686,"Стеклянная елочная игрушка Динозавр Трицератопс - Рождество Юрского периода 10 см, подвеска",1880.0,/goods/steklyannaya-elochnaya-igrushka-dinozavr-triceratops---rozhdestvo-yurskogo-perioda-10-sm-podveska/,Животные,S (7-14 см),Стекло,кремовый / светлое дерево,премиум,Нет,Нет,0.11,0.0012,Китай,Нидерланды
487,1690,"Стеклянная елочная игрушка Vallo Serra - Опоссум Тим 14 см, подвеска",2380.0,/goods/steklyannaya-elochnaya-igrushka-vallo-serra---opossum-tim-podveska/,Животные,S (7-14 см),Стекло,серый,премиум,Нет,Нет,0.06,0.0006,Китай,Нидерланды
488,1694,Елочная игрушка Сова Фиби - Mushroom Masquerade 10 см,2940.0,/goods/elochnaya-igrushka-sova-fibi---mushroom-masquerade-10-sm/,Птицы,S (7-14 см),Полистоун,шоколадный / коричневый,премиум,Нет,Нет,0.04,0.0004,Филиппины,Бельгия
489,1696,Елочная игрушка Герда - Датская сказка 14 см,710.0,/goods/elochnaya-igrushka-devochka-gerda---datskaya-skazka-14-sm-podveska/,Персонажи сказок,S (7-14 см),Полистоун,разноцветные,стандарт,Нет,Нет,0.11,0.0009,Китай,Нидерланды
490,1703,Искусственный цветок Орхидея Jacqueline 77 см,690.0,/goods/iskusstvennyj-cvetok-orhideya-jacqueline-77-sm/,Цветы,XL (51-80 см),Полиэстер,розовый,стандарт,Нет,Нет,0.03,0.0055,Китай,Нидерланды
491,1704,Искусственная ветка Магнолия Azura 91 см розовая,1730.0,/goods/iskusstvennaya-vetka-magnoliya-azura-91-sm-rozovaya/,Цветы,XXL (81 см и более),Текстиль,розовый,премиум,Нет,Нет,0.1,0.0243,Китай,Италия
492,1708,Коллекционная кукла Эльф Пери - Spicy Spices 28 см,12960.0,/goods/kollekcionnaya-kukla-jelf-peri---spicy-spices-28-sm/,Гномы и Эльфы,M (15-30 см),Текстиль,кремовый / светлое дерево,премиум,Нет,Нет,0.35,0.0041,Китай,США
493,1709,"Елочная игрушка Эльф Эруано - Firry Forest 13 см, подвеска",770.0,/goods/elochnaya-igrushka-jelf-jeruano---firry-forest-13-sm-podveska/,Гномы и Эльфы,S (7-14 см),Полистоун,синий / голубой,стандарт,Нет,Нет,0.15,0.0006,Китай,Нидерланды
494,1710,Елочная игрушка Мышка Балерина Беттина - Winter Baroque 13 см,3180.0,/goods/elochnaya-igrushka-myshka-balerina-bettina---winter-baroque-13-sm/,Животные,S (7-14 см),Полистоун,кремовый / светлое дерево,премиум,Нет,Нет,0.04,0.0004,Филиппины,Бельгия
495,1716,Бант на елку с пайетками розовый,440.0,/goods/bant-na-elku-s-pajetkami-30x26-sm-rozovyj/,Банты на елку,M (15-30 см),Текстиль,розовый,стандарт,Нет,Нет,0.04,0.0015,Китай,Нидерланды
496,1720,"Елочная игрушка Снежинка - Королевский цветок 10 см, подвеска",590.0,/goods/elochnaya-igrushka-snezhinka-korolevskij-cvetok-10-sm-podveska/,Снежинки,S (7-14 см),Акрил,прозрачный,стандарт,Нет,Нет,0.04,0.0006,Китай,Россия
497,1725,"Елочная игрушка Снежинка - Ледяная Рапсодия 13 см прозрачная с золотым, подвеска",580.0,/goods/elochnaya-igrushka-snezhinka-ledyanaya-rapsodiya-13-sm-prozrachnaya-s-zolotym-podveska/,Снежинки,S (7-14 см),Акрил,золото,стандарт,Нет,Нет,0.07,0.0002,Китай,Россия
498,1730,"Набор колокольчиков Sonnette Луговой Зеленый 8 см, 2 шт, стекло",720.0,/goods/nabor-kolokolchikov-sonnette-lugovoj-zelenyj-8-sm-2-sht-steklo-podveska/,Колокольчики,S (7-14 см),Стекло,зеленый,стандарт,Да,Нет,0.11,0.0015,Китай,Нидерланды
499,1733,"Подвесное украшение Lovely Time 12 см, 2 шт, стекло",1980.0,/goods/podvesnoe-ukrashenie-lovely-time-12-sm-2-sht-steklo/,"Яйца, медальоны",S (7-14 см),Стекло,розовый,премиум,Да,Нет,0.11,0.0036,Китай,Бельгия
500,1738,Елочная игрушка Королева Фей Розель - Лориэнский Лес 13 см терракотовая,2410.0,/goods/elochnaya-igrushka-koroleva-fej-rozel---lorijenskij-les-13-sm-terrakotovaya-podveska/,Ангелы и Феи,S (7-14 см),Полистоун,шоколадный / коричневый,премиум,Нет,Нет,0.12,0.0006,Китай,Нидерланды
501,1739,"Елочная игрушка Корова Эвелин 6 см в рождественском колпаке, подвеска",180.0,/goods/elochnaya-igrushka-korova-jevelin-6-sm-v-rozhdestvenskom-kolpake-podveska/,Животные,XS (до 6 см),Керамика / Фарфор,белый,эконом,Нет,Нет,0.04,0.0002,Китай,Россия
502,1741,Стеклянная елочная игрушка Мечты Палеонтолога - Апатозавр 12 см,2270.0,/goods/steklyannaya-elochnaya-igrushka-mechty-paleontologa---apatozavr-12-sm-podveska/,Животные,S (7-14 см),Стекло,шоколадный / коричневый,премиум,Нет,Нет,0.02,0.0005,Китай,Нидерланды
503,1743,Елочная игрушка Кот - Модник белый 11 см,1650.0,/goods/elochnaya-igrushka-kot-modnik-belyj-11-sm-podveska/,Животные,S (7-14 см),Полистоун,красный / бордовый,премиум,Нет,Нет,0.07,0.0003,Китай,Нидерланды
504,1744,Елочная игрушка Кот Мейн-кун на софе 9 см,1980.0,/goods/elochnaya-igrushka-kot-majni-na-sofe-8-sm/,Животные,S (7-14 см),Полистоун,красный / бордовый,премиум,Нет,Нет,0.11,0.0005,Китай,Нидерланды
505,1745,Елочная игрушка Мышонок Джонни с грибом 9 см,1830.0,/goods/elochnaya-igrushka-myshonok-dzhonni-s-gribom-9-sm-podveska/,Животные,S (7-14 см),Полистоун,шоколадный / коричневый,премиум,Нет,Нет,0.12,0.0004,Китай,Нидерланды
506,1750,Стеклянная елочная игрушка Счастливого Рождества! 10 см,1970.0,/goods/steklyannaya-elochnaya-igrushka-schastlivogo-rozhdestva-10-sm-podveska/,Персонажи сказок,S (7-14 см),Стекло,разноцветные,премиум,Нет,Нет,0.07,0.0014,Китай,Нидерланды
507,1755,Декоративная ветка Манстед Вуд 87 см,1490.0,/goods/dekorativnaya-vetka-mansted-vud-87-sm/,Цветы,XXL (81 см и более),Текстиль,красный / бордовый,премиум,Нет,Нет,0.07,0.0054,Китай,Нидерланды
508,1756,Искусственный цветок Орхидея Queen Victoria 71 см,900.0,/goods/iskusstvennyj-cvetok-orhideya-queen-victoria-71-sm/,Цветы,XL (51-80 см),Полиэстер,розовый,стандарт,Нет,Нет,0.03,0.0048,Китай,Нидерланды
509,1757,"Искусственные розы для декора Lallita 2 см, 12 шт, алые",130.0,/goods/sluzhebnyj-nabor-dlya-deleniya-31109/,Цветы,XS (до 6 см),Пенополистирол,красный / бордовый,стандарт,Да,Нет,0.02,0.001,Китай,Нидерланды
510,1758,"Искусственная роза Mascaret 9 см, 2 шт, дымчатая, клипса",330.0,/goods/iskusstvennaya-roza-mascaret-9-sm-2-sht-dymchataya-klipsa/,Цветы,S (7-14 см),Текстиль,серый,стандарт,Да,Нет,0.06,0.001,Китай,Нидерланды
511,1759,"Роза Дейрона Snowy 12 см белая, клипса",380.0,/goods/roza-dejrona-snowy-18-sm-belaya-klipsa/,Цветы,S (7-14 см),Текстиль,белый,стандарт,Нет,Нет,0.02,0.0022,Китай,Нидерланды
512,1760,"Елочная игрушка Ажурная Пуансеттия 12 см красная с золотым, подвеска",370.0,/goods/elochnaya-igrushka-azhurnaya-puansettiya-12-sm-krasnaya-s-zolotym-podveska/,Пуансеттии,S (7-14 см),Акрил,красный / бордовый,стандарт,Нет,Нет,0.07,0.0005,Китай,Россия
513,1762,"Стеклянная елочная игрушка Гном Отто Фридрих - Мулен де ла Галетт 15 см, подвеска",1760.0,/goods/steklyannaya-elochnaya-igrushka-gnom-otto-fridrih---mulen-de-la-galett-15-sm-podveska/,Персонажи сказок,M (15-30 см),Стекло,розовый,премиум,Нет,Нет,0.07,0.0008,Китай,Италия
514,1773,"Елочная игрушка Бабочка Сильфина - Эквадорское Чудо 16 см, розовая, клипса",380.0,/goods/elochnaya-igrushka-babochka-silfina-jekvadorskoe-chudo-16-sm-rozovaya-klipsa/,"Бабочки, Жучки",M (15-30 см),Текстиль,розовый,стандарт,Нет,Нет,0.02,0.0005,Китай,Италия
515,1774,"Елочная игрушка Птичка Вивиана - Краски Валенсии 16 см фуксия, клипса",610.0,/goods/elochnaya-igrushka-ptichka-viviana---kraski-valensii-16-sm-fuksiya-klipsa/,Птицы,M (15-30 см),Текстиль,розовый,стандарт,Нет,Нет,0.01,0.0007,Китай,Нидерланды
516,1776,"Набор елочных украшений Valdorros 15 см, 2 шт, подвеска",800.0,/goods/nabor-elochnyh-ukrashenij-valdorros-15-sm-2-sht-podveska/,Игрушки на елку из бисера,M (15-30 см),Текстиль,шоколадный / коричневый,премиум,Да,Нет,0.66,0.0005,Китай,Нидерланды
518,1782,Елочная игрушка Снежинка Эйр - Секреты Скандинавии 12 см,710.0,/goods/elochnaya-igrushka-snezhinka-jejr-sekrety-skandinavii-12-sm-podveska/,Снежинки,S (7-14 см),Акрил,золото,стандарт,Нет,Нет,0.06,0.0003,Китай,Россия
519,1784,"Набор стеклянных елочных игрушек Сосульки Ozerain 20 см фисташковый, 8 шт, подвеска",11840.0,/goods/nabor-steklyannyh-elochnyh-igrushek-sosulki-ozerain-20-sm-fistashkovyj-8-sht-podveska/,Изысканные подвески,M (15-30 см),Стекло,зеленый,стандарт,Да,Нет,0.9,0.0127,Китай,Нидерланды
520,1785,"Елочная игрушка Кисть Адалькюр 15 см ванильная, подвеска",550.0,/goods/elochnaya-igrushka-kist-adalkyur-15-sm-vanilnaya-podveska/,Изысканные подвески,M (15-30 см),Текстиль,золото,стандарт,Нет,Нет,0.06,0.0002,Индия,Италия
521,1788,Елочное украшение Колокольчики 12 см золото,720.0,/goods/elochnoe-ukrashenie-kolokolchiki-12-sm-zoloto-podveska/,Колокольчики,S (7-14 см),Пластик,золото,эконом,Нет,Нет,0.07,0.0056,Китай,Россия
522,1789,"Украшение для уличной елки Бант Роскошный 40 см серебро, эко-кожа",1540.0,/goods/bant-kozhanyj-roskoshnyj-40-sm-serebro/,Банты на елку,L (31-50 см),Эко-кожа,серебро,стандарт,Нет,Нет,0.25,0.009,Россия,Россия
523,1790,Новогодний бант Серебряный Стиль - Матовый 15*11 см,340.0,/goods/novogodnij-bant-serebryanyj-stil-matovyj-15-sm/,Банты на елку,M (15-30 см),Текстиль,серебро,стандарт,Нет,Нет,0.02,0.0009,Китай,Нидерланды
524,1791,"Набор стеклянных елочных игрушек Сердечки - Pink Dreams 9 см, 4 шт",960.0,/goods/nabor-steklyannyh-elochnyh-igrushek-serdechki---pink-dreams-9-sm-4-sht/,Сердечки,S (7-14 см),Стекло,розовый,стандарт,Да,Нет,0.2,0.0017,Китай,Нидерланды
525,1792,"Подвесное украшение Spring Flower 12 см, стекло",990.0,/goods/podvesnoe-ukrashenie-spring-flower-12-sm-steklo/,"Яйца, медальоны",S (7-14 см),Стекло,белый,премиум,Нет,Нет,0.02,0.0009,Китай,Бельгия
526,1793,"Стеклянная ёлочная игрушка Дед Мороз - Дымковский Орнамент 12 см, подвеска",700.0,/goods/steklyannaya-yolochnaya-igrushka-ded-moroz---dymkovskij-ornament-12-sm-podveska/,"Дед Мороз, Снегурочка и Снеговик",S (7-14 см),Стекло,белый,стандарт,Нет,Нет,0.04,0.0008,Россия,Россия
527,1794,"Елочная игрушка Снеговичок с Птичкой - Rustic Winter 8 см, подвеска",1690.0,/goods/elochnaya-igrushka-snegovichok-s-ptichkoj---rustic-winter-8-sm-podveska/,"Дед Мороз, Снегурочка и Снеговик",S (7-14 см),Полистоун,кремовый / светлое дерево,стандарт,Нет,Нет,0.07,0.0003,Китай,Нидерланды
528,1795,"Елочная игрушка Санта с елочкой: Berceuse 13 см, подвеска",2310.0,/goods/elochnaya-igrushka-santa-s-elochkoj-berceuse-13-sm-podveska/,"Дед Мороз, Снегурочка и Снеговик",S (7-14 см),Полистоун,золото,премиум,Нет,Нет,0.18,0.0006,Китай,Нидерланды
529,1801,"Елочная игрушка Корова Триша Булл 10 см в шапочке с рожками, подвеска",1000.0,/goods/elochnaya-igrushka-korova-trisha-bull-10-sm-v-shapochke-s-rozhkami-podveska/,Животные,S (7-14 см),Полистоун,черный,премиум,Нет,Нет,0.07,0.0001,Китай,Нидерланды
530,1802,"Набор елочных игрушек Золотое Сафари, 3 шт, пластик, подвеска",1080.0,/goods/nabor-plastikovyh-elochnyh-igrushek-zolotoe-safari-3-sht-podveska/,Животные,M (15-30 см),Пластик,золото,стандарт,Да,Нет,0.13,0.0019,Китай,Нидерланды
531,1803,"Елочная игрушка Динозавр Греко: Mesozoico 14 см, подвеска",1130.0,/goods/elochnaya-igrushka-dinozavr-greko-mesozoico-14-sm-podveska/,Животные,S (7-14 см),Пластик,шоколадный / коричневый,премиум,Нет,Нет,0.06,0.0004,Китай,Нидерланды
532,1806,"Стеклянная елочная игрушка Птичка Невеличка - Мулен де ла Галетт 11 см, подвеска",1320.0,/goods/steklyannaya-elochnaya-igrushka-ptichka-nevelichka---mulen-de-la-galett-11-sm-podveska/,Птицы,S (7-14 см),Стекло,кремовый / светлое дерево,премиум,Нет,Нет,0.07,0.0006,Китай,Италия
533,1809,Деревянная елочная игрушка Пряничка - Пряничные Истории 10 см,200.0,/goods/derevyannaya-elochnaya-igrushka-pryanichka---pryanichnye-istorii-10-sm/,"Пряники, конфеты, сладости",S (7-14 см),Дерево,кремовый / светлое дерево,стандарт,Нет,Нет,0.01,0.0001,Россия,Россия
534,1813,Искусственная ветка Гранат - Royal Prosperity 69 см,3110.0,/goods/iskusstvennaya-vetka-granat---royal-prosperity-69-sm/,"Фрукты, овощи",XL (51-80 см),Пенополистирол,красный / бордовый,стандарт,Нет,Нет,0.15,0.0092,Таиланд,Россия
535,1814,"Искусственный цветок Магнолия Vercelli Argento 23 см, клипса",270.0,/goods/iskusstvennyj-cvetok-magnoliya-vercelli-argento-23-sm-klipsa/,Цветы,M (15-30 см),Текстиль,серебро,стандарт,Нет,Нет,0.02,0.0015,Китай,Нидерланды
536,1816,Искусственная роза Evening Star: Champagne 48 см,750.0,/goods/iskusstvennaya-roza-evening-star-champagne-48-sm/,Цветы,L (31-50 см),Текстиль,золото,премиум,Нет,Нет,0.07,0.0124,Китай,Италия
537,1817,Искусственный цветок Paisley Oro Biano 23 см,1580.0,/goods/iskusstvennyj-cvetok-paisley-oro-biano-23-sm/,Цветы,M (15-30 см),Текстиль,кремовый / светлое дерево,премиум,Нет,Нет,0.04,0.0033,Таиланд,Россия
538,1818,"Елочная игрушка Цветок Azmary le Bruno 29 см, подвеска",1630.0,/goods/elochnaya-igrushka-cvetok-azmary-le-bruno-29-sm-podveska/,Цветы,M (15-30 см),Текстиль,розовый,премиум,Нет,Нет,0.02,0.0006,Таиланд,Бельгия
539,1821,"Елочная игрушка Эльф Вейлр - Ville de Elfique 8 см, подвеска",700.0,/goods/elochnaya-igrushka-jelf-vejlr---ville-de-elfique-8-sm-podveska/,Гномы и Эльфы,S (7-14 см),Полистоун,белый,стандарт,Нет,Нет,0.11,0.0004,Китай,Нидерланды
540,1822,Коллекционная кукла Эльф Эленандар - Пикник в Парке 28 см,11680.0,/goods/kollekcionnaya-kukla-jelf-jelenandar---piknik-v-parke-28-sm/,Гномы и Эльфы,M (15-30 см),Текстиль,зеленый,премиум,Нет,Нет,0.31,0.0042,Китай,США
541,1825,"Елочная игрушка Паровозик - Рождественский экспресс 12 см, подвеска",750.0,/goods/elochnaya-igrushka-parovozik---rozhdestvenskij-jekspress-12-sm-podveska/,"Паровозы, машинки",S (7-14 см),Пластик,серый,стандарт,Нет,Нет,0.06,0.0003,Китай,Нидерланды
542,1830,"Светящаяся елочная игрушка Рождественская фигурка - Санта со Звездой 9 см на батарейке, подвеска",430.0,/goods/svetyashheesya-ukrashenie-rozhdestvenskaya-figurka-santa-so-zvezdoj-92-sm-podveska-batarejki/,"Дед Мороз, Снегурочка и Снеговик",S (7-14 см),Акрил,фиолетовый,стандарт,Нет,Да,0.09,0.0004,Китай,Нидерланды
544,1834,"Елочная игрушка Колибри Уитни 10 см, подвеска",720.0,/goods/elochnaya-igrushka-kolibri-uitni-podveska/,Птицы,S (7-14 см),Акрил,розовый,премиум,Нет,Нет,0.03,0.0013,Китай,Нидерланды
545,1840,Елочная подвеска Шахерезада 13 см золотая,540.0,/goods/elochnaya-podveska-shaherezada-13-sm-zoloto/,Изысканные подвески,S (7-14 см),Металл,золото,стандарт,Нет,Нет,0.04,0.0003,Китай,Россия
546,1843,"Набор елочных игрушек Звезды 8 см рождественский зеленый, 6 шт, подвеска",350.0,/goods/nabor-elochnyh-igrushek-zvezdy-8-sm-rozhdestvenskij-zelenyj-6-sht-podveska/,Звездочки,S (7-14 см),Пластик,зеленый,стандарт,Да,Нет,0.07,0.0008,Китай,Нидерланды
547,1844,"Набор колокольчиков Sonnette Каштановый 8 см, 2 шт, стекло",720.0,/goods/nabor-kolokolchikov-sonnette-kashtanovyj-8-sm-2-sht-steklo-podveska/,Колокольчики,S (7-14 см),Стекло,шоколадный / коричневый,стандарт,Да,Нет,0.09,0.0015,Китай,Нидерланды
548,1845,"Декоративный бант Splendente 25*21 см, серебряный",440.0,/goods/bant-na-elku-s-pajetkami-25x21-sm-serebryanyj/,Банты на елку,M (15-30 см),Текстиль,серебро,стандарт,Нет,Нет,0.02,0.001,Китай,Нидерланды
549,1846,Бант на елку Gravata серебряный,290.0,/goods/dekorativnyj-bant-gravata-13-sm-serebryanyj-2-sht/,Банты на елку,S (7-14 см),Текстиль,серебро,стандарт,Да,Нет,0.07,0.0012,Китай,Нидерланды
550,1848,"Подвесное украшение Pink Flower 12 см, стекло",990.0,/goods/podvesnoe-ukrashenie-pink-flower-12-sm-steklo/,"Яйца, медальоны",S (7-14 см),Стекло,розовый,премиум,Нет,Нет,0.02,0.0009,Китай,Бельгия
551,1849,"Подвесное украшение Светлая Пасха 9 см, стекло",450.0,/goods/podvesnoe-ukrashenie-svetlaya-pasha-9-sm-steklo/,"Яйца, медальоны",S (7-14 см),Стекло,белый,премиум,Нет,Нет,0.06,0.0006,Китай,Бельгия
552,1852,"Елочная игрушка Дед Мороз с венком: Berceuse 13 см, подвеска",2310.0,/goods/elochnaya-igrushka-santa-s-venkom-berceuse-13-sm-podveska/,"Дед Мороз, Снегурочка и Снеговик",S (7-14 см),Полистоун,золото,премиум,Нет,Нет,0.21,0.0006,Китай,Нидерланды
553,1856,Елочная игрушка Кот Саванна - Christmas Cats 11 см,1840.0,/goods/elochnaya-igrushka-kot-savanna---christmas-cats-11-sm-podveska/,Животные,S (7-14 см),Пластик,серый,премиум,Нет,Нет,0.04,0.0006,Китай,Нидерланды
554,1857,Елочная игрушка Ежик Донни в жилетке 8 см,1590.0,/goods/elochnaya-igrushka-ezhik-donni-v-zhiletke-8-sm-podveska/,Животные,S (7-14 см),Полистоун,шоколадный / коричневый,премиум,Нет,Нет,0.11,0.0002,Китай,Нидерланды
555,1858,Стеклянная елочная игрушка Олень Бернард с бельчонком 10 см,990.0,/goods/steklyannaya-elochnaya-igrushka-olen-bernard-s-belchonkom-10-sm-podveska/,Животные,S (7-14 см),Стекло,шоколадный / коричневый,стандарт,Нет,Нет,0.04,0.0007,Китай,Нидерланды
556,1862,Декоративная прищепка Счастливая Свинка с подковой 6*3 см,180.0,/goods/dekorativnaya-prishhepka-schastlivaya-svinka-s-podkovoj-6x3-sm/,Животные,XS (до 6 см),Полистоун,желтый / оранжевый,стандарт,Нет,Нет,0.02,0.0001,Китай,Германия
557,1867,Деревянная елочная игрушка Домик - Пряничные Истории 10 см,200.0,/goods/derevyannaya-elochnaya-igrushka-domik---pryanichnye-istorii-10-sm/,Домики,S (7-14 см),Дерево,кремовый / светлое дерево,стандарт,Нет,Нет,0.01,0.0001,Россия,Россия
558,1872,Искусственная роза Evening Star: Caramella 48 см,850.0,/goods/iskusstvennaya-roza-evening-star-caramella-48-sm/,Цветы,L (31-50 см),Текстиль,золото,премиум,Нет,Нет,0.04,0.0077,Китай,Италия
559,1874,Искусственная ветка Sibilla 70 см красная,850.0,/goods/iskusstvennaya-vetka-sibilla-70-sm-krasnaya/,Цветы,XL (51-80 см),Текстиль,красный / бордовый,премиум,Нет,Нет,0.03,0.0059,Китай,Италия
560,1875,Искусственная роза Гранде Аморе 58 см,1150.0,/goods/iskusstvennaya-roza-grande-amore-58-sm/,Цветы,XL (51-80 см),Текстиль,красный / бордовый,премиум,Нет,Нет,0.44,0.0122,Китай,Италия
561,1876,Ветка Магнолии светло-розовая 45 см,380.0,/goods/vetka-magnolii-svetlo-rozovaya-45-sm/,Цветы,L (31-50 см),Текстиль,розовый,стандарт,Нет,Нет,0.03,0.0045,Китай,Нидерланды
562,1879,"Набор стеклянных елочных игрушек Эльфы - Loyal Friends 15 см, 3 шт, подвеска",4860.0,/goods/nabor-steklyannyh-elochnyh-igrushek-jelfy---loyal-friends-15-sm-3-sht-podveska/,Персонажи сказок,M (15-30 см),Стекло,белый,премиум,Да,Нет,0.29,0.0103,Китай,Италия
563,1880,Коллекционная кукла Эльф Фирелли - Праздничное Бельканто 27 см,13220.0,/goods/kollekcionnaya-kukla-jelf-firelli---prazdnichnoe-belkanto-27-sm/,Гномы и Эльфы,M (15-30 см),Текстиль,розовый,премиум,Нет,Нет,0.35,0.0041,Китай,США
564,1883,"Елочная игрушка Паровозик из Сноуленда 13 см, подвеска",1320.0,/goods/elochnaya-igrushka-parovozik-iz-snoulenda-13-sm-podveska/,"Паровозы, машинки",S (7-14 см),Акрил,белый,стандарт,Нет,Нет,0.13,0.0007,Китай,Россия
565,1888,"Елочная игрушка Снеговик Джерри - Snow Party 22 см, подвеска",1450.0,/goods/elochnaya-igrushka-snegovik-dzherri---snow-party-22-sm-podveska/,"Дед Мороз, Снегурочка и Снеговик",M (15-30 см),Текстиль,белый,премиум,Нет,Нет,0.15,0.0018,Китай,Нидерланды
566,1889,"Кукла на елку Фея - Балерина Джорджина 24 см, подвеска",950.0,/goods/kukla-na-elku-feya-balerina-dzhordzhina-24-sm-podveska/,Ангелы и Феи,M (15-30 см),Текстиль,красный / бордовый,стандарт,Нет,Нет,0.02,0.0017,Китай,Италия
567,1893,"Набор елочных игрушек Ильзе и Грета - Фигуристки Полной Луны 12 см, 2 шт, подвеска",720.0,/goods/nabor-elochnyh-igrushek-ilze-i-greta---figuristki-polnoj-luny-12-sm-2-sht-podveska/,Игрушки из акрила,S (7-14 см),Акрил,розовый,стандарт,Да,Нет,0.07,0.0006,Китай,Россия
568,1895,"Набор стеклянных елочных игрушек Шишки 6 см рождественский зеленый mix, 12 шт",470.0,/goods/nabor-steklyannyh-elochnyh-igrushek-shishki-6-sm-rozhdestvenskij-zelenyj-mix-12-sht-podveska/,Шишки и желуди,XS (до 6 см),Стекло,зеленый,стандарт,Да,Нет,0.07,0.0006,Китай,Россия
569,1903,"Елочная игрушка Колокольчик - Winter Wishes 14 см красный, подвеска",630.0,/goods/elochnaya-igrushka-kolokolchik---winter-wishes-14-sm-krasnyj-podveska/,Колокольчики,S (7-14 см),Металл,красный / бордовый,стандарт,Нет,Нет,0.15,0.0024,Китай,Нидерланды
570,1906,"Бант кожаный ""Элегантный"", золото",960.0,/goods/bant-kozhanyj-jelegantnyj-30-sm-zoloto/,Банты на елку,M (15-30 см),Эко-кожа,золото,стандарт,Нет,Нет,0.12,0.005,Россия,Россия
571,1912,"Стеклянная елочная игрушка Санта с котиком 19 см, подвеска",4430.0,/goods/steklyannaya-elochnaya-igrushka-santa-s-kotikom-19-sm-podveska/,"Дед Мороз, Снегурочка и Снеговик",M (15-30 см),Стекло,красный / бордовый,премиум,Нет,Нет,0.13,0.0013,Китай,Бельгия
572,1913,"Набор елочных игрушек Елочки - Pan de Jengibre 9 см, 3 шт, подвеска",960.0,/goods/nabor-elochnyh-igrushek-elochki---pan-de-jengibre-9-sm-3-sht-podveska/,Елочки,S (7-14 см),Керамика / Фарфор,кремовый / светлое дерево,стандарт,Да,Нет,0.22,0.0005,Китай,Нидерланды
573,1917,"Стеклянная елочная игрушка Мечты Палеонтолога - Стегозавр 12 см, подвеска",2270.0,/goods/steklyannaya-elochnaya-igrushka-mechty-paleontologa---stegozavr-12-sm-podveska/,Животные,S (7-14 см),Стекло,шоколадный / коричневый,премиум,Нет,Нет,0.02,0.0005,Китай,Нидерланды
574,1920,Стеклянная елочная игрушка Котенок Блэк - Лучший подарок 13 см,1840.0,/goods/steklyannaya-elochnaya-igrushka-kotenok-bljek---luchshij-podarok-13-sm-podveska/,Животные,S (7-14 см),Стекло,зеленый,премиум,Нет,Нет,0.03,0.0005,Китай,Нидерланды
575,1922,Елочная игрушка Олень Джефф 15 см,1100.0,/goods/elochnaya-igrushka-olen-dzheff-15-sm-podveska/,Животные,M (15-30 см),Акрил,шоколадный / коричневый,премиум,Нет,Нет,0.03,0.0003,Китай,Нидерланды
576,1925,"Стеклянная елочная игрушка Сова Розалинда 9 см, клипса",2160.0,/goods/steklyannaya-elochnaya-igrushka-sova-rozalinda-9-sm-klipsa/,Птицы,S (7-14 см),Стекло,шоколадный / коричневый,премиум,Нет,Нет,0.02,0.0002,Германия,Германия
577,1927,"Набор светящихся елочных игрушек Домики Лиллеберг 10 см, 4 шт, на батарейках, подвеска",600.0,/goods/nabor-svetyashhihsya-elochnyh-igrushek-domiki-lilleberg-10-sm-4-sht-na-batarejkah-podveska/,Домики,S (7-14 см),Дерево,кремовый / светлое дерево,стандарт,Да,Да,0.11,0.0009,Китай,Нидерланды
578,1937,Роза в Инее 45 см нежно-розовая,260.0,/goods/roza-s-ineem-nezhno-rozovaya-45-sm/,Цветы,L (31-50 см),Полиэстер,розовый,стандарт,Нет,Нет,0.06,0.0054,Китай,Нидерланды
579,1938,Искусственная ветка Moondream 90 см,670.0,/goods/iskusstvennaya-vetka-moondream-90-sm/,Цветы,XXL (81 см и более),Пластик,серый,стандарт,Нет,Нет,0.09,0.0052,Китай,Нидерланды
580,1944,"Елочная игрушка Бальное Платье Амели 14 см, подвеска",380.0,/goods/elochnaya-igrushka-balnoe-plate-ameli-14-sm-podveska/,Миниатюры,S (7-14 см),Акрил,золото,стандарт,Нет,Нет,0.09,0.0006,Китай,Россия
581,1945,"Елочная игрушка Ангелок с мандолиной 9 см, подвеска",1100.0,/goods/elochnaya-igrushka-angelok-s-mandolinoj-9-sm-podveska/,Ангелы и Феи,S (7-14 см),Пластик,золото,премиум,Нет,Нет,0.06,0.0003,Китай,Нидерланды
582,1950,"Елочная игрушка Балерина в цветочной пачке 15 см, подвеска",300.0,/goods/elochnaya-igrushka-balerina-v-cvetochnoj-pachke-15-sm-podveska/,Балет,M (15-30 см),Акрил,красный / бордовый,стандарт,Нет,Нет,0.02,0.0005,Китай,Россия
583,1952,"Набор стеклянных елочных игрушек Green Irish 4-5 см, 12 шт, подвеска",490.0,/goods/nabor-steklyannyh-elochnyh-igrushek-green-irish-4-5-sm-12-sht-podveska/,Стеклянные игрушки,XS (до 6 см),Стекло,зеленый,стандарт,Да,Нет,0.04,0.0009,Китай,Россия
584,1955,Елочная игрушка Снежинка - Первый снег в Стокгольме 7 см,310.0,/goods/elochnaya-igrushka-snezhinka-pervyj-sneg-v-stokgolme-7-sm-podveska/,Снежинки,S (7-14 см),Акрил,красный / бордовый,стандарт,Нет,Нет,0.06,0.0001,Китай,Россия
585,1959,"Елочные игрушки Желуди 4 см серебряные, 12 шт, стекло",460.0,/goods/nabor-steklyannyh-elochnyh-igrushek-zheludi-4-sm-serebryanye-12-sht/,Шишки и желуди,XS (до 6 см),Стекло,серебро,стандарт,Да,Нет,0.07,0.0006,Китай,Россия
586,1960,"Набор стеклянных елочных игрушек Звезды 4.5 см рождественский зеленый mix, 12 шт",460.0,/goods/nabor-steklyannyh-elochnyh-igrushek-zvezdy-45-sm-rozhdestvenskij-zelenyj-mix-12-sht-podveska/,Звездочки,XS (до 6 см),Стекло,зеленый,стандарт,Да,Нет,0.08,0.0006,Китай,Нидерланды
587,1961,Стеклянная елочная игрушка Колокольчик Веточка 9 см,920.0,/goods/steklyannaya-elochnaya-igrushka-kolokolchik-vetochka-9-sm/,Колокольчики,S (7-14 см),Стекло,красный / бордовый,стандарт,Нет,Нет,0.04,0.0016,Россия,Россия
588,1963,"Украшение для уличной елки Бант Роскошный 40 см красный, эко-кожа",1540.0,/goods/bant-kozhanyj-roskoshnyj-40-sm-krasnyj/,Банты на елку,L (31-50 см),Эко-кожа,красный / бордовый,стандарт,Нет,Нет,0.25,0.009,Россия,Россия
589,1964,"Елочная игрушка Бант - Золотистый Узелок 12 см, подвеска",470.0,/goods/elochnaya-igrushka-bant-zolotistyj-uzelok-12-sm-podveska/,Банты на елку,S (7-14 см),Акрил,золото,стандарт,Нет,Нет,0.04,0.0003,Китай,Россия
590,1965,"Елочное украшение Сердце Murcia Rojo 10 см, подвеска",560.0,/goods/elochnoe-ukrashenie-serdce-murcia-rojo-10-sm-podveska/,Сердечки,S (7-14 см),Текстиль,красный / бордовый,премиум,Нет,Нет,0.02,0.0009,Китай,Нидерланды
591,1968,"Стеклянная елочная игрушка Снеговик - Лесной любимец 13 см, подвеска",2330.0,/goods/steklyannaya-elochnaya-igrushka-snegovik---lesnoj-lyubimec-13-sm-podveska/,"Дед Мороз, Снегурочка и Снеговик",S (7-14 см),Стекло,белый,премиум,Нет,Нет,0.1,0.0018,Китай,Нидерланды
592,1969,Стеклянная елочная игрушка Дед Мороз - Волшебник из Абруццо 18 см,8270.0,/goods/steklyannaya-elochnaya-igrushka-santa-klaus---volshebnik-iz-abrucco-18-sm-podveska/,"Дед Мороз, Снегурочка и Снеговик",M (15-30 см),Стекло,красный / бордовый,премиум,Нет,Нет,0.22,0.0033,Китай,Нидерланды
593,1970,"Елочная игрушка Снежная Семья 12 см, пластик, подвеска",340.0,/goods/plastikovaya-elochnaya-igrushka-snezhnaya-semya-12-sm-podveska/,"Дед Мороз, Снегурочка и Снеговик",S (7-14 см),Пластик,серый,стандарт,Нет,Нет,0.04,0.0007,Китай,Нидерланды
595,1975,Декоративная прищепка Счастливая Свинка с клевером 6*3 см,180.0,/goods/dekorativnaya-prishhepka-schastlivaya-svinka-s-kleverom-6x3-sm/,Животные,XS (до 6 см),Полистоун,желтый / оранжевый,стандарт,Нет,Нет,0.02,0.0001,Китай,Германия
596,1976,"Стеклянная елочная игрушка Ленивец Морио 8 см, подвеска",1760.0,/goods/steklyannaya-elochnaya-igrushka-lenivec-morio-podveska/,Животные,S (7-14 см),Стекло,шоколадный / коричневый,премиум,Нет,Нет,0.06,0.0005,Китай,Нидерланды
597,1977,"Стеклянная елочная игрушка Динозавр Андре: Mesozoico 14 см, подвеска",1660.0,/goods/steklyannaya-elochnaya-igrushka-dinozavr-andre-mesozoico-14-sm-podveska/,Животные,S (7-14 см),Стекло,желтый / оранжевый,премиум,Нет,Нет,0.03,0.0004,Китай,Нидерланды
598,1980,Коллекционная кукла Кот Фехтовальщик - The Royal Musketeer 50 см,43100.0,/goods/kollekcionnaya-kukla-kot-fehtovalshhik---the-royal-musketeer-50-sm/,Животные,XL (51-80 см),Текстиль,зеленый,премиум,Нет,Нет,2.2,0.0212,Китай,США
599,1983,"Елочная игрушка Бабочка Тропическая 15 см, подвеска",830.0,/goods/elochnaya-igrushka-babochka-tropicheskaya-15-sm-podveska/,"Бабочки, Жучки",M (15-30 см),Акрил,синий / голубой,стандарт,Нет,Нет,0.14,0.0004,Китай,Россия
600,1984,"Стеклянная елочная игрушка Гриб - Домик лесной феи Клариссы 11 см, подвеска",830.0,/goods/steklyannaya-elochnaya-igrushka-grib---domik-lesnoj-fei-klarissy-11-sm-podveska/,Домики,S (7-14 см),Стекло,розовый,стандарт,Нет,Нет,0.08,0.0006,Китай,Нидерланды
602,1993,Искусственная ветка Аллиум 80 см,1550.0,/goods/iskusstvennaya-vetka-allium-80-sm/,Цветы,XL (51-80 см),Текстиль,фиолетовый,стандарт,Нет,Нет,0.11,0.0221,Китай,Нидерланды
603,1994,Искусственный цветок Орхидея Aphrodite 77 см,620.0,/goods/iskusstvennyj-cvetok-orhideya-aphrodite-77-sm/,Цветы,XL (51-80 см),Полиэстер,розовый,стандарт,Нет,Нет,0.03,0.0033,Китай,Нидерланды
604,1995,Искусственная Магнолия 25 см розовая,330.0,/goods/vetochka-cvetushhaya-magnoliya-25-sm-rozovaya/,Цветы,M (15-30 см),Текстиль,розовый,стандарт,Нет,Нет,0.03,0.0034,Гонконг,Нидерланды
605,1996,Тигровая искусственная орхидея 37 см,370.0,/goods/orhideya-krasnaya-37-sm/,Цветы,L (31-50 см),Текстиль,красный / бордовый,стандарт,Нет,Нет,0.04,0.0015,Китай,Нидерланды
606,1999,"Стеклянная елочная игрушка Гном с боровиками - Мулен де ла Галетт 15 см, подвеска",1760.0,/goods/steklyannaya-elochnaya-igrushka-gnom-s-borovikami---mulen-de-la-galett-15-sm-podveska/,Персонажи сказок,M (15-30 см),Стекло,синий / голубой,премиум,Нет,Нет,0.07,0.0008,Китай,Италия
607,2001,"Елочная игрушка Грибной Домик Муми-Тролля 10 см с окошечком и трубой, подвеска",1580.0,/goods/elochnaya-igrushka-gribnoj-domik-mumi-trollya-10-sm-s-okoshechkom-i-truboj-podveska/,Персонажи сказок,S (7-14 см),Полистоун,красный / бордовый,премиум,Нет,Нет,0.07,0.0003,Китай,Нидерланды
608,2007,"Деревянная елочная игрушка Сани Санты с подарками 18 см, подвеска",810.0,/goods/derevyannaya-elochnaya-igrushka-sani-santy-s-podarkami-18-sm-podveska/,Персонажи сказок,M (15-30 см),Дерево,красный / бордовый,стандарт,Нет,Нет,0.03,0.0003,Китай,Германия
609,2009,"Елочная игрушка Птичка Дамиано - Малиновый Жемчуг 18 см, клипса",550.0,/goods/elochnaya-igrushka-ptichka-damiano---malinovyj-zhemchug-18-sm-klipsa/,Птицы,M (15-30 см),Перья,розовый,стандарт,Нет,Нет,0.02,0.0002,Китай,Нидерланды
610,2010,"Елочная игрушка Ангелочек Миртл 16 см, подвеска",330.0,/goods/elochnaya-igrushka-angelochek-mirtl-16-sm-podveska/,Ангелы и Феи,M (15-30 см),Текстиль,розовый,стандарт,Нет,Нет,0.07,0.0001,Китай,Германия
611,2013,"Кукла на елку Фея-Танцовщица Эржебетт - Балет Ривенделла 30 см, подвеска",1310.0,/goods/kukla-na-elku-feya-tancovshhica-jerzhebett-balet-rivendella-30-sm-podveska/,Ангелы и Феи,M (15-30 см),Текстиль,шоколадный / коричневый,стандарт,Нет,Нет,0.11,0.0014,Китай,Нидерланды
612,2021,"Стеклянная елочная игрушка Гроздь сверкающих Шишек серебряная, подвеска",140.0,/goods/steklyannaya-elochnaya-igrushka-grozd-sverkayushhih-shishek-serebryanaya-podveska/,Шишки и желуди,XS (до 6 см),Стекло,серебро,стандарт,Нет,Нет,0.02,0.0001,Китай,Россия
613,2024,"Стеклянная елочная игрушка Колокольчик Красный 8.5 см, подвеска",640.0,/goods/steklyannaya-elochnaya-igrushka-kolokolchik-krasnyj-85-sm-podveska/,Колокольчики,S (7-14 см),Стекло,серебро,стандарт,Нет,Нет,0.06,0.0005,Россия,Россия
614,2025,"Бант на елку De Lamont, зеленый",270.0,/goods/bant-na-elku-de-lamont-28-sm-zelenyj/,Банты на елку,M (15-30 см),Текстиль,зеленый,стандарт,Нет,Нет,0.03,0.0017,Китай,Италия
615,2026,"Набор стеклянных елочных игрушек Сердце Монплезира 4.5 см синий бархат mix, 12 шт",560.0,/goods/nabor-steklyannyh-elochnyh-igrushek-serdce-monplezira-45-sm-sinij-barhat-mix-12-sht-podveska/,Сердечки,XS (до 6 см),Стекло,синий / голубой,стандарт,Да,Нет,0.04,0.0005,Китай,Нидерланды
616,2033,"Елочная игрушка Smooth Ombre: Елка Кюрмонт 14 см серебряная, подвеска",920.0,/goods/elochnaya-igrushka-smooth-ombre-elka-kyurmont-14-sm-serebryanaya-podveska/,Елочки,S (7-14 см),Пластик,золото,премиум,Нет,Нет,0.11,0.0002,Китай,Нидерланды
617,2034,Коллекционная кукла Фея Джорджия - Butterfly Girl 28 см,12960.0,/goods/kollekcionnaya-kukla-feya-dzhordzhiya---butterfly-girl-28-sm/,Ангелы и Феи,M (15-30 см),Текстиль,розовый,премиум,Нет,Нет,0.35,0.0042,Китай,США
618,2040,Декоративная прищепка Счастливая Свинка с мухоморчиком 6*3 см,180.0,/goods/dekorativnaya-prishhepka-schastlivaya-svinka-s-muhomorchikom-6x3-sm/,Животные,XS (до 6 см),Полистоун,желтый / оранжевый,стандарт,Нет,Нет,0.02,0.0001,Китай,Германия
619,2042,"Стеклянная елочная игрушка Мечты Палеонтолога - Тираннозавр 12 см, подвеска",2270.0,/goods/steklyannaya-elochnaya-igrushka-mechty-paleontologa---tirannozavr-12-sm-podveska/,Животные,S (7-14 см),Стекло,шоколадный / коричневый,премиум,Нет,Нет,0.02,0.0005,Китай,Нидерланды
620,2044,"Елочная игрушка Венок с Птицей Кардиналом 11 см, подвеска",340.0,/goods/elochnaya-igrushka-venok-s-pticej-kardinalom-11-sm-podveska/,Птицы,S (7-14 см),Акрил,красный / бордовый,стандарт,Нет,Нет,0.07,0.0004,Китай,Россия
621,2054,"Искусственные розы для декора Lallita 18 см, 7 шт, белые с золотым",240.0,/goods/sluzhebnyj-nabor-dlya-deleniya-na-31153/,Цветы,M (15-30 см),Пенополистирол,белый,стандарт,Нет,Нет,0.11,0.0037,Китай,Нидерланды
622,2055,Искусственная Магнолия Soie Blanche 114 см,1310.0,/goods/iskusstvennaya-magnoliya-soie-blanche-114-sm/,Цветы,XXL (81 см и более),Текстиль,белый,стандарт,Нет,Нет,0.11,0.0197,Китай,Нидерланды
623,2056,"Искусственные розы для декора Lallita 2 см, 12 шт, белые",160.0,/goods/sluzhebnyj-nabor-dlya-deleniya-na-31101/,Цветы,XS (до 6 см),Пенополистирол,белый,стандарт,Да,Нет,0.02,0.001,Китай,Нидерланды
624,2057,Искусственная Магнолия Adallia 70 см заснеженная,1490.0,/goods/iskusstvennaya-magnoliya-adallia-72-sm/,Цветы,XL (51-80 см),Текстиль,белый,премиум,Нет,Нет,0.04,0.0084,Китай,Бельгия
625,2058,"Роза Искристая 14 см сливовая, клипса",210.0,/goods/roza-iskristaya-14-sm-slivovaya-klipsa/,Цветы,S (7-14 см),Полиэстер,фиолетовый,стандарт,Нет,Нет,0.02,0.0017,Китай,Нидерланды
626,2060,"Набор стеклянных елочных игрушек Яйца - Waterstock 14 см, 4 шт",790.0,/goods/nabor-steklyannyh-elochnyh-igrushek-yajca---waterstock-14-sm-4-sht/,"Яйца, медальоны",S (7-14 см),Стекло,кремовый / светлое дерево,стандарт,Да,Нет,0.19,0.0026,Китай,Нидерланды
627,2061,"Елочная игрушка Мухоморчики Берёзовой Рощи 9 см, подвеска",890.0,/goods/elochnaya-igrushka-muhomorchiki-beryozovoj-roshhi-9-sm-podveska/,Грибы,S (7-14 см),Полистоун,красный / бордовый,премиум,Нет,Нет,0.07,0.0001,Китай,Бельгия
628,2062,"Елочная игрушка Балерина Падме - Perla Caprici Golde 17 см, подвеска",2100.0,/goods/elochnaya-igrushka-balerina-padme---perla-caprici-golde-17-sm-podveska/,Балет,M (15-30 см),Полистоун,шоколадный / коричневый,премиум,Нет,Нет,0.07,0.0007,Китай,Бельгия
629,2063,"Стеклянная елочная игрушка Спутник 10 см, золотая, подвеска",1250.0,/goods/steklyannaya-elochnaya-igrushka-sputnik-8-sm-zolotaya-podveska/,"Паровозы, машинки",S (7-14 см),Стекло,золото,стандарт,Нет,Нет,0.02,0.0003,Россия,Россия
630,2069,"Елочная игрушка Зонтик Леди Фонтейн 16 см сиреневый, подвеска",400.0,/goods/elochnaya-igrushka-zontik-ledi-fontejn-16-sm-sirenevyj-podveska/,Миниатюры,M (15-30 см),Текстиль,фиолетовый,стандарт,Нет,Нет,0.02,0.0005,Китай,Нидерланды
631,2070,"Декоративный бант Браони, бургунди",330.0,/goods/dekorativnyj-bant-braoni-29-sm-2-sht-burgundi/,Банты на елку,S (7-14 см),Текстиль,красный / бордовый,стандарт,Да,Нет,0.04,0.0009,Китай,Нидерланды
632,2074,"Елочная игрушка Снежинка - Кристальный Аккорд 13 см, подвеска",530.0,/goods/elochnaya-igrushka-snezhinka-kristalnyj-akkord-13-sm-podveska/,Снежинки,S (7-14 см),Акрил,золото,стандарт,Нет,Нет,0.04,0.0002,Китай,Россия
633,2084,"Украшение для уличной елки Бант Классический 27 см золотой, эко-кожа",1110.0,/goods/bant-kozhanyj-klassicheskij-30-sm-zoloto/,Банты на елку,M (15-30 см),Эко-кожа,золото,стандарт,Нет,Нет,0.13,0.005,Россия,Россия
634,2085,Бант на елку Rosa Lilla: Снежинки 15*11 см,360.0,/goods/bant-na-elku-rosa-lilla-snezhinki-15-sm/,Банты на елку,M (15-30 см),Текстиль,фиолетовый,стандарт,Нет,Нет,0.02,0.0004,Китай,Нидерланды
635,2087,"Елочная игрушка Дедушка Санта с подарками 13 см, пластик, подвеска",410.0,/goods/elochnaya-igrushka-dedushka-santa-s-podarkami-13-sm-podveska/,"Дед Мороз, Снегурочка и Снеговик",S (7-14 см),Пластик,кремовый / светлое дерево,стандарт,Нет,Нет,0.02,0.0005,Китай,Нидерланды
636,2088,"Стеклянная елочная игрушка Снежный Ангел 11 см, подвеска",1740.0,/goods/steklyannaya-elochnaya-igrushka-snezhnyj-angel-11-sm-podveska/,"Дед Мороз, Снегурочка и Снеговик",S (7-14 см),Стекло,синий / голубой,премиум,Нет,Нет,0.09,0.0012,Китай,Нидерланды
637,2089,"Стеклянная елочная игрушка Санта с колокольчиком - Мулен де ла Галетт 17 см, подвеска",1990.0,/goods/steklyannaya-elochnaya-igrushka-santa-s-kolokolchikom---mulen-de-la-galett-17-sm-podveska/,"Дед Мороз, Снегурочка и Снеговик",M (15-30 см),Стекло,кремовый / светлое дерево,премиум,Нет,Нет,0.11,0.0014,Китай,Италия
638,2090,"Елочная игрушка Снеговик на Лыжах - Comfort and Joy 10 см, подвеска",2100.0,/goods/elochnaya-igrushka-snegovik-na-lyzhah---comfort-and-joy-10-sm-podveska/,"Дед Мороз, Снегурочка и Снеговик",S (7-14 см),Полистоун,красный / бордовый,премиум,Нет,Нет,0.1,0.0006,Китай,Нидерланды
639,2095,"Стеклянная елочная игрушка Мадам Китти 17 см, подвеска",720.0,/goods/steklyannaya-elochnaya-igrushka-madam-kitti-v-belom-17-sm-podveska/,Животные,M (15-30 см),Стекло,кремовый / светлое дерево,премиум,Нет,Нет,0.09,0.0007,Китай,Нидерланды
640,2096,Елочная игрушка Американский Короткошерстный Кот 9 см,1980.0,/goods/elochnaya-igrushka-kot-tomas-na-sofe-8-sm/,Животные,S (7-14 см),Полистоун,красный / бордовый,премиум,Нет,Нет,0.11,0.0005,Китай,Нидерланды
641,2097,"Набор елочных игрушек Зверята-Поварята 9 см, 3 шт, подвеска",5480.0,/goods/nabor-elochnyh-igrushek-zveryata-povaryata-9-sm-3-sht-podveska/,Животные,S (7-14 см),Полистоун,шоколадный / коричневый,премиум,Да,Нет,0.33,0.0027,Китай,Нидерланды
642,2098,"Елочная игрушка Олень Вильмах - Заколдованный лес 15 см, подвеска",1520.0,/goods/elochnaya-igrushka-olen-vilmah---zakoldovannyj-les-15-sm-podveska/,Животные,M (15-30 см),Полистоун,золото,премиум,Нет,Нет,0.04,0.0003,Китай,Нидерланды
643,2099,"Елочная игрушка Олень Вэйлон - Янтарная Роща 14 см, подвеска",590.0,/goods/elochnaya-igrushka-olen-vjejlon---yantarnaya-roshha-14-sm-podveska/,Животные,S (7-14 см),Пластик,золото,стандарт,Нет,Нет,0.07,0.0002,Китай,Нидерланды
644,2101,"Набор пасхальных подвесок Курочки Коко 15 см, 4 шт",1400.0,/goods/nabor-pashalnyh-podvesok-kurochki-koko-15-sm-4-sht/,Птицы,M (15-30 см),Текстиль,кремовый / светлое дерево,стандарт,Да,Нет,0.06,0.0021,Китай,Германия
645,2111,"Искусственная роза Ивонн: Royal Piano 14 см, клипса",570.0,/goods/iskusstvennaya-roza-ivonn-royal-piano-14-sm-klipsa/,Цветы,S (7-14 см),Текстиль,фиолетовый,стандарт,Нет,Нет,0.02,0.0065,Китай,Нидерланды
646,2114,Декоративная ветка Ла Вилла Котта 87 см розовая,1490.0,/goods/dekorativnaya-vetka-la-villa-kotta-87-sm/,Цветы,XXL (81 см и более),Текстиль,розовый,премиум,Нет,Нет,0.07,0.0054,Китай,Нидерланды
647,2116,"Елочная игрушка Сумочка Эльфийки Галадриэль 9 см, зеленая, подвеска",1070.0,/goods/elochnaya-igrushka-sumochka-jelfijki-galadrijel-9-sm-zelenaya-podveska/,Гномы и Эльфы,S (7-14 см),Полистоун,зеленый,премиум,Нет,Нет,0.11,0.0004,Китай,Бельгия
648,2124,"Елочная игрушка Листик - Кленовая Роскошь 13 см 2 шт, подвеска",350.0,/goods/elochnaya-igrushka-listik-klenovaya-roskosh-13-sm-2-sht-podveska/,"Растения, Листья",S (7-14 см),Текстиль,красный / бордовый,стандарт,Да,Нет,0.03,0.0006,Китай,Нидерланды
649,2125,"Елочная игрушка Бабочка Венивердо 20 см красная, клипса",980.0,/goods/elochnaya-igrushka-babochka-veniverdo-20-sm-krasnaya-klipsa/,"Бабочки, Жучки",M (15-30 см),Текстиль,красный / бордовый,премиум,Нет,Нет,0.04,0.0008,Китай,Нидерланды
650,2126,"Светящаяся елочная игрушка Карамельный Домик-2 на батарейке 9 см коричневый, подвеска",620.0,/goods/elochnaya-igrushka-karamelnyj-domik-2-s-podsvetkoj-korichnevyj-9x6x6-sm-podveska-batarejka/,Домики,S (7-14 см),Полистоун,шоколадный / коричневый,стандарт,Нет,Да,0.11,0.0004,Китай,Россия
651,2128,"Кукла на елку Фея-Танцовщица Лаверн - Балет Ривенделла 30 см, подвеска",1310.0,/goods/kukla-na-elku-feya-tancovshhica-lavern-balet-rivendella-30-sm-podveska/,Ангелы и Феи,M (15-30 см),Текстиль,шоколадный / коричневый,стандарт,Нет,Нет,0.11,0.0014,Китай,Нидерланды
652,2138,Елочное украшение Колокольчики красные,580.0,/goods/elochnoe-ukrashenie-kolokolchiki-12-sm-krasnyj-podveska/,Колокольчики,S (7-14 см),Пластик,красный / бордовый,эконом,Нет,Нет,0.07,0.0056,Китай,Россия
653,2140,Бант на елку Rosa Lilla: Вензеля 15*11 см,360.0,/goods/bant-na-elku-rosa-lilla-venzelya-15-sm/,Банты на елку,M (15-30 см),Текстиль,фиолетовый,стандарт,Нет,Нет,0.02,0.0004,Китай,Нидерланды
654,2141,"Набор стеклянных елочных игрушек Сердечки - Sapfiro Sea 9 см, 4 шт, подвеска",960.0,/goods/nabor-steklyannyh-elochnyh-igrushek-serdechki---sapfiro-sea-9-sm-4-sht-podveska/,Сердечки,S (7-14 см),Стекло,синий / голубой,стандарт,Да,Нет,0.11,0.0017,Китай,Нидерланды
655,2142,"Светящаяся верхушка на елку Christmas Sleigh 74*35 см, с движением и музыкой, USB",4880.0,/goods/podvizhnaya-verhushka-na-elku-s-muzykoj-43x32/,"Дед Мороз, Снегурочка и Снеговик",XL (51-80 см),Пластик,красный / бордовый,стандарт,Нет,Да,0.88,0.0168,Китай,Нидерланды
656,2143,"Елочная игрушка Санта на Коньках - Comfort and Joy 13 см, подвеска",2200.0,/goods/elochnaya-igrushka-santa-na-konkah---comfort-and-joy-13-sm-podveska/,"Дед Мороз, Снегурочка и Снеговик",S (7-14 см),Полистоун,красный / бордовый,премиум,Нет,Нет,0.11,0.0007,Китай,Нидерланды
657,2147,"Елочная игрушка Фея Генрикия - Les Chantal 10 см, подвеска",1920.0,/goods/elochnaya-igrushka-feya-genrikiya---les-chantal-10-sm-podveska/,Ангелы и Феи,S (7-14 см),Полистоун,зеленый,премиум,Нет,Нет,0.04,0.0003,Китай,Италия
658,2151,"Елочная игрушка Динозавр Тибальт: Mesozoico 10 см, подвеска",1260.0,/goods/elochnaya-igrushka-dinozavr-tibalt-mesozoico-10-sm-podveska/,Животные,S (7-14 см),Пластик,шоколадный / коричневый,премиум,Нет,Нет,0.1,0.0005,Китай,Нидерланды
659,2153,Елочная игрушка Кот Табби - Christmas Cats 11 см,1840.0,/goods/elochnaya-igrushka-kot-tabbi---christmas-cats-11-sm-podveska/,Животные,S (7-14 см),Искусственный мех,желтый / оранжевый,премиум,Нет,Нет,0.04,0.0006,Китай,Нидерланды
660,2155,"Елочная игрушка Олень Ланселот из Шварцвальдского леса 18 см, подвеска",4570.0,/goods/elochnaya-igrushka-olen-lanselot-iz-shvarcvaldskogo-lesa-18-sm-podveska/,Животные,M (15-30 см),Полистоун,шоколадный / коричневый,премиум,Нет,Нет,0.15,0.0031,Филиппины,Бельгия
661,2159,"Елочная игрушка Домик Сканди 9 см розовый, подвеска",270.0,/goods/elochnaya-igrushka-domik-skandi-rozovyj-podveska/,Домики,S (7-14 см),Дерево,розовый,стандарт,Нет,Нет,0.02,0.0003,Китай,Нидерланды
662,2167,"Искусственная роза Ивонн: Skyline 14 см, клипса",570.0,/goods/iskusstvennaya-roza-ivonn-skyline-14-sm-klipsa/,Цветы,S (7-14 см),Текстиль,желтый / оранжевый,стандарт,Нет,Нет,0.02,0.0065,Китай,Нидерланды
663,2168,"Искусственный цветок из перьев Dafne 12 см желтый, клипса",360.0,/goods/iskusstvennyj-cvetok-iz-perev-dafne-12-sm-zheltyj-klipsa/,Цветы,S (7-14 см),Перья,желтый / оранжевый,стандарт,Нет,Нет,0.03,0.0007,Китай,Нидерланды
664,2171,Искусственный цветок Орхидея Queen Eloise 71 см,990.0,/goods/iskusstvennyj-cvetok-orhideya-queen-eloise-71-sm/,Цветы,XL (51-80 см),Полиэстер,желтый / оранжевый,стандарт,Нет,Нет,0.03,0.0042,Китай,Нидерланды
665,2175,"Новогодние прищепки Красные Мухоморчики 5 см, 4 шт",370.0,/goods/novogodnie-prishhepki-krasnye-muhomorchiki-5-sm-4-sht/,Грибы,XS (до 6 см),Дерево,красный / бордовый,стандарт,Да,Нет,0.04,0.0002,Китай,Германия
666,2181,"Декоративный светильник White Forest - Олень Джонатан 14 см, на батарейках",980.0,/goods/podvesnoj-novogodnij-svetilnik-snezhnyj-olen-14-sm-na-batarejkah-4-led-lampy/,Деревянные игрушки,S (7-14 см),Дерево,белый,стандарт,Нет,Да,0.1,0.0005,Китай,Нидерланды
667,2183,"Декоративный светильник Звезда Apeldoorn Story - Лесной домик 14 см, на батарейках",1150.0,/goods/dekorativnyj-svetilnik-zvezda-apeldoorn-story---lesnoj-domik-14-sm-na-batarejkah/,Звездочки,S (7-14 см),Дерево,кремовый / светлое дерево,стандарт,Нет,Да,0.09,0.0005,Китай,Нидерланды
668,2184,"Елочная игрушка Пегас 13 см серебряный с бирюзой, подвеска",380.0,/goods/elochnoe-ukrashenie-loshad-pegas-13-sm-serebro-s-biryuzoj-podveska/,Животные,S (7-14 см),Акрил,синий / голубой,стандарт,Нет,Нет,0.06,0.0008,Китай,Россия
669,2193,Бант на елку Жозеффа 23*22 см охра,360.0,/goods/bant-na-elku-zhozeffa-23-sm-ohra/,Банты на елку,M (15-30 см),Текстиль,желтый / оранжевый,стандарт,Нет,Нет,0.04,0.0007,Китай,Италия
670,2194,"Стеклянная ёлочная игрушка Дед Мороз - Добрый старец с севера 14 см, подвеска",960.0,/goods/steklyannaya-yolochnaya-igrushka-ded-moroz---dobryj-starec-s-severa-14-sm-podveska/,"Дед Мороз, Снегурочка и Снеговик",S (7-14 см),Стекло,красный / бордовый,стандарт,Нет,Нет,0.07,0.0011,Россия,Россия
671,2199,"Елочная игрушка Фея Эвридика на полумесяце 11 см, подвеска",1720.0,/goods/elochnaya-igrushka-feya-jevridika-na-polumesyace-11-sm-podveska/,Ангелы и Феи,S (7-14 см),Полистоун,золото,премиум,Нет,Нет,0.07,0.0002,Китай,Нидерланды
672,2200,"Елочная игрушка Олень Шон - Precious Gem 13 см, подвеска",1580.0,/goods/elochnaya-igrushka-olen-shon---precious-gem-13-sm-podveska/,Животные,S (7-14 см),Полистоун,красный / бордовый,премиум,Нет,Нет,0.02,0.0002,Китай,Бельгия
673,2203,"Елочная игрушка Бык Монти - Рождественская сказка 8 см, подвеска",220.0,/goods/elochnaya-igrushka-byk-monti-rozhdestvenskaya-skazka-8-sm-podveska/,Животные,S (7-14 см),Полистоун,белый,эконом,Нет,Нет,0.08,0.0002,Китай,Россия
674,2205,"Елочная игрушка Динозавр Солари: Mesozoico 10 см, подвеска",1260.0,/goods/elochnaya-igrushka-dinozavr-solari-mesozoico-10-sm-podveska/,Животные,S (7-14 см),Пластик,шоколадный / коричневый,премиум,Нет,Нет,0.1,0.0005,Китай,Нидерланды
675,2207,"Набор стеклянных елочных игрушек Королевские Гвардейцы 12 см, 2 шт, подвеска",1320.0,/goods/nabor-steklyannyh-elochnyh-igrushek-korolevskie-gvardejcy-12-sm-2-sht-podveska/,Животные,S (7-14 см),Стекло,красный / бордовый,стандарт,Да,Нет,0.07,0.0007,Китай,Нидерланды
676,2219,"Искусственный цветок Магнолия Grandiflora 27*12 см шампань, клипса",470.0,/goods/iskusstvennyj-cvetok-magnoliya-grandiflora-26-sm-shampan-klipsa/,Цветы,M (15-30 см),Текстиль,кремовый / светлое дерево,стандарт,Нет,Нет,0.11,0.0007,Китай,Россия
677,2222,"Искусственные розы для декора Lallita 2 см, 12 шт, нежно-розовые",130.0,/goods/sluzhebnyj-nabor-dlya-deleniya-31104/,Цветы,XS (до 6 см),Пенополистирол,розовый,стандарт,Да,Нет,0.02,0.001,Китай,Нидерланды
678,2223,Искусственная роза Аурелия 60 см розовый бархат,390.0,/goods/iskusstvennaya-roza-aureliya-60-sm-rozovyj-barhat/,Цветы,XL (51-80 см),Текстиль,розовый,стандарт,Нет,Нет,0.07,0.0035,Китай,Нидерланды
679,2224,Пуансеттия на стебле La Riva 56 см,2040.0,/goods/puansettiya-na-steble-la-riva-56-sm/,Пуансеттии,XL (51-80 см),Текстиль,синий / голубой,премиум,Нет,Нет,0.09,0.0096,Таиланд,Россия
680,2230,Стеклянная елочная игрушка Палитра Художника 8 см,1390.0,/goods/steklyannaya-elochnaya-igrushka-palitra-hudozhnika-8-sm-podveska/,Миниатюры,S (7-14 см),Стекло,разноцветные,премиум,Нет,Нет,0.02,0.0002,Китай,Нидерланды
681,2231,"Елочная игрушка Черепашка - Каникулы на пляже 8 см, подвеска",1150.0,/goods/elochnaya-igrushka-cherepashka-kanikuly-na-plyazhe-75-sm-podveska/,Морские обитатели,S (7-14 см),Керамика / Фарфор,зеленый,премиум,Нет,Нет,0.09,0.0005,Китай,Нидерланды
682,2233,Стеклянная елочная игрушка Зайка с малышом - Premier Noel 10 см белая,2020.0,/goods/steklyannaya-elochnaya-igrushka-zajka-s-malyshom---premier-noel-10-sm-belaya-podveska/,Животные,S (7-14 см),Стекло,кремовый / светлое дерево,премиум,Нет,Нет,0.06,0.0008,Китай,Бельгия
683,2237,"Набор стеклянных елочных игрушек Шишки 6 см бордовый mix, 12 шт",470.0,/goods/nabor-steklyannyh-elochnyh-igrushek-shishki-6-sm-bordovyj-mix-12-sht-podveska/,Шишки и желуди,XS (до 6 см),Стекло,красный / бордовый,стандарт,Да,Нет,0.03,0.0006,Китай,Россия
684,2239,Елочная игрушка Снежинка - Mystery Winter 12 см двусторонняя,550.0,/goods/elochnaya-igrushka-snezhinka-mystery-winter-12-sm-krasnaya-podveska/,Снежинки,S (7-14 см),Акрил,красный / бордовый,стандарт,Нет,Нет,0.07,0.0003,Китай,Россия
685,2246,"Елочная игрушка Колокольчик Лутиэн 10 см, подвеска",430.0,/goods/elochnaya-igrushka-kolokolchik-lutijen-10-sm-podveska/,Колокольчики,S (7-14 см),Акрил,прозрачный,стандарт,Нет,Нет,0.03,0.0003,Китай,Россия
686,2247,"Елочная игрушка Бриллиантовая Гроздь с шишками 15 см золотая, подвеска",480.0,/goods/elochnaya-igrushka-brilliantovaya-grozd-s-shishkami-15-sm-zolotaya-podveska/,Банты на елку,M (15-30 см),Акрил,золото,стандарт,Нет,Нет,0.07,0.0007,Китай,Россия
687,2249,Елочная игрушка Дед Мороз - Хранитель Леса 12 см с посохом и скворечником,1790.0,/goods/elochnaya-igrushka-santa-klaus-hranitel-lesa-12-sm-s-posohom-i-skvorechnikom-podveska/,"Дед Мороз, Снегурочка и Снеговик",S (7-14 см),Полистоун,разноцветные,премиум,Нет,Нет,0.11,0.0003,Китай,Нидерланды
688,2258,"Набор елочных игрушек Сказочный Лес - Rainbow 9-14 см, 3 шт, подвеска",690.0,/goods/nabor-elochnyh-igrushek-skazochnyj-les-rainbow-9-15-sm-3-sht-podveska/,Животные,S (7-14 см),Акрил,белый,стандарт,Да,Нет,0.11,0.002,Китай,Нидерланды
689,2259,"Елочная игрушка Бычок Ренард 8 см, подвеска",140.0,/goods/elochnaya-igrushka-bychok-renard-8-sm-podveska/,Животные,S (7-14 см),Полистоун,черный,эконом,Нет,Нет,0.11,0.0001,Китай,Россия
690,2265,Стеклянная елочная игрушка Стефания 8 см,1050.0,/goods/steklyannaya-elochnaya-igrushka-stefaniya/,Люди,S (7-14 см),Стекло,золото,стандарт,Нет,Нет,0.04,0.0004,Россия,Россия
691,2271,Искусственная ветка Магнолия Azura 91 см пудрово-розовая,1730.0,/goods/iskusstvennaya-vetka-magnoliya-azura-91-sm-pudrovo-rozovaya/,Цветы,XXL (81 см и более),Текстиль,розовый,премиум,Нет,Нет,0.1,0.0243,Китай,Италия
692,2273,Искусственная орхидея пурпурная 26 см,200.0,/goods/orhideya-purpurnaya-26-sm/,Цветы,M (15-30 см),Текстиль,розовый,стандарт,Нет,Нет,0.06,0.0024,Китай,Нидерланды
693,2275,Искусственная роза Аурелия 60 см бордовая,390.0,/goods/iskusstvennaya-roza-aureliya-60-sm-bordovaya/,Цветы,XL (51-80 см),Текстиль,красный / бордовый,стандарт,Нет,Нет,0.07,0.0035,Китай,Нидерланды
694,2280,"Стеклянная елочная игрушка Гриб - Домик лесной феи Дафны 11 см, подвеска",830.0,/goods/steklyannaya-elochnaya-igrushka-grib---domik-lesnoj-fei-dafny-11-sm-podveska/,Домики,S (7-14 см),Стекло,розовый,стандарт,Нет,Нет,0.08,0.0006,Китай,Нидерланды
695,2281,"Елочная игрушка Балерина Эйслин - Grazia la Beauty 15 см, подвеска",1490.0,/goods/elochnaya-igrushka-balerina-jejslin---grazia-la-beauty-15-sm-podveska/,Балет,M (15-30 см),Полистоун,черный,премиум,Нет,Нет,0.06,0.0003,Китай,Бельгия
696,2291,"Светящаяся елочная игрушка Санта с Елочкой 10 см на батарейке, RGB, подвеска",610.0,/goods/svetyashheesya-ukrashenie-santa-s-elochkoj-10-sm-1-rgb-svetodiod-batarejki-podveska/,"Дед Мороз, Снегурочка и Снеговик",S (7-14 см),Пластик,разноцветные,стандарт,Нет,Да,0.22,0.0004,Китай,Россия
697,2292,"Елочная игрушка из бисера Снежинка Крианца 21 см, золотая, подвеска",470.0,/goods/elochnaya-igrushka-iz-bisera-snezhinka-krianca-21-sm-zolotaya-podveska/,Снежинки,M (15-30 см),Металл,золото,стандарт,Нет,Нет,0.02,0.0005,Индия,Нидерланды
698,2296,Стеклянная елочная игрушка Зодиак - Цирковая Лошадка 10 см красная,920.0,/goods/steklyannaya-elochnaya-igrushka-zodiak---cirkovaya-loshadka-krasnaya/,Символ года 2026,S (7-14 см),Стекло,красный / бордовый,стандарт,Нет,Нет,0.07,0.0005,Россия,Россия
699,2299,Коллекционная стеклянная елочная игрушка Marine - Kings Jewel 21 см,14200.0,/goods/kollekcionnaya-steklyannaya-elochnaya-igrushka-marine---kings-jewel-21-sm/,Изысканные подвески,M (15-30 см),Стекло,синий / голубой,премиум,Нет,Нет,0.35,0.0083,Китай,США
700,2304,Бант на елку Golden Fable: Классика 15*11 см,340.0,/goods/bant-na-elku-golden-fable-klassika-15-sm/,Банты на елку,M (15-30 см),Текстиль,золото,стандарт,Нет,Нет,0.11,0.0007,Китай,Нидерланды
701,2306,"Набор стеклянных елочных игрушек Сердце Монплезира 4.5 см перламутровый mix, 12 шт",470.0,/goods/nabor-steklyannyh-elochnyh-igrushek-serdce-monplezira-45-sm-perlamutrovyj-mix-12-sht-podveska/,Сердечки,XS (до 6 см),Стекло,кремовый / светлое дерево,стандарт,Да,Нет,0.07,0.0006,Китай,Россия
702,2309,Стеклянная елочная игрушка Дед Мороз с золотой елочкой 18 см,2100.0,/goods/steklyannaya-elochnaya-igrushka-santa-klaus-s-zolotoj-elochkoj-18-sm-podveska/,"Дед Мороз, Снегурочка и Снеговик",M (15-30 см),Стекло,золото,премиум,Нет,Нет,0.08,0.0017,Китай,Нидерланды
703,2310,"Елочная игрушка Снеговичок с Белочкой - Rustic Winter 8 см, подвеска",1690.0,/goods/elochnaya-igrushka-snegovichok-s-belochkoj---rustic-winter-8-sm-podveska/,"Дед Мороз, Снегурочка и Снеговик",S (7-14 см),Полистоун,кремовый / светлое дерево,премиум,Нет,Нет,0.07,0.0003,Китай,Нидерланды
704,2311,"Набор стеклянных елочных игрушек Lovely Christmas 8 см, 12 шт, подвеска",3240.0,/goods/nabor-steklyannyh-elochnyh-igrushek-lovely-christmas-8-sm-12-sht-podveska/,Сердечки,S (7-14 см),Стекло,разноцветные,стандарт,Да,Нет,0.5,0.0062,Китай,Нидерланды
705,2313,Елочная игрушка Фея Гвен - Copperfrost Tales 8 см,1790.0,/goods/elochnaya-igrushka-feya-gven-iz-zacharovannogo-lesa-8-sm-podveska/,Ангелы и Феи,S (7-14 см),Полистоун,шоколадный / коричневый,премиум,Нет,Нет,0.08,0.0003,Китай,Нидерланды
706,2314,"Елочная игрушка Динозавр Беллини: Mesozoico 14 см, подвеска",1130.0,/goods/elochnaya-igrushka-dinozavr-bellini-mesozoico-14-sm-podveska/,Животные,S (7-14 см),Пластик,зеленый,премиум,Нет,Нет,0.06,0.0004,Китай,Нидерланды
707,2320,"Стеклянная елочная игрушка Петух Герман из Северной Дакоты 9 см, подвеска",1970.0,/goods/steklyannaya-elochnaya-igrushka-petuh-german-iz-severnoj-dakoty-9-sm-podveska/,Птицы,S (7-14 см),Стекло,разноцветные,премиум,Нет,Нет,0.11,0.0012,Китай,Нидерланды
708,2332,Искусственная роза Аурелия 60 см розовый бутон,450.0,/goods/iskusstvennaya-roza-aureliya-60-sm-rozovyj-buton/,Цветы,XL (51-80 см),Текстиль,розовый,стандарт,Нет,Нет,0.07,0.0035,Китай,Нидерланды
709,2333,"Роза Fleur Congelee заснеженная 10 см бордовая, клипса",180.0,/goods/roza-fleur-congelee-zasnezhennaya-10-sm-bordovaya-klipsa/,Цветы,S (7-14 см),Текстиль,красный / бордовый,стандарт,Нет,Нет,0.11,0.0002,Китай,Россия
710,2337,Коллекционная кукла Пасхальный Эльф Ачиано из Страны Чудес 31 см,14520.0,/goods/kollekcionnaya-kukla-pashalnyj-jelf-achiano-iz-strany-chudes-31-sm/,Гномы и Эльфы,L (31-50 см),Текстиль,розовый,премиум,Нет,Нет,0.66,0.0083,Китай,США
711,2339,"Елочная игрушка Танцовщица Аврора - Ласточкин балет 15 см, подвеска",2000.0,/goods/elochnaya-igrushka-tancovshhica-avrora---lastochkin-balet-15-sm-podveska/,Балет,M (15-30 см),Полистоун,черный,премиум,Нет,Нет,0.06,0.0003,Китай,Нидерланды
712,2348,Светящаяся елочная игрушка Пряничный Домик с глазурью 10 см,640.0,/goods/elochnoe-ukrashenie-pryanichnyj-domik-s-podsvetkoj-9x7x10-sm/,Домики,S (7-14 см),Полистоун,кремовый / светлое дерево,стандарт,Нет,Да,0.14,0.0009,Китай,Россия
713,2349,"Елочная игрушка Карета Баронессы Сантанико 10 см, подвеска",1380.0,/goods/elochnaya-igrushka-kareta-baronessy-santaniko-10-sm-podveska/,Персонажи сказок,S (7-14 см),Текстиль,золото,премиум,Нет,Нет,0.02,0.0001,Индия,Бельгия
714,2352,Декоративная нить De Carto 4 м темно-синяя,230.0,/goods/dekorativnaya-nit-de-carto-4-m-temno-sinyaya/,Крючки и подставки для украшений,XXL (81 см и более),Текстиль,синий / голубой,стандарт,Нет,Нет,0.02,0.0004,Китай,Нидерланды
715,2353,"Набор стеклянных елочных игрушек Сосульки Мельбурн 15-25 см серебряный, 4 шт, подвеска",2100.0,/goods/nabor-steklyannyh-elochnyh-igrushek-sosulki-melburn-15-25-sm-serebryanyj-4-sht-podveska/,Сосульки,M (15-30 см),Стекло,серебро,премиум,Да,Нет,0.18,0.0013,Китай,Бельгия
716,2360,Декоративный бант Charette 33*28 см серебряный,570.0,/goods/dekorativnyj-bant-charette-33-sm-serebryanyj/,Банты на елку,L (31-50 см),Текстиль,серебро,стандарт,Нет,Нет,0.07,0.0049,Китай,Нидерланды
717,2364,Елочная игрушка Снеговик Сноули - Copperfrost Tales 12 см,1590.0,/goods/elochnaya-igrushka-snegovik-valli-12-sm-podveska/,"Дед Мороз, Снегурочка и Снеговик",S (7-14 см),Полистоун,шоколадный / коричневый,стандарт,Нет,Нет,0.12,0.0005,Китай,Нидерланды
718,2365,Елочная игрушка Дед Мороз с Елочкой - Golden Crema 13 см,1830.0,/goods/elochnaya-igrushka-santa-s-elochkoj---golden-crema-13-sm-podveska/,"Дед Мороз, Снегурочка и Снеговик",S (7-14 см),Полистоун,золото,премиум,Нет,Нет,0.11,0.0004,Китай,Нидерланды
719,2366,Бумажное украшение Елочка Алетия фиолетовая,300.0,/goods/bumazhnoe-ukrashenie-elochka-aletiya-26-sm/,Елочки,M (15-30 см),Бумага,фиолетовый,стандарт,Нет,Нет,0.09,0.0004,Китай,Нидерланды
720,2367,"Елочная игрушка Малютка Белль - Foresta di Noci 12 см, подвеска",1560.0,/goods/elochnaya-igrushka-malyutka-bell---foresta-di-noci-12-sm-podveska/,Ангелы и Феи,S (7-14 см),Полистоун,кремовый / светлое дерево,премиум,Нет,Нет,0.1,0.0003,Китай,Бельгия
721,2368,Елочная игрушка Фея Андора - Лориэнский Лес 10 см бирюзовая,2190.0,/goods/elochnaya-igrushka-feya-andora---lorijenskij-les-10-sm-biryuzovaya-podveska/,Ангелы и Феи,S (7-14 см),Полистоун,бирюзовый,премиум,Нет,Нет,0.08,0.0004,Китай,Нидерланды
722,2369,"Елочная игрушка Бык Брюс 12 см, подвеска",170.0,/goods/elochnaya-igrushka-byk-bryus-12-sm-podveska/,Животные,S (7-14 см),Полистоун,шоколадный / коричневый,эконом,Нет,Нет,0.07,0.0002,Китай,Россия
723,2370,"Стеклянная елочная игрушка Лев Тедерик 14 см, подвеска",2200.0,/goods/steklyannaya-elochnaya-igrushka-lev-tederik-14-sm-podveska/,Животные,S (7-14 см),Стекло,желтый / оранжевый,премиум,Нет,Нет,0.03,0.0006,Германия,Германия
724,2371,"Елочная игрушка Динозавр Тициан: Mesozoico 14 см, подвеска",1130.0,/goods/elochnaya-igrushka-dinozavr-tician-mesozoico-14-sm-podveska/,Животные,S (7-14 см),Пластик,шоколадный / коричневый,премиум,Нет,Нет,0.06,0.0004,Китай,Нидерланды
725,2372,Елочная игрушка Кот Сфинкс на софе 9 см,1980.0,/goods/elochnaya-igrushka-kot-sfinks-na-sofe-8-sm/,Животные,S (7-14 см),Полистоун,красный / бордовый,премиум,Нет,Нет,0.11,0.0005,Китай,Нидерланды
726,2374,Елочная игрушка Зайка Оттили - Волшебница ягодного леса 14 см,740.0,/goods/elochnaya-igrushka-zajka-ottili---volshebnica-yagodnogo-lesa-14-sm-podveska/,Животные,S (7-14 см),Полистоун,белый,стандарт,Нет,Нет,0.11,0.0009,Китай,Нидерланды
727,2375,Елочная игрушка Сова Джун 9 см терракотовая,1820.0,/goods/elochnaya-igrushka-sova-dzhun-9-sm-terrakotovaya-podveska/,Птицы,S (7-14 см),Полистоун,шоколадный / коричневый,премиум,Нет,Нет,0.09,0.0002,Китай,Нидерланды
728,2379,Стеклянная елочная игрушка Santa from Bavaria 17 см,9520.0,/goods/steklyannaya-elochnaya-igrushka-santa-from-bavaria-17-sm/,"Дед Мороз, Снегурочка и Снеговик",M (15-30 см),Стекло,шоколадный / коричневый,премиум,Нет,Нет,0.11,0.0019,Германия,Германия
729,2386,Искусственная Магнолия Stellata 122 см,990.0,/goods/iskusstvennaya-magnoliya-stellata-122-sm/,Цветы,XXL (81 см и более),Текстиль,кремовый / светлое дерево,стандарт,Нет,Нет,0.11,0.0073,Китай,Нидерланды
730,2387,"Искусственные розы для декора Lallita 2 см, 12 шт, кремовые",130.0,/goods/sluzhebnyj-nabor-dlya-deleniya-na-31102/,Цветы,XS (до 6 см),Пенополистирол,кремовый / светлое дерево,стандарт,Да,Нет,0.02,0.001,Китай,Нидерланды
731,2388,"Искусственные розы для декора Lallita 18 см, 7 шт, жемчужные",250.0,/goods/sluzhebnyj-nabor-dlya-deleniya-na-31162/,Цветы,M (15-30 см),Пенополистирол,белый,стандарт,Да,Нет,0.11,0.0037,Китай,Нидерланды
732,2390,Искусственная ветка Hibiscus Chiara 68 см красная,700.0,/goods/iskusstvennaya-vetka-hibiscus-chiara-68-sm-krasnaya/,Цветы,XL (51-80 см),Текстиль,красный / бордовый,премиум,Нет,Нет,0.03,0.0057,Китай,Италия
733,2394,"Елочная игрушка Балерина Мэйв - Антрацитовые Грезы 12 см, подвеска",1120.0,/goods/elochnaya-igrushka-balerina-mjejv---antracitovye-grezy-12-sm-podveska/,Балет,S (7-14 см),Полистоун,черный,премиум,Нет,Нет,0.03,0.0002,Китай,Бельгия
734,2397,"Елочная игрушка Венецианская Маска - White Orchid 18 см, подвеска",2480.0,/goods/elochnaya-igrushka-venecianskaya-maska---white-orchid-18-sm-podveska/,Миниатюры,M (15-30 см),Полистоун,кремовый / светлое дерево,премиум,Нет,Нет,0.07,0.0003,Таиланд,Бельгия
735,2399,"Набор стеклянных елочных игрушек Остров Пасхи 10-14 см, 6 шт",2790.0,/goods/nabor-steklyannyh-elochnyh-igrushek-ostrov-pashi-10-sm-6-sht-podveska/,Миниатюры,S (7-14 см),Стекло,шоколадный / коричневый,премиум,Да,Нет,0.37,0.007,Китай,Нидерланды
736,2402,Гирлянда Боа из перьев 184 см светло-лиловая,820.0,/goods/girlyanda-boa-iz-perev-184-sm-svetlo-lilovaya/,Текстильные игрушки,XXL (81 см и более),Перья,фиолетовый,стандарт,Нет,Нет,0.12,0.0015,Китай,Нидерланды
737,2404,"Светящаяся елочная игрушка Снеговик с Елочкой 10 см на батарейке, RGB, подвеска",368.0,/goods/svetyashheesya-ukrashenie-snegovik-s-elochkoj-10-sm-rgb-svetodiod-batarejki-podveska/,"Дед Мороз, Снегурочка и Снеговик",S (7-14 см),Пластик,разноцветные,стандарт,Нет,Да,0.11,0.0004,Китай,Россия
738,2405,"Елочная игрушка Эльф Асвольд - Elvish Forest 28 см, подвеска",3210.0,/goods/elochnaya-igrushka-jelf-asvold---elvish-forest-28-sm-podveska/,Гномы и Эльфы,M (15-30 см),Полистоун,зеленый,премиум,Нет,Нет,0.07,0.0005,Таиланд,Бельгия
739,2409,Стеклянная елочная игрушка Зодиак - Лошадка с Дедом Морозом 8 см,1490.0,/goods/steklyannaya-elochnaya-igrushka-zodiak---loshadka-s-dedom-morozom/,Символ года 2026,S (7-14 см),Стекло,синий / голубой,стандарт,Нет,Нет,0.06,0.0005,Россия,Россия
740,2412,"Елочная подвеска Листик 22 см, оранжевый, подвеска",330.0,/goods/elochnaya-podveska-listik-22-sm-oranzhevyj-podveska/,Изысканные подвески,M (15-30 см),Пластик,желтый / оранжевый,стандарт,Нет,Нет,0.04,0.0002,Китай,Швеция
741,2417,"Елочная игрушка Бант Аврора 11*10 см серебряный, подвеска",150.0,/goods/elochnaya-igrushka-bant-avrora-11-sm-serebryanyj-podveska/,Банты на елку,S (7-14 см),Пластик,серебро,эконом,Нет,Нет,0.02,0.0002,Китай,Нидерланды
742,2418,Бант на елку Bella Olive: Узоры 15*11 см,360.0,/goods/bant-na-elku-bella-olive-uzory-15-sm/,Банты на елку,M (15-30 см),Текстиль,зеленый,стандарт,Нет,Нет,0.02,0.0004,Китай,Нидерланды
743,2419,"Стеклянная елочная игрушка Сердечко Кокетка 6.5 см серебряное, подвеска",480.0,/goods/steklyannaya-elochnaya-igrushka-serdechko-koketka-65-sm-podveska/,Сердечки,XS (до 6 см),Стекло,белый,стандарт,Нет,Нет,0.03,0.0002,Россия,Россия
744,2421,"Елочная игрушка Снеговик Витале в шляпке 8 см, подвеска",440.0,/goods/elochnaya-igrushka-snegovik-vitale-v-shlyapke-8-sm-podveska/,"Дед Мороз, Снегурочка и Снеговик",S (7-14 см),Полистоун,белый,стандарт,Нет,Нет,0.04,0.0005,Китай,Нидерланды
745,2422,"Елочная игрушка Снеговичок Олли с Пингвиненком на санях - Веселые Каникулы 8 см, подвеска",1830.0,/goods/elochnaya-igrushka-snegovichok-olli-s-pingvinenkom-na-sanyah---veselye-kanikuly-8-sm-podveska/,"Дед Мороз, Снегурочка и Снеговик",S (7-14 см),Полистоун,разноцветные,премиум,Нет,Нет,0.1,0.0003,Китай,Нидерланды
746,2424,"Елочная игрушка Ангел Севаль - Musico de Gracia 9 см, подвеска",1060.0,/goods/elochnaya-igrushka-angel-seval---musico-de-gracia-9-sm-podveska/,Ангелы и Феи,S (7-14 см),Полистоун,белый,премиум,Нет,Нет,0.04,0.0001,Китай,Италия
747,2425,"Елочная игрушка Олень Теодор с фруктовым венком 13 см, подвеска",1800.0,/goods/elochnaya-igrushka-olen-teodor-s-fruktovym-venkom-13-sm-podveska/,Животные,S (7-14 см),Полистоун,шоколадный / коричневый,премиум,Нет,Нет,0.09,0.0005,Китай,Нидерланды
748,2428,"Елочная игрушка Корова Патриция - Рождественские приключения 13 см, подвеска",220.0,/goods/elochnaya-igrushka-korova-patriciya-rozhdestvenskie-priklyucheniya-13-sm-podveska/,Животные,S (7-14 см),Полистоун,шоколадный / коричневый,эконом,Нет,Нет,0.72,0.0001,Китай,Россия
749,2429,"Стеклянная елочная игрушка Леопард Дарьета - Grand Nature 13 см, подвеска",1760.0,/goods/steklyannaya-elochnaya-igrushka-leopard-dareta---grand-nature-13-sm-podveska/,Животные,S (7-14 см),Стекло,шоколадный / коричневый,премиум,Нет,Нет,0.03,0.0006,Китай,Бельгия
750,2430,"Елочная игрушка Динозавр Марко: Mesozoico 10 см, подвеска",1260.0,/goods/elochnaya-igrushka-dinozavr-marko-mesozoico-10-sm-podveska/,Животные,S (7-14 см),Пластик,шоколадный / коричневый,премиум,Нет,Нет,0.1,0.0005,Китай,Нидерланды
751,2431,"Елочная игрушка Единорог Ганэль с золотыми крыльями 15 см, 2 шт, подвеска",550.0,/goods/elochnaya-igrushka-edinorog-ganjel-s-zolotymi-krylyami-15-sm-2-sht-podveska/,Животные,M (15-30 см),Акрил,золото,стандарт,Да,Нет,0.15,0.0012,Китай,Нидерланды
752,2435,Стеклянная елочная игрушка Неваляшка 11 см,1210.0,/goods/steklyannaya-elochnaya-igrushka-nevalyashka-10-sm-podveska/,Персонажи сказок,S (7-14 см),Стекло,красный / бордовый,стандарт,Нет,Нет,0.03,0.0005,Россия,Россия
753,2443,"Декоративная ветка Элегантный Кизил 84 см, рубиново-красная",1800.0,/goods/dekorativnaya-vetka-jelegantnyj-kizil-84-sm-rubinovo-krasnaya/,Цветы,XXL (81 см и более),Пластик,красный / бордовый,премиум,Нет,Нет,0.02,0.0202,Китай,Нидерланды
754,2444,Веточка Магнолия в цвету 45 см розовая,300.0,/goods/vetochka-magnoliya-v-cvetu-45-sm-rozovaya/,Цветы,L (31-50 см),Текстиль,розовый,стандарт,Нет,Нет,0.04,0.0048,Гонконг,Нидерланды
755,2445,Декоративная ветка Cornus di Amore 100 см бордовая,1080.0,/goods/dekorativnaya-vetka-cornus-di-amore-100-sm-bordovaya/,Цветы,XXL (81 см и более),Текстиль,красный / бордовый,премиум,Нет,Нет,0.04,0.006,Китай,Италия
756,2450,"Стеклянная елочная игрушка Гном Босфор 15 см, подвеска",1300.0,/goods/steklyannaya-elochnaya-igrushka-gnom-bosfor-15-sm-podveska/,Персонажи сказок,M (15-30 см),Стекло,желтый / оранжевый,премиум,Нет,Нет,0.02,0.0005,Китай,Нидерланды
757,2451,"Елочная игрушка Балерина Орильма - Scuola di Ballo di Sicilia 12 см, подвеска",1720.0,/goods/elochnaya-igrushka-balerina-orilma---scuola-di-ballo-di-sicilia-12-sm-podveska/,Балет,S (7-14 см),Полистоун,черный,премиум,Нет,Нет,0.01,0.0003,Китай,Бельгия
758,2455,"Стеклянная елочная игрушка Попугаи-Неразлучники 14 см, подвеска",620.0,/goods/steklyannaya-elochnaya-igrushka-popugai-nerazluchniki-14-sm-podveska/,Птицы,S (7-14 см),Стекло,зеленый,стандарт,Нет,Нет,0.02,0.0006,Китай,Нидерланды
759,2456,"Набор елочных игрушек Животные фермы Хит Стоун 8 см, 5 шт",2220.0,/goods/nabor-elochnyh-igrushek-zhivotnye-fermy-hit-stoun-8-sm-5-sht-podveska/,Животные,S (7-14 см),Пластик,разноцветные,стандарт,Да,Нет,0.11,0.0024,Китай,Нидерланды
760,2457,Деревянная елочная игрушка Лошадка-качалка - Сказочная история,200.0,/goods/derevyannaya-elochnaya-igrushka-loshadka-kachalka---skazochnaya-istoriya-15-sm/,Символ года 2026,M (15-30 см),Дерево,кремовый / светлое дерево,стандарт,Нет,Нет,0.01,0.0002,Россия,Россия
761,2458,"Елочная игрушка Птичка Малиновка - Foresta di Lana 10 см, подвеска",770.0,/goods/elochnaya-igrushka-ptichka-malinovka---foresta-di-lana-10-sm-podveska/,Птицы,S (7-14 см),Текстиль,серый,стандарт,Нет,Нет,0.02,0.0007,Китай,Нидерланды
762,2463,"Елочная игрушка Желудь Лиловый 6 см, стекло",170.0,/goods/elochnaya-igrushka-zhelud-lilovyj-6-sm-podveska/,Шишки и желуди,XS (до 6 см),Стекло,розовый,стандарт,Нет,Нет,0.02,0.0001,Украина,Нидерланды
763,2465,"Елочная игрушка Снежинка - Maclaren Bow 12 см, подвеска",280.0,/goods/elochnaya-igrushka-snezhinka-polyarnaya-zvezda-12-sm/,Снежинки,S (7-14 см),Акрил,белый,стандарт,Нет,Нет,0.04,0.0003,Китай,Нидерланды
764,2467,Коллекционная стеклянная елочная игрушка Bella - Kings Jewel 21 см,14200.0,/goods/kollekcionnaya-steklyannaya-elochnaya-igrushka-bella---kings-jewel-21-sm/,Изысканные подвески,M (15-30 см),Стекло,кремовый / светлое дерево,премиум,Нет,Нет,0.44,0.009,Китай,США
765,2470,"Набор стеклянных елочных игрушек Звезды 4.5 см миндальный бисквит mix, 12 шт",460.0,/goods/nabor-steklyannyh-elochnyh-igrushek-zvezdy-45-sm-mindalnyj-biskvit-mix-12-sht-podveska/,Звездочки,XS (до 6 см),Стекло,желтый / оранжевый,стандарт,Да,Нет,0.08,0.0006,Китай,Нидерланды
766,2474,Бант на елку Ondulato Striscia золотой,240.0,/goods/bant-na-elku-ondulato-striscia-22-sm-zolotoj/,Банты на елку,M (15-30 см),Текстиль,золото,стандарт,Нет,Нет,0.02,0.0011,Китай,Италия
767,2475,"Елочная игрушка Сердце - Fuento Tessilo 11 см сливовая, подвеска",390.0,/goods/elochnaya-igrushka-serdce---fuento-tessilo-11-sm-slivovaya-podveska/,Сердечки,S (7-14 см),Текстиль,красный / бордовый,стандарт,Нет,Нет,0.02,0.0004,Китай,Нидерланды
768,2476,"Стеклянная елочная игрушка Санта с кубком по Крикету 14 см, подвеска",2280.0,/goods/steklyannaya-elochnaya-igrushka-santa-s-trostyu-14-sm-podveska/,"Дед Мороз, Снегурочка и Снеговик",S (7-14 см),Стекло,шоколадный / коричневый,премиум,Нет,Нет,0.02,0.0005,Китай,Бельгия
769,2480,"Набор елочных игрушек Пряничное веселье - Елочки 8 см, 2 шт, подвеска",200.0,/goods/nabor-elochnyh-igrushek-pryanichnoe-vesele---elochki-2-sht-podveska/,Елочки,S (7-14 см),Текстиль,шоколадный / коричневый,стандарт,Да,Нет,0.02,0.0002,Китай,Италия
770,2481,"Елочная игрушка Фея Виви - Marienberg Fee 18 см, подвеска",2690.0,/goods/elochnaya-igrushka-feya-vivi---marienberg-fee-18-sm-podveska/,Ангелы и Феи,M (15-30 см),Полистоун,белый,премиум,Нет,Нет,0.11,0.001,Китай,Бельгия
771,2486,"Елочная игрушка Smooth Ombre: Олень 9 см золотой, подвеска",790.0,/goods/elochnaya-igrushka-smooth-ombre-olen-9-sm-zolotoj-podveska/,Животные,S (7-14 см),Пластик,золото,премиум,Нет,Нет,0.06,0.0003,Китай,Нидерланды
772,2488,"Елочная игрушка Лошадка-качалка Джоди в голубой упряжке 8 см, подвеска",330.0,/goods/elochnaya-igrushka-loshadka-kachalka-dzhodi-v-goluboj-upryazhke-8-sm-podveska/,Символ года 2026,S (7-14 см),Пластик,белый,стандарт,Нет,Нет,0.02,0.0001,Китай,Нидерланды
773,2489,"Елочная игрушка Корова Летиция 12 см, подвеска",170.0,/goods/elochnaya-igrushka-korova-leticiya-12-sm-podveska/,Животные,S (7-14 см),Полистоун,разноцветные,эконом,Нет,Нет,0.07,0.0002,Китай,Россия
774,2492,"Елочная игрушка Бабочка Viva Formosa 22 см, клипса",840.0,/goods/elochnaya-igrushka-babochka-viva-formosa-22-sm-klipsa/,"Бабочки, Жучки",M (15-30 см),Текстиль,кремовый / светлое дерево,премиум,Нет,Нет,0.03,0.001,Китай,Бельгия
775,2495,"Елочная игрушка Дама с Сумочкой 12 см, подвеска",440.0,/goods/elochnaya-igrushka-dama-s-sumochkoj-6x4x12-sm-podveska/,Люди,S (7-14 см),Полистоун,розовый,стандарт,Нет,Нет,0.11,0.0004,Китай,Россия
776,2500,Ветка Магнолии Patricia 75 см белая,1110.0,/goods/vetka-magnolii-patricia-75-sm-belaya/,Цветы,XL (51-80 см),Текстиль,белый,стандарт,Нет,Нет,0.04,0.0072,Китай,Нидерланды
777,2501,Искусственная ветка Dandelion Prime 80 см,1450.0,/goods/iskusstvennaya-vetka-dandelion-prime-80-sm/,Цветы,XL (51-80 см),Текстиль,белый,стандарт,Нет,Нет,0.04,0.0096,Китай,Нидерланды
778,2502,Искусственная орхидея Royal Ruby 67 см,610.0,/goods/iskusstvennaya-orhideya-royal-ruby-67-sm/,Цветы,XL (51-80 см),Полиэстер,красный / бордовый,стандарт,Нет,Нет,0.04,0.0045,Китай,Нидерланды
779,2505,Коллекционная кукла Эльф Аэльвин - Easter Egg Painter 46 см,24310.0,/goods/kollekcionnaya-kukla-jelf-ajelvin---easter-egg-painter-46-sm/,Гномы и Эльфы,XL (51-80 см),Текстиль,фиолетовый,премиум,Нет,Нет,1.1,0.0137,Китай,США
780,2506,Мухоморы на проволоке 24 шт красные с белым,390.0,/goods/muhomory-na-provoloke-24-sht/,Грибы,S (7-14 см),Пенополистирол,красный / бордовый,стандарт,Да,Нет,0.11,0.0014,Китай,Нидерланды
781,2508,"Елочная игрушка Сказочный Поезд 10 см, голубая, подвеска",180.0,/goods/elochnaya-igrushka-skazochnyj-poezd-10-sm-golubaya-podveska/,"Пряники, конфеты, сладости",S (7-14 см),Пластик,синий / голубой,эконом,Нет,Нет,0.03,0.0003,Китай,Россия
782,2513,"Винтажная елочная игрушка Снеговички 12 см, пластик, подвеска",215.0,/goods/plastikovaya-elochnaya-igrushka-snegovichki-vintazhnye-12-sm-podveska/,"Дед Мороз, Снегурочка и Снеговик",S (7-14 см),Пластик,серебро,эконом,Нет,Нет,0.03,0.0007,Китай,Россия
783,2522,"Елочная игрушка Снежинка - Парад Планет 13 см золотая с янтарем, подвеска",540.0,/goods/elochnoe-ukrashenie-snezhinka-parad-planet-13-sm-zoloto-s-yantarem-podveska/,Снежинки,S (7-14 см),Акрил,золото,стандарт,Нет,Нет,0.05,0.0009,Китай,Россия
784,2532,"Набор стеклянных елочных игрушек Пряники 6 см, 4 шт, подвеска",1290.0,/goods/nabor-steklyannyh-elochnyh-igrushek-pryaniki-6-sm-4-sht-podveska/,Сердечки,XS (до 6 см),Стекло,шоколадный / коричневый,стандарт,Да,Нет,0.13,0.0019,Россия,Россия
785,2535,"Стеклянная елочная игрушка Снеговик Хельми - Житель Винтертауна 14 см, подвеска",630.0,/goods/steklyannaya-elochnaya-igrushka-snegovik-helmi-zhitel-vintertauna-14-sm-podveska/,"Дед Мороз, Снегурочка и Снеговик",S (7-14 см),Стекло,разноцветные,стандарт,Нет,Нет,0.1,0.0011,Россия,Россия
786,2538,Елочная игрушка Ангелочек Моли 15 см,360.0,/goods/elochnaya-igrushka-angelochek-moli-15-sm-podveska/,Ангелы и Феи,M (15-30 см),Текстиль,белый,стандарт,Нет,Нет,0.03,0.001,Китай,Нидерланды
787,2541,"Стеклянная елочная игрушка-медальон Змея Долли 5 см зеленая, подвеска",390.0,/goods/steklyannaya-elochnaya-igrushka-medalon-zmeya-dolli-5-sm-zelenaya-podveska/,Животные,XS (до 6 см),Стекло,зеленый,стандарт,Нет,Нет,0.03,0.0011,Россия,Россия
788,2543,Елочная игрушка Кот Феликс - Christmas Cats 11 см,1840.0,/goods/elochnaya-igrushka-kot-feliks---christmas-cats-11-sm-podveska/,Животные,S (7-14 см),Искусственный мех,черный,премиум,Нет,Нет,0.04,0.0006,Китай,Нидерланды
789,2545,"Елочная игрушка Бельчонок Пит с подарком 8 см, подвеска",1210.0,/goods/elochnaya-igrushka-belchonok-pit-s-podarkom-8-sm-podveska/,Животные,S (7-14 см),Полистоун,кремовый / светлое дерево,премиум,Нет,Нет,0.1,0.0002,Китай,Нидерланды
790,2546,"Елочная игрушка Олень Филидель 10 см с золотыми рогами, подвеска",440.0,/goods/elochnaya-igrushka-olen-filidel-10-sm-s-zolotymi-rogami-podveska/,Животные,S (7-14 см),Акрил,золото,стандарт,Нет,Нет,0.1,0.0007,Китай,Нидерланды
791,2547,Елочная игрушка Олень Ларри - Caramel Sunset 15 см,840.0,/goods/elochnaya-igrushka-ochre---olen-larri-15-sm-podveska/,Животные,M (15-30 см),Пластик,золото,премиум,Нет,Нет,0.03,0.0005,Китай,Нидерланды
792,2549,Подвесное украшение Чудесное Рождение - Утенок Кря 7 см,1090.0,/goods/podvesnoe-ukrashenie-chudesnoe-rozhdenie---utenok-krya-7-sm/,Птицы,S (7-14 см),Полистоун,желтый / оранжевый,премиум,Нет,Нет,0.11,0.0002,Китай,Бельгия
793,2550,Елочная подвеска Райский Сад - Бабочка 18 см,560.0,/goods/elochnaya-podveska-rajskij-sad-babochka-18-sm/,Изысканные подвески,M (15-30 см),Акрил,золото,стандарт,Нет,Нет,0.03,0.0001,Тайвань,Нидерланды
794,2551,"Деревянная елочная игрушка Рождественский Домик с Оленем 13 см, подвеска",230.0,/goods/derevyannaya-elochnaya-igrushka-rozhdestvenskij-domik-s-olenem-13-sm-podveska/,Домики,S (7-14 см),Дерево,белый,стандарт,Нет,Нет,0.03,0.0005,Китай,Нидерланды
795,2559,Украшение Перец Чили 30 шт на проволоке,530.0,/goods/ukrashenie-perec-chili-30-sht-na-provoloke/,"Фрукты, овощи",S (7-14 см),Пенополистирол,красный / бордовый,стандарт,Да,Нет,0.07,0.0012,Китай,Нидерланды
796,2560,Искусственная ветка Фуджерра 84 см красная,1390.0,/goods/iskusstvennaya-vetka-fudzherra-84-sm-krasnaya/,Цветы,XXL (81 см и более),Текстиль,красный / бордовый,премиум,Нет,Нет,0.07,0.0065,Китай,Италия
797,2561,Ветка Магнолии белая 45 см,380.0,/goods/vetka-magnolii-belaya-45-sm/,Цветы,L (31-50 см),Текстиль,белый,стандарт,Нет,Нет,0.03,0.0045,Китай,Нидерланды
798,2562,"Роза Fleur Congelee заснеженная 10 см белая, клипса",180.0,/goods/roza-fleur-congelee-zasnezhennaya-10-sm-belaya-klipsa/,Цветы,S (7-14 см),Текстиль,белый,стандарт,Нет,Нет,0.11,0.0002,Китай,Россия
799,2563,"Искусственный цветок из перьев Dafne 12 см розовый, клипса",360.0,/goods/iskusstvennyj-cvetok-iz-perev-dafne-12-sm-rozovyj-klipsa/,Цветы,S (7-14 см),Перья,розовый,стандарт,Нет,Нет,0.03,0.0007,Китай,Нидерланды
800,2564,Ветка Магнолии Patricia 75 см розовая,1110.0,/goods/vetka-magnolii-patricia-75-sm-rozovaya/,Цветы,XL (51-80 см),Текстиль,розовый,стандарт,Нет,Нет,0.04,0.0072,Китай,Нидерланды
801,2568,Коллекционная кукла Эльф Марли из Долины Грации 33 см,11110.0,/goods/kollekcionnaya-kukla-jelf-marli-iz-doliny-gracii-33-sm/,Гномы и Эльфы,L (31-50 см),Текстиль,зеленый,премиум,Нет,Нет,0.67,0.0083,Китай,США
802,2576,Декоративная фигура Попугай Carnavalle Ruby 34 см,2140.0,/goods/dekorativnaya-figura-popugaj-carnavalle-ruby-34-sm/,Птицы,L (31-50 см),Текстиль,красный / бордовый,стандарт,Нет,Нет,0.09,0.0029,Китай,Нидерланды
803,2579,"Набор елочных игрушек Балерина Кирстен в серебряной пачке 15 см, 2 шт, подвеска",780.0,/goods/nabor-elochnyh-igrushek-balerina-kirsten-v-serebryanoj-pachke-15-sm-2-sht-podveska/,Балет,M (15-30 см),Акрил,серебро,стандарт,Да,Нет,0.07,0.0017,Китай,Нидерланды
804,2584,"Елочная игрушка Кисть Paulo 32 см красная, подвеска",720.0,/goods/elochnaya-igrushka-kist-paulo-32-sm-krasnaya-podveska/,Изысканные подвески,L (31-50 см),Текстиль,красный / бордовый,премиум,Нет,Нет,0.07,0.0001,Китай,Нидерланды
805,2585,"Елочная игрушка Шишка Элти 9 см розовая, 2 шт",260.0,/goods/elochnaya-igrushka-shishka-jelti-9-sm-bronza-2-sht-podveska/,Шишки и желуди,S (7-14 см),Пластик,розовый,стандарт,Да,Нет,0.02,0.0005,Китай,Нидерланды
806,2586,Гирлянда из колокольчиков с бантом 45 см золотая,700.0,/goods/grozd-kolokolchikov-s-bantom-45-sm-zolotaya/,Колокольчики,L (31-50 см),Пластик,золото,стандарт,Нет,Нет,0.15,0.0033,Китай,Россия
807,2587,"Елочная игрушка Колокольчик Итилиэн 10 см, подвеска",430.0,/goods/elochnaya-igrushka-kolokolchik-itilijen-10-sm-podveska/,Колокольчики,S (7-14 см),Акрил,золото,стандарт,Нет,Нет,0.03,0.0004,Китай,Россия
808,2588,"Бант кожаный ""Элегантный"", красный",960.0,/goods/bant-kozhanyj-jelegantnyj-40-sm-krasnyj/,Банты на елку,L (31-50 см),Эко-кожа,красный / бордовый,стандарт,Нет,Нет,0.25,0.009,Россия,Россия
809,2591,Елочная игрушка Снеговик Альбион - Goldenfrost Tales 12 см,1910.0,/goods/elochnaya-igrushka-snegovik-albion-v-belom-sharfike-11-sm-podveska/,"Дед Мороз, Снегурочка и Снеговик",S (7-14 см),Полистоун,золото,премиум,Нет,Нет,0.11,0.0004,Китай,Нидерланды
810,2593,"Елочная игрушка Сканди Рождество: Елочка 10 см, подвеска",260.0,/goods/elochnaya-igrushka-skandi-rozhdestvo-elochka-10-sm-podveska/,Елочки,S (7-14 см),Текстиль,белый,стандарт,Нет,Нет,0.02,0.0003,Китай,Нидерланды
811,2594,"Елочная игрушка Коровка Милдред 8 см черная, подвеска",180.0,/goods/elochnaya-igrushka-korovka-mildred-8-sm-chernaya-farfor-podveska/,Животные,S (7-14 см),Керамика / Фарфор,черный,эконом,Нет,Нет,0.1,0.0003,Китай,Россия
812,2595,"Набор елочных игрушек Safari Friends 12 см, 9 шт, подвеска",3130.0,/goods/nabor-elochnyh-igrushek-safari-friends-12-sm-9-sht-podveska/,Животные,S (7-14 см),Пластик,серый,стандарт,Да,Нет,0.33,0.0042,Китай,Нидерланды
813,2596,Стеклянная елочная игрушка Зодиак - Змея Дебора с подарком 9 см вишневая,390.0,/goods/steklyannaya-elochnaya-igrushka-zodiak---zmeya-debora-s-podarkom-vishnevaya/,Животные,S (7-14 см),Стекло,розовый,стандарт,Нет,Нет,0.03,0.0006,Россия,Россия
814,2606,Деревянная елочная игрушка Санта Клаус - Пряничные Истории 10 см,200.0,/goods/derevyannaya-elochnaya-igrushka-santa-klaus---pryanichnye-istorii-10-sm/,"Дед Мороз, Снегурочка и Снеговик",S (7-14 см),Дерево,красный / бордовый,эконом,Нет,Нет,0.01,0.0001,Россия,Россия
815,2616,"Пуансеттия Bienne Borgogna 30 см, клипса",330.0,/goods/puansettiya-bienne-borgogna-30-sm-klipsa/,Пуансеттии,M (15-30 см),Текстиль,красный / бордовый,стандарт,Нет,Нет,0.04,0.0014,Китай,Россия
816,2618,"Елочная игрушка Эльф Берендей со звездой 15 см, подвеска",1300.0,/goods/elochnaya-igrushka-jelf-berendej-so-zvezdoj-15-sm-podveska/,Персонажи сказок,M (15-30 см),Полистоун,золото,премиум,Нет,Нет,0.04,0.0005,Китай,Италия
817,2620,"Декоративные Мухоморчики Waldpilze 4 см, 16 шт, на проволоке",280.0,/goods/dekorativnye-muhomorchiki-na-provoloke-16-sht/,Грибы,XS (до 6 см),Пенополистирол,красный / бордовый,стандарт,Да,Нет,0.06,0.0007,Китай,Нидерланды
818,2621,Елочная игрушка Танцовщица Альма - Sleeping Beauty 17 см,2120.0,/goods/elochnaya-igrushka-tancovshhica-alma---sleeping-beauty-17-sm/,Балет,M (15-30 см),Полистоун,кремовый / светлое дерево,премиум,Нет,Нет,0.08,0.001,Китай,Бельгия
819,2626,"Елочная игрушка из бисера Снежинка Олеандро 35 см, серебряная, подвеска",950.0,/goods/elochnaya-igrushka-iz-bisera-snezhinka-oleandro-35-sm-serebryanaya-podveska/,Снежинки,L (31-50 см),Металл,серебро,стандарт,Нет,Нет,0.04,0.0015,Индия,Нидерланды
820,2627,"Кукла на елку Фея-Танцовщица Кремона - Балет Ривенделла, 30 см, подвеска",1310.0,/goods/kukla-na-elku-feya-tancovshhica-kremona-balet-rivendella-30-sm-podveska/,Ангелы и Феи,M (15-30 см),Текстиль,кремовый / светлое дерево,стандарт,Нет,Нет,0.11,0.0014,Китай,Нидерланды
821,2628,"Набор деревянных елочных игрушек Рождественские забавы, золотой, 24 шт, подвеска",1160.0,/goods/nabor-derevyannyh-elochnyh-igrushek-zolotye-chelovechki-24-sht-podveska/,Деревянные игрушки,XS (до 6 см),Дерево,золото,стандарт,Да,Нет,0.12,0.0008,Китай,Нидерланды
822,2630,"Елочная игрушка Лошадка-качалка Джоди в красной упряжке 8 см, подвеска",390.0,/goods/elochnaya-igrushka-loshadka-kachalka-dzhodi-v-krasnoj-upryazhke-8-sm-podveska/,Символ года 2026,S (7-14 см),Пластик,белый,стандарт,Нет,Нет,0.02,0.0001,Китай,Нидерланды
823,2636,Елочная игрушка Колокольчик 10 см золотой 4 шт,480.0,/goods/kolokol-10sm-nabor-6sht-zoloto11444/,Колокольчики,S (7-14 см),Пластик,золото,эконом,Да,Нет,0.14,0.0017,Китай,Россия
824,2637,Стеклянная елочная игрушка Колокольчик Искра 7 см,740.0,/goods/elochnyj-shar-iskra-75-mm-steklo/,Колокольчики,S (7-14 см),Стекло,кремовый / светлое дерево,стандарт,Нет,Нет,0.04,0.0012,Россия,Россия
825,2641,"Набор елочных игрушек Рождественский Дуэт 17 см, 2 шт, пластик, подвеска",670.0,/goods/nabor-plastikovyh-elochnyh-igrushek-rozhdestvenskij-dujet-17-sm-2-sht-podveska/,"Дед Мороз, Снегурочка и Снеговик",M (15-30 см),Пластик,красный / бордовый,стандарт,Да,Нет,0.04,0.0016,Китай,Нидерланды
826,2642,"Стеклянная елочная игрушка Снеговик Рокфор в зеленом 15 см, подвеска",1780.0,/goods/steklyannaya-elochnaya-igrushka-snegovik-rokfor-v-zelenom-15-sm-podveska/,"Дед Мороз, Снегурочка и Снеговик",M (15-30 см),Стекло,зеленый,премиум,Нет,Нет,0.06,0.0003,Китай,Нидерланды
827,2645,"Елочная игрушка В Лесу Родилась Елочка 16 см золотая, подвеска",400.0,/goods/elochnaya-igrushka-v-lesu-rodilas-elochka-16-sm-zolotaya-podveska/,Елочки,M (15-30 см),Акрил,золото,стандарт,Нет,Нет,0.07,0.0005,Китай,Россия
828,2646,"Елочная игрушка Лесной Ангел 13 см, подвеска",1680.0,/goods/elochnaya-igrushka-lesnoj-angel-blondinka-13-sm-podveska/,Ангелы и Феи,S (7-14 см),Полистоун,белый,премиум,Нет,Нет,0.13,0.0004,Китай,Нидерланды
829,2651,"Елочная игрушка Бык Рафаэль - Рождественская сказка 8 см, подвеска",220.0,/goods/elochnaya-igrushka-byk-rafajel-rozhdestvenskaya-skazka-8-sm-podveska/,Животные,S (7-14 см),Полистоун,черный,эконом,Нет,Нет,0.08,0.0002,Китай,Россия
830,2652,"Стеклянная елочная игрушка-медальон Змея Долли 5 см оранжевая, подвеска",390.0,/goods/steklyannaya-elochnaya-igrushka-medalon-zmeya-dolli-5-sm-krasnaya-podveska/,Животные,XS (до 6 см),Стекло,желтый / оранжевый,стандарт,Нет,Нет,0.03,0.0004,Россия,Россия
831,2656,"Светящаяся елочная игрушка Домик Нельмин 8 см синий, на батарейках, подвеска",320.0,/goods/svetyashhayasya-elochnaya-igrushka-domik-nelmin-8-sm-sinij-na-batarejkah-podveska/,Домики,S (7-14 см),Керамика / Фарфор,синий / голубой,стандарт,Нет,Да,0.11,0.0002,Китай,Нидерланды
832,2670,"Набор елочных игрушек Autumnal Leaves 15 см, 2 шт",1400.0,/goods/nabor-elochnyh-igrushek-autumnal-leaves-8-sm-2-sht-podveska/,"Растения, Листья",M (15-30 см),Пластик,желтый / оранжевый,премиум,Да,Нет,0.02,0.0003,Китай,Нидерланды
833,2671,Коллекционная кукла Эльф Пампеос - Ахейский Балагур 35 см,11950.0,/goods/kollekcionnaya-kukla-jelf-bahus-iz-vinnoj-doliny-luka-maroni-35-sm/,Гномы и Эльфы,L (31-50 см),Текстиль,зеленый,премиум,Нет,Нет,0.66,0.0083,Китай,США
834,2681,"Елочное украшение Олень Джонни из Фелт Форест 20 см, подвеска",420.0,/goods/elochnoe-ukrashenie-olen-dzhonni-iz-felt-forest-20-sm-podveska/,Животные,M (15-30 см),Текстиль,серый,стандарт,Нет,Нет,0.39,0.0016,Китай,Нидерланды
835,2685,"Елочная игрушка из бисера Снежинка Ламберти 21 см, золотая, подвеска",470.0,/goods/elochnaya-igrushka-iz-bisera-snezhinka-lamberti-21-sm-zolotaya-podveska/,Снежинки,M (15-30 см),Металл,золото,стандарт,Нет,Нет,0.02,0.0005,Индия,Нидерланды
836,2689,"Набор елочных игрушек Капля 7.5 см розовый бутон mix, 12 шт, стекло",650.0,/goods/nabor-elochnyh-igrushek-kaplya-75-sm-rozovyj-buton-mix-12-sht-steklo-podveska/,Сосульки,S (7-14 см),Стекло,розовый,стандарт,Да,Нет,0.09,0.0008,Китай,Россия
837,2693,"Набор елочных игрушек Звезды Shiny 7 см, 8 шт, подвеска",430.0,/goods/nabor-elochnyh-igrushek-zvezdy-shiny-7-sm-8-sht-podveska/,Звездочки,S (7-14 см),Пластик,золото,стандарт,Да,Нет,0.11,0.0006,Китай,Нидерланды
838,2695,Гирлянда из колокольчиков с бантом 45 см серебряная,700.0,/goods/grozd-kolokolchikov-s-bantom-45-sm-serebryanaya/,Колокольчики,L (31-50 см),Пластик,серебро,стандарт,Нет,Нет,0.06,0.0025,Китай,Россия
839,2697,"Украшение для уличной елки Бант Торжественный 23 см серебряный, эко-кожа",410.0,/goods/ukrashenie-dlya-ulichnoj-elki-bant-torzhestvennyj-24-sm-serebryanyj-jeko-kozha/,Банты на елку,M (15-30 см),Эко-кожа,серебро,стандарт,Нет,Нет,0.11,0.0028,Россия,Россия
840,2700,"Набор деревянных елочных игрушек Санта и Снеговик Олли 12-15 см, 2 шт, подвеска",900.0,/goods/nabor-derevyannyh-elochnyh-igrushek-santa-i-snegovik-olli-12-15-sm-2-sht-podveska/,"Дед Мороз, Снегурочка и Снеговик",S (7-14 см),Дерево,красный / бордовый,стандарт,Да,Нет,0.15,0.001,Китай,Нидерланды
841,2702,Елочная игрушка Фея Рэй - Copperfrost Tales 8 см,1790.0,/goods/elochnaya-igrushka-feya-rjej-iz-zacharovannogo-lesa-8-sm-podveska/,Ангелы и Феи,S (7-14 см),Полистоун,шоколадный / коричневый,премиум,Нет,Нет,0.08,0.0003,Китай,Нидерланды
842,2709,"Набор деревянных елочных игрушек Лошадка-качалка: Счастливое Детство 7 см, 4 шт, подвеска",2490.0,/goods/nabor-derevyannyh-elochnyh-igrushek-loshadka-kachalka-schastlivoe-detstvo-7-sm-4-sht-podveska/,Символ года 2026,S (7-14 см),Дерево,кремовый / светлое дерево,стандарт,Да,Нет,0.11,0.0009,Китай,Германия
843,2714,"Стеклянная елочная игрушка Гном Йорик из Гудхема 10 см, подвеска",430.0,/goods/steklyannaya-elochnaya-igrushka-gnom-jorik-iz-gudhema-10-sm-podveska/,Персонажи сказок,S (7-14 см),Стекло,синий / голубой,стандарт,Нет,Нет,0.06,0.0005,Россия,Россия
844,2716,"Набор елочных игрушек Пряничные Домики 9 см, 4 шт, подвеска",1280.0,/goods/nabor-elochnyh-igrushek-pryanichnye-domiki-9-sm-4-sht-podveska/,Домики,S (7-14 см),Полимерная глина,красный / бордовый,стандарт,Да,Нет,0.11,0.0003,Китай,Нидерланды
845,2717,"Набор елочных игрушек Golfo Aranci - Снежинки 13 см, 6 шт, подвеска",4960.0,/goods/nabor-elochnyh-igrushek-golfo-aranci---snezhinki-13-sm-6-sht-podveska/,Снежинки,S (7-14 см),Полимерная глина,красный / бордовый,стандарт,Да,Нет,0.25,0.0012,Китай,Нидерланды
846,2719,Стеклянная елочная игрушка Гранат Sweet Treasure 7 см,480.0,/goods/steklyannaya-elochnaya-igrushka-granat-sweet-treasure-7-sm/,"Фрукты, овощи",S (7-14 см),Стекло,розовый,стандарт,Нет,Нет,0.02,0.0003,Китай,Нидерланды
847,2727,"Елочная игрушка Эльф Рикки - Помощник Санты 12 см, подвеска",2620.0,/goods/elochnaya-igrushka-jelf-rikki---pomoshhnik-santy-12-sm-podveska/,Гномы и Эльфы,S (7-14 см),Полистоун,красный / бордовый,премиум,Нет,Нет,0.09,0.0004,Китай,Бельгия
848,2728,"Елочная игрушка Эльф Кай на птице 10 см, подвеска",1680.0,/goods/elochnaya-igrushka-jelf-kaj-na-ptice-10-sm-podveska/,Птицы,S (7-14 см),Полистоун,шоколадный / коричневый,премиум,Нет,Нет,0.1,0.0005,Китай,Бельгия
849,2729,"Стеклянная елочная игрушка Грибной домик Аманитт 8 см, подвеска",1440.0,/goods/steklyannaya-elochnaya-igrushka-gribnoj-domik-amanitt-8-sm-podveska/,Домики,S (7-14 см),Стекло,красный / бордовый,премиум,Нет,Нет,0.06,0.001,Китай,Нидерланды
851,2740,"Светящаяся елочная игрушка Домик с Елочкой на батарейке 7.5*5*7.2 см, подвеска",540.0,/goods/domik-s-elochkoj-svetyashhijsya-75x5x72sm-led9696/,Домики,S (7-14 см),Пластик,разноцветные,стандарт,Нет,Да,0.09,0.0012,Китай,Россия
852,2741,"Елочная игрушка из бисера Снежинка Арагона 21 см, золотая, подвеска",470.0,/goods/elochnaya-igrushka-iz-bisera-snezhinka-aragona-21-sm-zolotaya-podveska/,Снежинки,M (15-30 см),Металл,золото,стандарт,Нет,Нет,0.02,0.0005,Индия,Нидерланды
853,2743,"Кукла на елку Фея-Танцовщица Талиса - Балет Ривенделла 30 см, подвеска",1310.0,/goods/kukla-na-elku-feya-tancovshhica-talisa-balet-rivendella-30-sm-podveska/,Ангелы и Феи,M (15-30 см),Текстиль,розовый,стандарт,Нет,Нет,0.11,0.0027,Китай,Нидерланды
854,2752,"Елочная игрушка Колокольчик Винтердейл 11 см, подвеска",270.0,/goods/elochnaya-igrushka-kolokolchik-vinterdejl-11-sm-podveska/,Колокольчики,S (7-14 см),Текстиль,красный / бордовый,стандарт,Нет,Нет,0.02,0.0002,Россия,Россия
855,2756,"Стеклянная елочная игрушка Снеговик в шапочке 12 см зеленый, подвеска",220.0,/goods/steklyannaya-elochnaya-igrushka-snegovik-v-shapochke-12x5-sm-zelenyj-podveska/,"Дед Мороз, Снегурочка и Снеговик",S (7-14 см),Стекло,белый,стандарт,Нет,Нет,0.02,0.0003,Китай,Нидерланды
856,2757,"Стеклянная елочная игрушка Дед Мороз в изумрудных рукавичках 17 см, подвеска",3760.0,/goods/steklyannaya-elochnaya-igrushka-ded-moroz-v-izumrudnyh-rukavichkah-17-sm-podveska/,"Дед Мороз, Снегурочка и Снеговик",M (15-30 см),Стекло,шоколадный / коричневый,премиум,Нет,Нет,0.03,0.0013,Германия,Германия
857,2758,"Стеклянная елочная игрушка Снегурочка - Дымковский Орнамент 12 см, подвеска",700.0,/goods/steklyannaya-elochnaya-igrushka-snegurochka---dymkovskij-ornament-12-sm-podveska/,"Дед Мороз, Снегурочка и Снеговик",S (7-14 см),Стекло,синий / голубой,стандарт,Нет,Нет,0.07,0.0008,Россия,Россия
858,2759,Стеклянная елочная игрушка Дед Мороз - Волшебник из Ветраллы 18 см,8270.0,/goods/steklyannaya-elochnaya-igrushka-babbo-natale---volshebnik-iz-vetrally-18-sm-podveska/,"Дед Мороз, Снегурочка и Снеговик",M (15-30 см),Стекло,разноцветные,премиум,Нет,Нет,0.28,0.006,Китай,Нидерланды
859,2760,"Набор елочных игрушек Мексиканские Краски 10-12 см, 3 шт, подвеска",790.0,/goods/nabor-elochnyh-igrushek-meksikanskie-kraski-10-12-sm-3-sht-podveska/,Звездочки,S (7-14 см),Текстиль,розовый,стандарт,Да,Нет,0.02,0.0009,Китай,Нидерланды
860,2762,"Елочная игрушка Бычок Серж 8 см, подвеска",140.0,/goods/elochnaya-igrushka-bychok-serzh-8-sm-podveska/,Животные,S (7-14 см),Полистоун,шоколадный / коричневый,эконом,Нет,Нет,0.11,0.0001,Китай,Россия
861,2764,Стеклянная елочная игрушка Зодиак - Змея Шарлотта 10 см зеленая,390.0,/goods/steklyannaya-elochnaya-igrushka-zodiak---zmeya-sharlotta-zelenaya/,Животные,S (7-14 см),Стекло,зеленый,стандарт,Нет,Нет,0.04,0.0004,Россия,Россия
862,2770,"Стеклянная елочная игрушка Курочка Хельга 7 см, подвеска",1780.0,/goods/steklyannaya-elochnaya-igrushka-kurochka-helga-7-sm-podveska/,Птицы,S (7-14 см),Стекло,кремовый / светлое дерево,премиум,Нет,Нет,0.02,0.0002,Германия,Германия
863,2772,"Светодиодная гирлянда на батарейках Домики - Елочки 1.8 м, 10 теплых LED ламп",780.0,/goods/svetodiodnaya-girlyanda-na-batarejkah-domiki---elochki-180-m-10-teplyh-led-lamp-tajmer/,Домики,S (7-14 см),Дерево,кремовый / светлое дерево,стандарт,Нет,Да,0.13,0.0012,Китай,Россия
864,2784,"Елочная игрушка Пуансеттия Golden Glow 13 см, подвеска",920.0,/goods/elochnaya-igrushka-puansettiya-golden-glow-13-sm-podveska/,Пуансеттии,S (7-14 см),Пластик,золото,премиум,Нет,Нет,0.04,0.0004,Китай,Нидерланды
865,2793,"Елочная игрушка Лисичка Фокси 13 см рыжая, подвеска",460.0,/goods/elochnaya-igrushka-lisichka-foksi-13-sm-ryzhaya-podveska/,Животные,S (7-14 см),Текстиль,шоколадный / коричневый,стандарт,Нет,Нет,0.04,0.0002,Китай,Нидерланды
866,2797,"Кукла на елку Фея-Танцовщица Шантиль - Балет Ривенделла 30 см, подвеска",1310.0,/goods/kukla-na-elku-feya-tancovshhica-shantil-balet-rivendella-30-sm-podveska/,Ангелы и Феи,M (15-30 см),Текстиль,кремовый / светлое дерево,стандарт,Нет,Нет,0.11,0.0014,Китай,Нидерланды
867,2798,"Стеклянная елочная игрушка Попугай Рико 6 см, подвеска",370.0,/goods/steklyannaya-elochnaya-igrushka-popugaj-riko-6-sm-podveska/,Птицы,XS (до 6 см),Стекло,красный / бордовый,стандарт,Нет,Нет,0.06,0.0002,Россия,Россия
868,2803,"Елочная игрушка Феечка Ализе - Foresta di Noci 10 см, подвеска",1560.0,/goods/elochnaya-igrushka-feechka-alize---foresta-di-noci-10-sm-podveska/,Шишки и желуди,S (7-14 см),Полистоун,шоколадный / коричневый,премиум,Нет,Нет,0.09,0.0002,Китай,Бельгия
869,2804,"Елочная игрушка Колокольчик - Winter Wishes 14 см зеленый, подвеска",630.0,/goods/elochnaya-igrushka-kolokolchik---winter-wishes-14-sm-zelenyj-podveska/,Колокольчики,S (7-14 см),Металл,зеленый,стандарт,Нет,Нет,0.15,0.0024,Китай,Нидерланды
870,2805,Елочная игрушка Колокольчик 10 см красный 4 шт,480.0,/goods/kolokol-10sm-nabor-6sht-krasnye11446/,Колокольчики,S (7-14 см),Пластик,красный / бордовый,эконом,Да,Нет,0.12,0.0018,Китай,Россия
871,2808,"Елочное украшение Сердце Карменситы 28 см, подвеска",620.0,/goods/elochnoe-ukrashenie-serdce-karmensity-28-sm-podveska/,Сердечки,M (15-30 см),Текстиль,серый,премиум,Нет,Нет,0.03,0.0004,Китай,Италия
872,2810,"Стеклянная елочная игрушка Снеговик Мороз - Lusso di Caserta 15 см, подвеска",6580.0,/goods/steklyannaya-elochnaya-igrushka-snegovik-moroz---lusso-di-caserta-15-sm-podveska/,"Дед Мороз, Снегурочка и Снеговик",M (15-30 см),Стекло,синий / голубой,премиум,Нет,Нет,0.24,0.0062,Китай,Нидерланды
873,2811,"Стеклянная елочная игрушка Снеговик Юлиан в голубом свитере 10 см, подвеска",2040.0,/goods/steklyannaya-elochnaya-igrushka-snegovik-yulian-v-golubom-svitere-10-sm-podveska/,"Дед Мороз, Снегурочка и Снеговик",S (7-14 см),Стекло,синий / голубой,премиум,Нет,Нет,0.07,0.0003,Китай,Нидерланды
874,2815,"Елочная игрушка Бычок Жюльен 8 см, подвеска",110.0,/goods/elochnaya-igrushka-bychok-zhyulen-8-sm-podveska/,Животные,S (7-14 см),Полистоун,шоколадный / коричневый,эконом,Нет,Нет,0.11,0.0001,Китай,Россия
875,2816,"Елочная игрушка Сафари - Гепард 13 см, подвеска",1280.0,/goods/elochnaya-igrushka-safari-gepard-13-sm-podveska/,Животные,S (7-14 см),Полистоун,желтый / оранжевый,премиум,Нет,Нет,0.06,0.0001,Китай,Нидерланды
876,2817,Стеклянная елочная игрушка Зодиак - Змея Кэролайн 9 см синяя,490.0,/goods/steklyannaya-elochnaya-igrushka-zodiak---zmeya-kjerolajn-sinyaya/,Животные,S (7-14 см),Стекло,синий / голубой,стандарт,Нет,Нет,0.03,0.0004,Россия,Россия
877,2824,"Стеклянная елочная игрушка Фонарь - Птичка на ветке 8 см, подвеска",1250.0,/goods/steklyannaya-elochnaya-igrushka-fonar---ptichka-na-vetke-8-sm-podveska/,Персонажи сказок,S (7-14 см),Стекло,золото,стандарт,Нет,Нет,0.09,0.0006,Россия,Россия
878,2845,"Подвесное украшение Звезда Eras 25 см, дерево",1130.0,/goods/podvesnoe-ukrashenie-zvezda-eras-25-sm-derevo/,Звездочки,M (15-30 см),Дерево,шоколадный / коричневый,премиум,Нет,Нет,0.25,0.0014,Индия,Нидерланды
879,2847,"Декоративный светильник Звезда Apeldoorn Story - Рождество в лесу 14 см, на батарейках",1150.0,/goods/dekorativnyj-svetilnik-zvezda-apeldoorn-story---rozhdestvo-v-lesu-14-sm-na-batarejkah/,Звездочки,S (7-14 см),Дерево,кремовый / светлое дерево,стандарт,Нет,Да,0.09,0.0005,Китай,Нидерланды
880,2848,"Елочная игрушка Бальное Платье Авроры 14 см, подвеска",430.0,/goods/elochnaya-igrushka-balnoe-plate-avrory-14-sm-podveska/,Миниатюры,S (7-14 см),Акрил,серебро,стандарт,Нет,Нет,0.09,0.0004,Китай,Россия
881,2852,Стеклянная елочная игрушка Зодиак - Лошадка Пина 10 см золотая,920.0,/goods/steklyannaya-elochnaya-igrushka-zodiak---loshadka-pina-krasnaya/,Символ года 2026,S (7-14 см),Стекло,золото,стандарт,Нет,Нет,0.02,0.0006,Россия,Россия
882,2860,Гроздь колокольчиков 45 см красная,700.0,/goods/grozd-kolokolchikov-s-bantom-45-sm-krasnaya/,Колокольчики,L (31-50 см),Пластик,красный / бордовый,стандарт,Нет,Нет,0.06,0.0025,Китай,Россия
883,2861,"Декоративный бант Браони 13 см, 2 шт, серебристый",330.0,/goods/dekorativnyj-bant-braoni-29-sm-2-sht-serebristyj/,Банты на елку,S (7-14 см),Текстиль,серебро,стандарт,Да,Нет,0.04,0.0009,Китай,Нидерланды
884,2862,Бант на елку Luminous Luxe золотой,260.0,/goods/bant-na-elku-luminous-luxe-28x25-sm-zolotoj/,Банты на елку,M (15-30 см),Текстиль,золото,стандарт,Нет,Нет,0.07,0.0015,Китай,Россия
885,2863,"Стеклянная елочная игрушка Изящное сердечко 7.5 см серебряный, подвеска",210.0,/goods/elochnaya-igrushka-izyashhnoe-serdechko-75-sm-serebro-steklo-podveska/,Сердечки,S (7-14 см),Стекло,серебро,стандарт,Нет,Нет,0.18,0.0003,Индия,Нидерланды
886,2865,"Елочная игрушка Санта Клаус с пакетом: Quelle surprise 11 см, подвеска",1830.0,/goods/elochnaya-igrushka-santa-klaus-s-paketom-quelle-surprise-11-sm-podveska/,"Дед Мороз, Снегурочка и Снеговик",S (7-14 см),Полистоун,розовый,премиум,Нет,Нет,0.13,0.0004,Китай,Нидерланды
887,2869,"Елочная игрушка Фея Асафа: Quelle surprise 10 см, подвеска",1830.0,/goods/elochnaya-igrushka-feya-asafa-quelle-surprise-10-sm-podveska/,Ангелы и Феи,S (7-14 см),Полистоун,розовый,премиум,Нет,Нет,0.06,0.0004,Китай,Нидерланды
888,2870,Елочная игрушка Кот Коби - Christmas Cats 11 см,1840.0,/goods/elochnaya-igrushka-kot-kobi---christmas-cats-11-sm-podveska/,Животные,S (7-14 см),Искусственный мех,белый,премиум,Нет,Нет,0.04,0.0006,Китай,Нидерланды
889,2874,Стеклянная елочная игрушка Бык Буффало 11 см,3800.0,/goods/steklyannaya-elochnaya-igrushka-byk-buffalo-11-sm/,Животные,S (7-14 см),Стекло,желтый / оранжевый,премиум,Нет,Нет,0.03,0.0003,Германия,Германия
890,2875,"Стеклянная елочная игрушка Леопард Вилберт 16 см, подвеска",1890.0,/goods/steklyannaya-elochnaya-igrushka-leopard-vilbert-podveska/,Животные,M (15-30 см),Стекло,желтый / оранжевый,премиум,Нет,Нет,0.08,0.0005,Китай,Нидерланды
891,2890,"Елочная игрушка Эльфийка Эрока - Firry Forest 13 см, подвеска",770.0,/goods/elochnaya-igrushka-jelfijka-jeroka---firry-forest-13-sm-podveska/,Гномы и Эльфы,S (7-14 см),Полистоун,синий / голубой,стандарт,Нет,Нет,0.15,0.0006,Китай,Нидерланды
892,2899,"Подвесной светильник Звезда Адалин 18 см, 15 теплых белых LED ламп, на батарейках, стекло",2310.0,/goods/podvesnoj-svetilnik-zvezda-adalin-18-sm-15-teplyh-belyh-led-lamp-na-batarejkah-steklo/,Звездочки,M (15-30 см),Стекло,прозрачный,стандарт,Нет,Да,0.24,0.0027,Китай,Нидерланды
893,2902,"Елочное украшение Олень - танцующая Бриджит в сапфировом платье 27 см, подвеска",1040.0,/goods/elochnoe-ukrashenie-olen-tancuyushhaya-bridzhit-v-sapfirovom-plate-27-sm-podveska/,Животные,M (15-30 см),Текстиль,синий / голубой,стандарт,Нет,Нет,0.02,0.0012,Китай,Италия
894,2911,"Набор елочных игрушек Звезды 8 см розовая азалия, 6 шт, подвеска",350.0,/goods/nabor-elochnyh-igrushek-zvezdy-8-sm-rozovaya-azaliya-6-sht-podveska/,Звездочки,S (7-14 см),Пластик,розовый,стандарт,Да,Нет,0.07,0.0008,Китай,Нидерланды
895,2912,Гирлянда из колокольчиков 32 см золотая,370.0,/goods/grozd-kolokolchikov-32-sm-zolotaya/,Колокольчики,L (31-50 см),Пластик,золото,стандарт,Нет,Нет,0.08,0.0007,Китай,Россия
896,2913,"Стеклянная елочная игрушка Колокольчик Радость 8 см золотой, подвеска",660.0,/goods/steklyannaya-elochnaya-igrushka-kolokolchik-radost-8-sm-zolotoj-podveska/,Колокольчики,S (7-14 см),Стекло,золото,стандарт,Нет,Нет,0.03,0.0003,Россия,Россия
897,2915,Бант на елку Golden Fable: Снежинки 15*11 см,340.0,/goods/bant-na-elku-golden-fable-snezhinki-15-sm/,Банты на елку,M (15-30 см),Текстиль,золото,стандарт,Нет,Нет,0.11,0.0007,Китай,Нидерланды
898,2917,"Набор пасхальных украшений Pinky Eggs 11 см, 4 шт, подвеска",4720.0,/goods/nabor-pashalnyh-ukrashenij-pinky-eggs-11-sm-4-sht-podveska/,"Яйца, медальоны",S (7-14 см),Стекло,розовый,премиум,Да,Нет,0.33,0.0055,Китай,Италия
899,2920,"Елочная игрушка Снеговик Йенс на санках 9 см, подвеска",1960.0,/goods/elochnaya-igrushka-snegovik-jens-na-sankah-9-sm-podveska/,"Дед Мороз, Снегурочка и Снеговик",S (7-14 см),Полистоун,синий / голубой,премиум,Нет,Нет,0.07,0.0003,Китай,Нидерланды
900,2923,"Елочное украшение Летняя Фея с цветочным поясом 13 см розовая, подвеска",340.0,/goods/elochnoe-ukrashenie-letnyaya-feya-s-cvetochnym-poyasom-rozovaya-10x2x125-sm-podveska/,Ангелы и Феи,S (7-14 см),Полимерная глина,розовый,стандарт,Нет,Нет,0.04,0.0022,Китай,Россия
901,2924,Стеклянная елочная игрушка Зодиак - Змея Дебора с подарком 9 см красная,390.0,/goods/steklyannaya-elochnaya-igrushka-zodiak---zmeya-debora-s-podarkom-krasnaya/,Животные,S (7-14 см),Стекло,красный / бордовый,стандарт,Нет,Нет,0.03,0.0006,Россия,Россия
902,2927,Стеклянная елочная игрушка Пудель 6 см,370.0,/goods/steklyannaya-elochnaya-igrushka-pudel-6-sm-podveska/,Животные,XS (до 6 см),Стекло,белый,стандарт,Нет,Нет,0.06,0.0002,Россия,Россия
903,2929,"Елочная игрушка Венок с Оленем 11 см, подвеска",340.0,/goods/elochnaya-igrushka-venok-s-olenem-11-sm-podveska/,Животные,S (7-14 см),Акрил,красный / бордовый,стандарт,Нет,Нет,0.08,0.0006,Китай,Россия
904,2930,"Елочная игрушка Олененок Ханна - Хрустальное копытце 8 см, подвеска",1010.0,/goods/elochnaya-igrushka-olenenok-hanna---hrustalnoe-kopytce-8-sm-podveska/,Животные,S (7-14 см),Полистоун,белый,премиум,Нет,Нет,0.02,0.0001,Китай,Нидерланды
905,2934,"Елочная игрушка Домик Голубки Марселы 10 см, подвеска",1970.0,/goods/elochnaya-igrushka-domik-golubki-marsely-10-sm-podveska/,Птицы,S (7-14 см),Полистоун,розовый,премиум,Нет,Нет,0.07,0.0003,Китай,Нидерланды
906,2945,"Искусственная пуансеттия Marsicana 30 см фиолетовая, клипса",380.0,/goods/iskusstvennaya-puansettiya-marsicana-30-sm-fioletovaya-klipsa/,Пуансеттии,M (15-30 см),Текстиль,фиолетовый,стандарт,Нет,Нет,0.03,0.0019,Китай,Россия
907,2947,Коллекционная кукла Эльф Меллиан - Valentines Day 35 см,14850.0,/goods/kollekcionnaya-kukla-jelf-mellian---valentines-day-35-sm/,Гномы и Эльфы,L (31-50 см),Текстиль,розовый,премиум,Нет,Нет,0.77,0.0083,Китай,США
908,2948,Коллекционная кукла Пасхальный Эльф Райли - Happy Smile 47 см,24440.0,/goods/kollekcionnaya-kukla-pashalnyj-jelf-rajli---happy-smile-47-sm/,Гномы и Эльфы,XL (51-80 см),Текстиль,розовый,премиум,Нет,Нет,1.43,0.0208,Китай,США
909,2949,"Елочная игрушка Гриб Мухомор - Fagus Forest 9 см, подвеска",970.0,/goods/elochnaya-igrushka-grib-muhomor---fagus-forest-9-sm-podveska/,Грибы,S (7-14 см),Пластик,красный / бордовый,премиум,Нет,Нет,0.03,0.0008,Китай,Нидерланды
910,2950,"Елочная игрушка Балерина Аннемари Феанорра из Долины Подснежников 18 см, подвеска",1740.0,/goods/elochnaya-igrushka-balerina-annemari-feanorra-iz-doliny-podsnezhnikov-18-sm-podveska/,Балет,M (15-30 см),Полистоун,белый,премиум,Нет,Нет,0.06,0.0006,Китай,Бельгия
911,2956,Гирлянда Боа из перьев Мэрикруз 184 см бургунди,1120.0,/goods/girlyanda-boa-iz-perev-mjerikruz-184-sm-burgundi/,Текстильные игрушки,XXL (81 см и более),Перья,красный / бордовый,стандарт,Нет,Нет,0.11,0.004,Китай,Нидерланды
912,2959,"Кукла на елку Фея-Танцовщица Шери - Балет Ривенделла 30 см, подвеска",1310.0,/goods/kukla-na-elku-feya-tancovshhica-sheri-balet-rivendella-30-sm-podveska/,Ангелы и Феи,M (15-30 см),Текстиль,красный / бордовый,стандарт,Нет,Нет,0.11,0.0027,Китай,Нидерланды
913,2960,"Набор елочных мини-украшений Christmas Gift: Полярная Ночь, 30 шт, пластик",500.0,/goods/nabor-elochnyh-mini-ukrashenij-christmas-gift-polyarnaya-noch-30-sht-plastik/,Игрушки для настольных елок,XS (до 6 см),Пластик,разноцветные,стандарт,Да,Нет,0.11,0.0033,Китай,Нидерланды
914,2966,"Набор стеклянных елочных игрушек Шишки - Birmingham 10 см, 12 шт",5460.0,/goods/nabor-steklyannyh-elochnyh-igrushek-shishki---birmingham-10-sm-12-sht-podveska/,Шишки и желуди,S (7-14 см),Стекло,серебро,стандарт,Да,Нет,0.72,0.0096,Китай,Нидерланды
915,2967,"Набор елочных игрушек Синьора Изидора - Розовые Сады Эльбы 13 см, 6 шт, подвеска",4450.0,/goods/nabor-elochnyh-igrushek-markiza-izidora---rozovye-sady-jelby-13-sm-6-sht-podveska/,Колокольчики,S (7-14 см),Керамика / Фарфор,розовый,премиум,Да,Нет,1.32,0.0135,Китай,Италия
916,2968,Бант на елку Lucido Striscia золотой,310.0,/goods/bant-na-elku-lucido-striscia-16-sm-zolotoj/,Банты на елку,M (15-30 см),Текстиль,золото,стандарт,Нет,Нет,0.02,0.001,Китай,Италия
917,2969,"Бант кожаный ""Элегантный"", серебро",960.0,/goods/bant-kozhanyj-jelegantnyj-40-sm-serebro/,Банты на елку,L (31-50 см),Эко-кожа,серебро,стандарт,Нет,Нет,0.25,0.009,Россия,Россия
918,2970,"Набор стеклянных елочных игрушек Сердце Монплезира 4.5 см лавандовый mix, 12 шт",520.0,/goods/nabor-steklyannyh-elochnyh-igrushek-serdce-monplezira-45-sm-lavandovyj-mix-12-sht-podveska/,Сердечки,XS (до 6 см),Стекло,фиолетовый,стандарт,Да,Нет,0.07,0.0005,Китай,Нидерланды
919,2971,"Набор пасхальных украшений Lavendo Eggs 11 см, 4 шт, подвеска",4720.0,/goods/nabor-pashalnyh-ukrashenij-lavendo-eggs-11-sm-4-sht-podveska/,"Яйца, медальоны",S (7-14 см),Стекло,фиолетовый,премиум,Да,Нет,0.33,0.0055,Китай,Италия
920,2972,"Набор пасхальных украшений Lasure Eggs 11 см, 4 шт, подвеска",4720.0,/goods/nabor-pashalnyh-ukrashenij-lasure-eggs-11-sm-4-sht-podveska/,"Яйца, медальоны",S (7-14 см),Стекло,бирюзовый,премиум,Да,Нет,0.33,0.0055,Китай,Италия
921,2973,"Деревянная елочная игрушка Снеговик у елочки 8 см красная, подвеска",290.0,/goods/derevyannaya-elochnaya-igrushka-snegovik-u-elochki-8-sm-krasnaya-podveska/,"Дед Мороз, Снегурочка и Снеговик",S (7-14 см),Дерево,красный / бордовый,стандарт,Нет,Нет,0.01,0.0001,Китай,Германия
922,2974,"Стеклянная ёлочная игрушка Дед Мороз - Зимний волшебник в красном кафтане 13 см, подвеска",750.0,/goods/steklyannaya-yolochnaya-igrushka-ded-moroz---zimnij-volshebnik-v-krasnom-kaftane-13-sm-podveska/,"Дед Мороз, Снегурочка и Снеговик",S (7-14 см),Стекло,красный / бордовый,стандарт,Нет,Нет,0.05,0.0012,Россия,Россия
923,2975,"Елочная игрушка Санта Клаус - Christmas Miracles 11 см, подвеска",1580.0,/goods/elochnaya-igrushka-santa-klaus---christmas-miracles-11-sm-podveska/,"Дед Мороз, Снегурочка и Снеговик",S (7-14 см),Полистоун,золото,премиум,Нет,Нет,0.1,0.0002,Китай,Нидерланды
924,2976,Бумажное украшение Елочка Алетия 26 см зеленая,300.0,/goods/bumazhnoe-ukrashenie-elochka-aletiya-26-sm-zelenaya/,Елочки,M (15-30 см),Бумага,зеленый,стандарт,Нет,Нет,0.11,0.0004,Китай,Нидерланды
925,2979,Стеклянная елочная игрушка Поросенок Теодоро - Dear Friend 11 см,2320.0,/goods/steklyannaya-elochnaya-igrushka-porosenok-teodoro---dear-friend-11-sm/,Животные,S (7-14 см),Стекло,розовый,премиум,Нет,Нет,0.03,0.0003,Германия,Германия
926,2980,"Елочная игрушка Сафари - Зебра 10 см, подвеска",1280.0,/goods/elochnaya-igrushka-safari-zebra-10-sm-podveska/,Животные,S (7-14 см),Полистоун,белый,премиум,Нет,Нет,0.06,0.0003,Китай,Нидерланды
927,2981,Стеклянная елочная игрушка Зодиак - Змея Шарлотта 9 см синяя,350.0,/goods/steklyannaya-elochnaya-igrushka-zodiak---zmeya-sharlotta-sinyaya/,Животные,S (7-14 см),Стекло,синий / голубой,стандарт,Нет,Нет,0.04,0.0004,Россия,Россия
928,2982,Елочная игрушка Пегас Лорент из Луносвета 15 см,1720.0,/goods/elochnaya-igrushka-pegas-lorent-iz-lunosveta-15-sm/,Животные,M (15-30 см),Полистоун,белый,премиум,Нет,Нет,0.13,0.0015,Китай,Бельгия
929,2984,Елочная игрушка Дама-Собачка-Пудель 13 см,460.0,/goods/elochnaya-igrushka-dama-sobachka-pudel-65x3x13-sm-podveska/,Животные,S (7-14 см),Полистоун,красный / бордовый,стандарт,Нет,Нет,0.06,0.0005,Китай,Россия
930,2985,Стеклянный елочный шар Ежик 6 см,680.0,/goods/steklyannyj-elochnyj-shar-ezhik-6-sm/,Животные,XS (до 6 см),Стекло,кремовый / светлое дерево,стандарт,Нет,Нет,0.02,0.0003,Россия,Россия
931,2987,"Стеклянная елочная игрушка Царевна-Лебедь 15 см, подвеска",3190.0,/goods/steklyannaya-elochnaya-igrushka-carevna-lebed-15-sm-podveska/,Птицы,S (7-14 см),Стекло,белый,премиум,Нет,Нет,0.03,0.0007,Китай,Бельгия
932,2989,"Набор деревянных елочных игрушек Рождественские домики 13 см 3 шт, подвеска",680.0,/goods/nabor-elochnyh-igrushek-zimnie-domiki-13-sm-3-sht-podveska/,Домики,S (7-14 см),Дерево,белый,стандарт,Да,Нет,0.11,0.001,Китай,Нидерланды
933,2996,Стеклянная елочная игрушка Тыква Джек 9 см,2420.0,/goods/steklyannaya-elochnaya-igrushka-tykva-dzhek-9-sm/,Персонажи сказок,S (7-14 см),Стекло,желтый / оранжевый,премиум,Нет,Нет,0.02,0.0005,Германия,Германия
934,3004,"Елочная игрушка Гном Толстячок 7 см, подвеска",380.0,/goods/elochnaya-igrushka-gnom-tolstyachok-7-sm-podveska/,Персонажи сказок,S (7-14 см),Полистоун,красный / бордовый,стандарт,Нет,Нет,0.03,0.0001,Китай,Швеция
935,3006,"Елочная игрушка Балерина Дилора - Perla Caprici Silve 17 см, подвеска",2120.0,/goods/elochnaya-igrushka-balerina-dilora---perla-caprici-silve-17-sm-podveska/,Балет,M (15-30 см),Полистоун,кремовый / светлое дерево,премиум,Нет,Нет,0.02,0.0007,Китай,Бельгия
936,3008,"Елочная игрушка Сказочный Поезд 10 см, зеленая, подвеска",180.0,/goods/elochnaya-igrushka-skazochnyj-poezd-10-sm-zelenaya-podveska/,"Пряники, конфеты, сладости",S (7-14 см),Пластик,зеленый,эконом,Нет,Нет,0.03,0.0003,Китай,Россия
937,3011,"Винтажная елочная игрушка Желудь Matisse 9 см синий, стекло, подвеска",430.0,/goods/vintazhnaya-elochnaya-igrushka-zhelud-matisse-9-sm-sinij-steklo-podveska/,Шишки и желуди,S (7-14 см),Стекло,синий / голубой,премиум,Нет,Нет,0.09,0.0003,Индия,Нидерланды
938,3014,"Елочная игрушка из фетра Цветочная Сова 9 см, подвеска",150.0,/goods/elochnaya-igrushka-iz-fetra-cvetochnaya-sova-9-sm-4-sht-podveska/,Птицы,S (7-14 см),Текстиль,шоколадный / коричневый,эконом,Нет,Нет,0.15,0.0002,Китай,Германия
939,3017,"Кукла на елку Фея - Леди Марселла с сердечком 40 см, подвеска",790.0,/goods/kukla-na-elku-feya-ledi-marsella-s-serdechkom-40-sm-podveska/,Ангелы и Феи,L (31-50 см),Текстиль,кремовый / светлое дерево,стандарт,Нет,Нет,0.07,0.0016,Китай,Италия
940,3026,"Набор стеклянных елочных игрушек Звезды 4.5 см magnolia mix, 12 шт",460.0,/goods/nabor-steklyannyh-elochnyh-igrushek-zvezdy-45-sm-magnolia-mix-12-sht-podveska/,Звездочки,XS (до 6 см),Стекло,розовый,стандарт,Да,Нет,0.09,0.0006,Китай,Россия
941,3027,"Набор колокольчиков Sonnette Голубой туман 8 см, 2 шт, стекло",720.0,/goods/nabor-kolokolchikov-sonnette-goluboj-tuman-8-sm-2-sht-steklo-podveska/,Колокольчики,S (7-14 см),Стекло,синий / голубой,стандарт,Да,Нет,0.15,0.0018,Китай,Нидерланды
942,3028,Елочная игрушка Колокольчик 10 см серебряный 4 шт,480.0,/goods/kolokol-10sm-nabor-6sht-serebro11445/,Колокольчики,S (7-14 см),Пластик,серебро,эконом,Да,Нет,0.12,0.0018,Китай,Россия
943,3030,Бант на елку Luminous Luxe серебряный,260.0,/goods/bant-na-elku-luminous-luxe-28x25-sm-serebryanyj/,Банты на елку,M (15-30 см),Текстиль,серебро,стандарт,Нет,Нет,0.07,0.0015,Китай,Россия
944,3033,"Декоративные украшения Пасхальные Яйца - Cute Rabbit 6 см, 6 шт, стекло",460.0,/goods/dekorativnye-ukrasheniya---pashalnye-yajca-cute-rabbit-6-sm-6-sht-steklo/,"Яйца, медальоны",XS (до 6 см),Стекло,кремовый / светлое дерево,стандарт,Да,Нет,0.06,0.0007,Китай,Нидерланды
945,3035,"Елочная игрушка Снеговик Флаффи 13 см, подвеска",580.0,/goods/elochnaya-igrushka-snegovik-flaffi-13-sm-podveska/,"Дед Мороз, Снегурочка и Снеговик",S (7-14 см),Текстиль,белый,стандарт,Нет,Нет,0.02,0.0002,Китай,Нидерланды
946,3036,"Елочная игрушка Санта - Norse Morning 18 см, подвеска",1280.0,/goods/elochnaya-igrushka-santa---norse-morning-18-sm-podveska/,"Дед Мороз, Снегурочка и Снеговик",M (15-30 см),Текстиль,красный / бордовый,стандарт,Нет,Нет,0.07,0.002,Китай,Нидерланды
947,3040,"Деревянная елочная игрушка Бранденбургская Лошадка-Качалка 18 см, подвеска",580.0,/goods/derevyannaya-elochnaya-igrushka-brandenburgskaya-loshadka-kachalka-18-sm-podveska/,Символ года 2026,M (15-30 см),Дерево,белый,стандарт,Нет,Нет,0.07,0.0006,Китай,Германия
948,3041,"Стеклянная елочная игрушка Заяц 9 см, подвеска",1960.0,/goods/steklyannaya-elochnaya-igrushka-zayac-9-sm-podveska/,Животные,S (7-14 см),Стекло,шоколадный / коричневый,премиум,Нет,Нет,0.02,0.0003,Германия,Германия
949,3043,Стеклянная елочная игрушка Зодиак - Змея Кэролайн 10 см красная,490.0,/goods/steklyannaya-elochnaya-igrushka-zodiak---zmeya-kjerolajn-krasnaya/,Животные,S (7-14 см),Стекло,зеленый,стандарт,Нет,Нет,0.03,0.0004,Россия,Россия
950,3060,"Набор елочных игрушек Baziano - Осенняя Феерия 11 см, 4 шт",370.0,/goods/nabor-elochnyh-igrushek-baziano---osennyaya-feeriya-11-sm-4-sht/,Шишки и желуди,S (7-14 см),Дерево,шоколадный / коричневый,стандарт,Да,Нет,0.01,0.0002,Китай,Нидерланды
951,3062,"Стеклянная елочная игрушка Гном Хенрик из Гудхема 10 см, подвеска",430.0,/goods/steklyannaya-elochnaya-igrushka-gnom-henrik-iz-gudhema-10-sm-podveska/,Персонажи сказок,S (7-14 см),Стекло,синий / голубой,стандарт,Нет,Нет,0.04,0.0003,Россия,Россия
952,3064,Елочная игрушка Балерина Жозефина Сюель 16 см,1480.0,/goods/elochnaya-igrushka-balerina-zhozefina-syuel-16-sm/,Балет,M (15-30 см),Полистоун,белый,премиум,Нет,Нет,0.03,0.0002,Китай,Бельгия
953,3067,"Набор елочных игрушек Этельберт 10 см терракотовый, 3 шт, подвеска",410.0,/goods/nabor-elochnyh-igrushek-jetelbert-10-sm-terrakotovyj-3-sht-podveska/,Звездочки,S (7-14 см),Текстиль,шоколадный / коричневый,стандарт,Да,Нет,0.04,0.0004,Китай,Германия
954,3069,"Кукла на елку Фея - Балерина Мария - Мариинские танцы 24 см шампань, подвеска",950.0,/goods/kukla-na-elku-feya-balerina-mariya-mariinskie-tancy-24-sm-shampan-podveska/,Ангелы и Феи,M (15-30 см),Текстиль,кремовый / светлое дерево,стандарт,Нет,Нет,0.02,0.0017,Китай,Италия
955,3077,Гирлянда из колокольчиков 32 см серебряная,370.0,/goods/grozd-kolokolchikov-s-hvoej-32-sm-serebryanaya/,Колокольчики,L (31-50 см),Пластик,серебро,стандарт,Нет,Нет,0.08,0.0007,Китай,Россия
956,3078,Бант пластиковый с блёстками белый,430.0,/goods/bant-plastikovyj-s-blestkami-13x14-sm-belyj_sub/,Банты на елку,S (7-14 см),Пластик,белый,стандарт,Нет,Нет,0.01,0.0007,Китай,Нидерланды
957,3079,Бант на елку Golden Fable: Узоры 15*11 см,340.0,/goods/bant-na-elku-golden-fable-uzory-15-sm/,Банты на елку,M (15-30 см),Текстиль,золото,стандарт,Нет,Нет,0.11,0.0007,Китай,Нидерланды
958,3080,"Стеклянная елочная игрушка Сердечко Элегия 6.5 см фиолетовая, подвеска",470.0,/goods/steklyannaya-elochnaya-igrushka-serdechko-jelegiya-65-sm-fioletovaya-podveska/,Сердечки,XS (до 6 см),Стекло,фиолетовый,стандарт,Нет,Нет,0.02,0.0001,Россия,Россия
959,3081,"Декоративные украшения Пасхальные Яйца - Good Rabbit 6 см, 3 шт, стекло",620.0,/goods/dekorativnye-ukrasheniya---pashalnye-yajca-good-rabbit-6-sm-3-sht-steklo/,"Яйца, медальоны",S (7-14 см),Стекло,белый,стандарт,Да,Нет,0.09,0.0014,Китай,Нидерланды
960,3082,Винтажное подвесное украшение Яйцо - Velveto Bovalino 22 см,2420.0,/goods/vintazhnaya-elochnaya-igrushka-yajco---velveto-bovalino-22-sm-podveska/,"Яйца, медальоны",M (15-30 см),Текстиль,зеленый,премиум,Нет,Нет,0.07,0.0049,Таиланд,Россия
961,3083,"Елочная игрушка Снеговик Ренато в шапочке 8 см, подвеска",440.0,/goods/elochnaya-igrushka-snegovik-renato-v-shapochke-8-sm-podveska/,"Дед Мороз, Снегурочка и Снеговик",S (7-14 см),Полистоун,белый,стандарт,Нет,Нет,0.04,0.0005,Китай,Нидерланды
962,3085,"Елочная игрушка Ангел Благовестник 17 см серебряный, подвеска",310.0,/goods/elochnaya-igrushka-angel-blagovestnik-17-sm-serebro-podveska/,Ангелы и Феи,M (15-30 см),Акрил,белый,стандарт,Нет,Нет,0.03,0.0006,Китай,Россия
963,3086,"Елочная игрушка Ангел Firecia 19 см, подвеска",250.0,/goods/elochnaya-igrushka-angel-firecia-19-sm-podveska/,Ангелы и Феи,M (15-30 см),Текстиль,белый,эконом,Нет,Нет,0.01,0.0001,Китай,Нидерланды
964,3090,"Елочная игрушка Лошадка-качалка Джоди в зеленой упряжке 8 см, подвеска",330.0,/goods/elochnaya-igrushka-loshadka-kachalka-dzhodi-v-zelenoj-upryazhke-8-sm-podveska/,Символ года 2026,S (7-14 см),Пластик,белый,стандарт,Нет,Нет,0.02,0.0013,Китай,Нидерланды
965,3091,Подвесное украшение Пасхальная зайка Майя 10 см,1470.0,/goods/podvesnoe-ukrashenie-pashalnaya-zajka-majya-10-sm/,Животные,S (7-14 см),Полистоун,розовый,премиум,Нет,Нет,0.11,0.0002,Китай,Бельгия
966,3095,"Елочная игрушка Олененок Рози - Хрустальное копытце 8 см, подвеска",1010.0,/goods/elochnaya-igrushka-olenenok-rozi---hrustalnoe-kopytce-8-sm-podveska/,Животные,S (7-14 см),Полистоун,белый,премиум,Нет,Нет,0.02,0.0001,Китай,Нидерланды
967,3105,"Искусственная пуансеттия Fonte Vechia 27 см лиловая, клипса",1400.0,/goods/iskusstvennaya-puansettiya-fonte-vechia-27-sm-lilovaya-klipsa/,Пуансеттии,M (15-30 см),Текстиль,фиолетовый,премиум,Нет,Нет,0.11,0.003,Таиланд,Россия
968,3107,"Декоративные Мухоморчики Waldpilze 2 см, 60 шт, на проволоке",280.0,/goods/dekorativnye-muhomorchiki-na-provoloke-4-sm-60-sht/,Грибы,XS (до 6 см),Пенополистирол,красный / бордовый,стандарт,Да,Нет,0.06,0.0007,Китай,Нидерланды
969,3115,"Елочная игрушка Il Cuore di Catarina - Le Charme Granta 16 см, подвеска",1520.0,/goods/elochnaya-igrushka-il-cuore-di-catarina---le-charme-granta-16-sm-podveska/,Сердечки,M (15-30 см),Керамика / Фарфор,белый,премиум,Нет,Нет,0.41,0.0029,Китай,Италия
970,3118,"Елочная игрушка Фея Донна-Белла с розовыми крыльями 12 см, 2 шт, подвеска",590.0,/goods/elochnaya-igrushka-feya-donna-bella-s-rozovymi-krylyami-12-sm-2-sht-podveska/,Ангелы и Феи,S (7-14 см),Акрил,розовый,стандарт,Да,Нет,0.08,0.0011,Китай,Нидерланды
971,3127,Гирлянда из колокольчиков 32 см красная,370.0,/goods/grozd-kolokolchikov-s-hvoej-32-sm-krasnaya/,Колокольчики,L (31-50 см),Пластик,красный / бордовый,стандарт,Нет,Нет,0.08,0.0007,Китай,Россия
972,3128,"Елочная подвеска с бантом Жемчужная гроздь, 15 см",410.0,/goods/elochnaya-podveska-s-bantom-zhemchuzhnaya-grozd-15-sm/,Банты на елку,M (15-30 см),Текстиль,золото,стандарт,Нет,Нет,0.05,0.0007,Китай,Россия
973,3129,Декоративный бант Золотые Блестки,250.0,/goods/dekorativnyj-bant-zolotye-blestki-13-sm-2-sht/,Банты на елку,S (7-14 см),Текстиль,золото,стандарт,Да,Нет,0.02,0.0004,Китай,Нидерланды
974,3130,"Набор стеклянных елочных игрушек Сердце Mormante 8 см, 12 шт, подвеска",4320.0,/goods/nabor-steklyannyh-elochnyh-igrushek-serdce-mormante-8-sm-12-sht-podveska/,Сердечки,S (7-14 см),Стекло,разноцветные,стандарт,Да,Нет,0.35,0.0053,Китай,Нидерланды
975,3131,Винтажное подвесное украшение Яйцо - Velveto Lauro 22 см,2420.0,/goods/vintazhnaya-elochnaya-igrushka-yajco---velveto-lauro-22-sm-podveska/,"Яйца, медальоны",M (15-30 см),Текстиль,фиолетовый,премиум,Нет,Нет,0.07,0.0049,Таиланд,Россия
976,3132,"Винтажное подвесное украшение Яйцо - Velveto Gabello 10 см, подвеска",810.0,/goods/vintazhnaya-elochnaya-igrushka-yajco---velveto-gabello-10-sm-podveska/,"Яйца, медальоны",S (7-14 см),Текстиль,разноцветные,премиум,Нет,Нет,0.03,0.0006,Таиланд,Россия
977,3133,"Елочная игрушка Новогодний Сказочник - Санта 9 см, подвеска",260.0,/goods/elochnaya-igrushka-novogodnij-skazochnik-santa-9-sm-podveska/,"Дед Мороз, Снегурочка и Снеговик",S (7-14 см),Полимерная глина,красный / бордовый,стандарт,Нет,Нет,0.04,0.0001,Китай,Нидерланды
978,3135,"Елочная игрушка Снеговик Сэмюэль - Хранитель Леса 12 см с ёлочкой, подвеска",1790.0,/goods/elochnaya-igrushka-snegovik-sjemyujel-hranitel-lesa-12-sm-s-yolochkoj-podveska/,"Дед Мороз, Снегурочка и Снеговик",S (7-14 см),Полистоун,разноцветные,премиум,Нет,Нет,0.09,0.0005,Китай,Нидерланды
979,3140,Стеклянная елочная игрушка Зодиак - Змея Шарлотта 9 см золотая,350.0,/goods/steklyannaya-elochnaya-igrushka-zodiak---zmeya-sharlotta-zolotaya/,Животные,S (7-14 см),Стекло,желтый / оранжевый,стандарт,Нет,Нет,0.04,0.0004,Россия,Россия
980,3141,Елочная игрушка Единорог Арно из Луносвета 15 см,1720.0,/goods/elochnaya-igrushka-edinorog-arno-iz-lunosveta-15-sm/,Животные,M (15-30 см),Полистоун,белый,премиум,Нет,Нет,0.13,0.0015,Китай,Бельгия
981,3142,"Елочное украшение Подарок с Коричневой Кошкой 9 см, подвеска",290.0,/goods/elochnoe-ukrashenie-podarok-s-korichnevoj-koshkoj-6x4x9-sm/,Животные,S (7-14 см),Полистоун,шоколадный / коричневый,стандарт,Нет,Нет,0.07,0.0003,Китай,Россия
982,3144,"Елочная игрушка Мышка Финик на кленовом листочке 12 см, подвеска",1120.0,/goods/elochnaya-igrushka-myshka-finik-na-klenovom-listochke-12-sm-podveska/,Животные,S (7-14 см),Полистоун,кремовый / светлое дерево,премиум,Нет,Нет,0.02,0.0001,Китай,Бельгия
983,3149,"Светодиодная гирлянда Домики Фарелл - Елочки 1.7 м, 10 теплых белых LED ламп, на батарейках, прозрачный ПВХ, IP20",660.0,/goods/svetodiodnaya-girlyanda-domiki-elochki-10-teplyh-belyh-led-lamp/,Домики,XS (до 6 см),Дерево,кремовый / светлое дерево,стандарт,Нет,Да,0.12,0.002,Китай,Нидерланды
984,3150,"Стеклянная елочная игрушка Гном Румпель 13 см, подвеска",3640.0,/goods/steklyannaya-elochnaya-igrushka-gnom-rumpel-13-sm-podveska/,Персонажи сказок,S (7-14 см),Стекло,красный / бордовый,премиум,Нет,Нет,0.03,0.0003,Германия,Германия
985,3151,"Набор елочных игрушек Boulangerie - Имбирные пряники 10 см, 3 шт, подвеска",880.0,/goods/nabor-elochnyh-igrushek-boulangerie---imbirnye-pryaniki-10-sm-3-sht-podveska/,"Пряники, конфеты, сладости",S (7-14 см),Полимерная глина,шоколадный / коричневый,стандарт,Да,Нет,0.15,0.0007,Китай,Нидерланды
986,3160,Декоративная гирлянда Лазурные листики с кристаллами 120 см,1990.0,/goods/dekorativnaya-girlyanda-lazurnye-listiki-s-kristallami-120-sm/,"Растения, Листья",XXL (81 см и более),Пластик,синий / голубой,стандарт,Нет,Нет,0.09,0.0044,Китай,Нидерланды
987,3167,"Набор деревянных елочных игрушек Рождественские забавы, красный, 24 шт, подвеска",1160.0,/goods/nabor-derevyannyh-elochnyh-igrushek-raznocvetnye-chelovechki-24-sht-podveska/,Деревянные игрушки,XS (до 6 см),Дерево,разноцветные,стандарт,Да,Нет,0.12,0.0008,Китай,Нидерланды
988,3168,Гирлянда Боа из перьев Amelina 184 см розовая,1120.0,/goods/girlyanda-boa-iz-perev-amelina-184-sm-rozovaya/,Текстильные игрушки,XXL (81 см и более),Перья,розовый,стандарт,Нет,Нет,0.11,0.004,Китай,Нидерланды
989,3170,"Елочная игрушка из бисера Снежинка Магре 35 см, серебряная, подвеска",950.0,/goods/elochnaya-igrushka-iz-bisera-snezhinka-magre-35-sm-serebryanaya-podveska/,Снежинки,L (31-50 см),Металл,серебро,стандарт,Нет,Нет,0.04,0.0015,Индия,Нидерланды
990,3178,"Набор стеклянных елочных игрушек Звезды 4.5 см smoke blue mix, 12 шт",460.0,/goods/nabor-steklyannyh-elochnyh-igrushek-zvezdy-45-sm-smoke-blue-mix-12-sht-podveska/,Звездочки,XS (до 6 см),Стекло,синий / голубой,стандарт,Да,Нет,0.08,0.0006,Китай,Нидерланды
991,3180,Бумажный колокольчик Гофре красный,190.0,/goods/bumazhnyj-kolokolchik-gofre-16-sm-krasnyj/,Колокольчики,M (15-30 см),Бумага,красный / бордовый,стандарт,Нет,Нет,0.04,0.0002,Китай,Нидерланды
992,3181,"Украшение для уличной елки Бант Торжественный 23 см золотой, эко-кожа",410.0,/goods/ukrashenie-dlya-ulichnoj-elki-bant-torzhestvennyj-24-sm-zolotoj-jeko-kozha/,Банты на елку,M (15-30 см),Эко-кожа,золото,стандарт,Нет,Нет,0.11,0.0028,Россия,Россия
993,3184,"Винтажное подвесное украшение Яйцо Valentino 10 см, подвеска",660.0,/goods/vintazhnaya-elochnaya-igrushka-yajco-valentino-10-sm-podveska/,"Яйца, медальоны",S (7-14 см),Текстиль,розовый,премиум,Нет,Нет,0.03,0.0005,Таиланд,Россия
994,3185,"Винтажное подвесное украшение Яйцо Silvio 10 см, подвеска",810.0,/goods/vintazhnaya-elochnaya-igrushka-yajco-silvio-10-sm-podveska/,"Яйца, медальоны",S (7-14 см),Текстиль,зеленый,премиум,Нет,Нет,0.03,0.0005,Таиланд,Россия
995,3188,"Елочная игрушка Санта Клаус из Элбурга 18 см шампань, подвеска",560.0,/goods/elochnaya-igrushka-santa-klaus-iz-jelburga-18-sm-shampan-podveska/,"Дед Мороз, Снегурочка и Снеговик",M (15-30 см),Текстиль,золото,стандарт,Нет,Нет,0.04,0.0012,Китай,Нидерланды
996,3193,Деревянная елочная игрушка Лошадка-качалка 15 см красная,230.0,/goods/derevyannaya-elochnaya-igrushka-loshadka-kachalka-15-sm-krasnaya/,Символ года 2026,M (15-30 см),Дерево,красный / бордовый,стандарт,Нет,Нет,0.04,0.0001,Россия,Россия
997,3194,Подвесное украшение Сестричка Банни - Лаура 11 см,1470.0,/goods/podvesnoe-ukrashenie-sestrichka-banni---laura-11-sm/,Животные,S (7-14 см),Полистоун,розовый,премиум,Нет,Нет,0.08,0.0003,Китай,Бельгия
998,3196,"Стеклянная елочная игрушка Королевская кобра Каталина 9 см, подвеска",550.0,/goods/steklyannaya-elochnaya-igrushka-korolevskaya-kobra-katalina-podveska/,Животные,S (7-14 см),Стекло,шоколадный / коричневый,стандарт,Нет,Нет,0.04,0.0004,Россия,Россия
999,3202,"Елочная игрушка Бабочка Адмирал 13 см розовая, подвеска",340.0,/goods/elochnaya-igrushka-babochka-admiral-13-sm-rozovaya-podveska/,"Бабочки, Жучки",S (7-14 см),Акрил,розовый,стандарт,Нет,Нет,0.06,0.0003,Китай,Россия
1000,3204,"Стеклянная елочная игрушка Гном Йёрген из Гудхема 10 см, подвеска",430.0,/goods/steklyannaya-elochnaya-igrushka-gnom-jyorgen-iz-gudhema-10-sm-podveska/,Персонажи сказок,S (7-14 см),Стекло,красный / бордовый,стандарт,Нет,Нет,0.06,0.0005,Россия,Россия
1001,3210,Коллекционная кукла Арлекин Морис из Долины Грации 61 см,29340.0,/goods/kollekcionnaya-kukla-arlekin-moris-iz-doliny-gracii-61-sm/,Гномы и Эльфы,XL (51-80 см),Текстиль,фиолетовый,премиум,Нет,Нет,1.36,0.0225,Китай,США
1002,3214,"Набор стеклянных елочных игрушек Транспорт 5-6 см, 6 шт, подвеска",750.0,/goods/nabor-steklyannyh-elochnyh-igrushek-transport-5-6-sm-6-sht-podveska/,"Паровозы, машинки",XS (до 6 см),Стекло,разноцветные,стандарт,Да,Нет,0.11,0.0012,Китай,Нидерланды
1003,3215,Елочная игрушка Круг для плавания - Солнечный лебедь 10 см,1820.0,/goods/yolochnaya-igrushka-krug-dlya-plavaniya-solnechnyj-lebed-10-sm-podveska/,Птицы,S (7-14 см),Стекло,кремовый / светлое дерево,премиум,Нет,Нет,0.09,0.0009,Китай,Нидерланды
1004,3218,"Новогодние прищепки Пряничные Человечки 8*6 см, 4 шт",330.0,/goods/novogodnie-prishhepki-pryanichnye-chelovechki-8x6-sm-4-sht/,"Пряники, конфеты, сладости",S (7-14 см),Дерево,шоколадный / коричневый,стандарт,Да,Нет,0.04,0.0006,Китай,Нидерланды
1005,3225,"Елочное украшение Олень - танцующая Бриджит в красном платье 27 см, подвеска",1040.0,/goods/elochnoe-ukrashenie-olen-tancuyushhaya-bridzhit-v-krasnom-plate-27-sm-podveska/,Животные,M (15-30 см),Текстиль,красный / бордовый,стандарт,Нет,Нет,0.02,0.0012,Китай,Италия
1006,3227,"Набор стеклянных елочных игрушек Звезды 4.5 см аметистовый mix, 12 шт",460.0,/goods/nabor-steklyannyh-elochnyh-igrushek-zvezdy-45-sm-ametistovyj-mix-12-sht-podveska/,Звездочки,XS (до 6 см),Стекло,розовый,стандарт,Да,Нет,0.08,0.0006,Китай,Нидерланды
1007,3235,Гирлянда из колокольчиков 32 см синяя,400.0,/goods/grozd-kolokolchikov-s-hvoej-32-sm-sinyaya/,Колокольчики,L (31-50 см),Пластик,синий / голубой,стандарт,Нет,Нет,0.08,0.0007,Китай,Россия
1008,3236,Бант на елку Snow Fable: Снежинки 15*11 см,360.0,/goods/bant-na-elku-snow-fable-snezhinki-15-sm/,Банты на елку,M (15-30 см),Текстиль,белый,стандарт,Нет,Нет,0.01,0.0018,Китай,Нидерланды
1009,3237,Бант на елку Feira 28*24 см бордовый,360.0,/goods/bant-na-elku-feira-28-sm-krasnyj/,Банты на елку,M (15-30 см),Текстиль,красный / бордовый,стандарт,Нет,Нет,0.04,0.0035,Китай,Нидерланды
1010,3239,"Винтажное подвесное украшение Яйцо Silvestro 10 см, подвеска",810.0,/goods/vintazhnaya-elochnaya-igrushka-yajco-silvestro-10-sm-podveska/,"Яйца, медальоны",S (7-14 см),Текстиль,розовый,премиум,Нет,Нет,0.03,0.0005,Таиланд,Россия
1011,3240,"Винтажное подвесное украшение Яйцо Marcello 15 см, подвеска",1110.0,/goods/vintazhnaya-elochnaya-igrushka-yajco-marcello-15-sm-podveska/,"Яйца, медальоны",M (15-30 см),Текстиль,желтый / оранжевый,премиум,Нет,Нет,0.04,0.0018,Таиланд,Россия
1012,3241,"Елочная игрушка Снеговик на Коньках - Comfort and Joy 10 см, подвеска",2100.0,/goods/elochnaya-igrushka-snezhnaya-baba-na-konkah---comfort-and-joy-10-sm-podveska/,"Дед Мороз, Снегурочка и Снеговик",S (7-14 см),Полистоун,зеленый,премиум,Нет,Нет,0.1,0.0006,Китай,Нидерланды
1013,3245,Елочная игрушка Олень Тимми с совятами 8 см,310.0,/goods/elochnaya-igrushka-olen-timmi-s-sovyatami-8-sm-podveska/,Животные,S (7-14 см),Полистоун,шоколадный / коричневый,стандарт,Нет,Нет,0.09,0.0001,Китай,Нидерланды
1014,3248,Подвесное украшение Пасхальный кролик Питер 10 см,1470.0,/goods/podvesnoe-ukrashenie-pashalnyj-krolik-piter-10-sm/,Животные,S (7-14 см),Полистоун,розовый,премиум,Нет,Нет,0.11,0.0002,Китай,Бельгия
1015,3250,"Стеклянная елочная игрушка Кобра Зена 11 см синяя, подвеска",550.0,/goods/steklyannaya-elochnaya-igrushka-kobra-zena-11-sm-sinyaya-podveska/,Животные,S (7-14 см),Стекло,синий / голубой,стандарт,Нет,Нет,0.66,0.0011,Россия,Россия
1016,3253,"Елочная игрушка Стрекоза Реджента 16 см, подвеска",1300.0,/goods/elochnaya-igrushka-strekoza-redzhenta-16-sm-podveska/,"Бабочки, Жучки",M (15-30 см),Металл,серебро,премиум,Нет,Нет,0.04,0.0001,Китай,Эстония
1017,3261,Коллекционная кукла Пасхальный Эльф Райли - Happy Smile 30 см,11110.0,/goods/kollekcionnaya-kukla-pashalnyj-jelf-rajli---happy-smile-30-sm/,Гномы и Эльфы,M (15-30 см),Текстиль,розовый,премиум,Нет,Нет,0.4,0.005,Китай,США
1018,3263,"Декоративные Мухоморчики Waldpilze 3 см, 30 шт, на проволоке",280.0,/goods/dekorativnye-muhomorchiki-na-provoloke-4-sm-30-sht/,Грибы,XS (до 6 см),Пенополистирол,красный / бордовый,стандарт,Да,Нет,0.06,0.0007,Китай,Нидерланды
1019,3266,"Набор стеклянных елочных игрушек Слава, 5 шт, подвеска",15850.0,/goods/nabor-steklyannyh-elochnyh-igrushek-slava-5-sht-podveska/,"Паровозы, машинки",S (7-14 см),Стекло,зеленый,премиум,Да,Нет,0.55,0.0072,Россия,Россия
1020,3277,"Набор елочных игрушек Звезды 8 см лавандовый шелк, 6 шт, подвеска",350.0,/goods/nabor-elochnyh-igrushek-zvezdy-8-sm-goluboj-shelk-6-sht-podveska/,Звездочки,S (7-14 см),Пластик,фиолетовый,стандарт,Да,Нет,0.1,0.0008,Китай,Нидерланды
1021,3280,"Декоративный бант Браони 11 см, 3 шт, белый",290.0,/goods/dekorativnyj-bant-braoni-13-sm-3-sht-belyj/,Банты на елку,S (7-14 см),Текстиль,белый,стандарт,Да,Нет,0.11,0.0007,Китай,Нидерланды
1022,3281,"Винтажное подвесное украшение Яйцо Luciano 10 см, подвеска",660.0,/goods/vintazhnaya-elochnaya-igrushka-yajco-luciano-10-sm-podveska/,"Яйца, медальоны",S (7-14 см),Текстиль,розовый,премиум,Нет,Нет,0.03,0.0005,Таиланд,Россия
1023,3282,"Винтажное подвесное украшение Яйцо Rosabella 10 см, подвеска",810.0,/goods/vintazhnaya-elochnaya-igrushka-yajco-rosabella-10-sm-podveska/,"Яйца, медальоны",S (7-14 см),Текстиль,зеленый,премиум,Нет,Нет,0.03,0.0005,Таиланд,Россия
1024,3283,"Стеклянная елочная игрушка Санта с фонариком - Мулен де ла Галетт 14 см, подвеска",1760.0,/goods/steklyannaya-elochnaya-igrushka-santa-s-fonarikom---mulen-de-la-galett-14-sm-podveska/,"Дед Мороз, Снегурочка и Снеговик",S (7-14 см),Стекло,розовый,премиум,Нет,Нет,0.07,0.001,Китай,Италия
1025,3285,"Стеклянная елочная игрушка Снеговик Джерри 10 см, подвеска",390.0,/goods/steklyannaya-elochnaya-igrushka-snegovik-dzherri-10-sm-podveska/,"Дед Мороз, Снегурочка и Снеговик",S (7-14 см),Стекло,розовый,стандарт,Нет,Нет,0.02,0.0005,Россия,Россия
1026,3287,"Елочная игрушка Фея Сильви из Страны Грез 16 см, подвеска",2070.0,/goods/elochnaya-igrushka-feya-silvi-iz-strany-grez-16-sm-podveska/,Ангелы и Феи,M (15-30 см),Полистоун,кремовый / светлое дерево,премиум,Нет,Нет,0.07,0.0004,Китай,Бельгия
1027,3290,"Елочное украшение Подарок с Рыжей Кошкой 9 см, подвеска",290.0,/goods/elochnoe-ukrashenie-podarok-s-ryzhej-koshkoj-6x4x9-sm/,Животные,S (7-14 см),Полистоун,зеленый,стандарт,Нет,Нет,0.07,0.0003,Китай,Россия
1028,3296,"Елочная игрушка Лебедь - Весенняя царевна 17 см, подвеска",1200.0,/goods/elochnaya-igrushka-lebed-vesennyaya-carevna-17-sm-podveska/,Птицы,M (15-30 см),Полистоун,серый,стандарт,Нет,Нет,0.13,0.0012,Китай,Нидерланды
1029,3308,"Набор стеклянных елочных игрушек Победа 6-10 см, 5 шт, подвеска",18140.0,/goods/nabor-steklyannyh-elochnyh-igrushek-pobeda-5-sht-podveska/,"Паровозы, машинки",S (7-14 см),Стекло,зеленый,премиум,Да,Нет,0.55,0.0072,Россия,Россия
1030,3316,"Фонарик Светлячок 6*8 см черный, 1 теплая белая LED лампа на батарейке, подвеска",430.0,/goods/fonarik-sveilyachok-6x8-sm-chernyj-1-teplaya-belaya-led-lampa-batarejka-podveska/,Домики,S (7-14 см),Металл,черный,стандарт,Нет,Да,0.09,0.0003,Китай,Нидерланды
1031,3321,Елочная игрушка Снежинка Хейли 15 см,1100.0,/goods/elochnaya-igrushka-snezhinka-hejli-15-sm-podveska/,Снежинки,M (15-30 см),Акрил,желтый / оранжевый,стандарт,Нет,Нет,0.03,0.0008,Китай,Нидерланды
1032,3329,Декоративный бант Charette 33*28 см красный,550.0,/goods/dekorativnyj-bant-charette-33-sm-krasnyj/,Банты на елку,L (31-50 см),Текстиль,красный / бордовый,стандарт,Нет,Нет,0.07,0.0039,Китай,Нидерланды
1033,3330,Бант Красные Кристаллы 20*24 см,290.0,/goods/bant-krasnye-kristally-20x24-sm/,Банты на елку,M (15-30 см),Текстиль,красный / бордовый,стандарт,Нет,Нет,0.06,0.0011,Китай,Нидерланды
1034,3332,Коллекционная стеклянная елочная игрушка Яйцо - Whispers of Spring 18 см,12100.0,/goods/kollekcionnaya-steklyannaya-elochnaya-igrushka-yajco---whispers-of-spring-18-sm/,"Яйца, медальоны",M (15-30 см),Стекло,синий / голубой,премиум,Нет,Нет,0.44,0.0093,Китай,США
1035,3333,Коллекционная стеклянная елочная игрушка Яйцо - Butterfly Garden 18 см,15930.0,/goods/kollekcionnaya-steklyannaya-elochnaya-igrushka-yajco---butterfly-garden-18-sm/,"Яйца, медальоны",M (15-30 см),Стекло,розовый,премиум,Нет,Нет,0.44,0.0093,Китай,США
1036,3334,"Елочная игрушка Санта Клаус в красном - Christmas Lantern 13 см, подвеска",2090.0,/goods/elochnaya-igrushka-santa-klaus-v-krasnom---christmas-lantern-13-sm-podveska/,"Дед Мороз, Снегурочка и Снеговик",S (7-14 см),Полистоун,красный / бордовый,премиум,Нет,Нет,0.15,0.0007,Китай,Нидерланды
1037,3335,"Стеклянная елочная игрушка Снеговик Прадо -  Гость из Абруццо 18 см, подвеска",6580.0,/goods/steklyannaya-elochnaya-igrushka-snegovik-prado----gost-iz-abrucco-18-sm-podveska/,"Дед Мороз, Снегурочка и Снеговик",M (15-30 см),Стекло,красный / бордовый,премиум,Нет,Нет,0.18,0.003,Китай,Нидерланды
1038,3339,Подвесное украшение Братишка Банни - Луи 9 см,1350.0,/goods/podvesnoe-ukrashenie-bratishka-banni---lui-9-sm/,Животные,S (7-14 см),Полистоун,синий / голубой,премиум,Нет,Нет,0.06,0.0001,Китай,Бельгия
1039,3340,"Стеклянная елочная игрушка Панда Вилли 9 см, подвеска",2260.0,/goods/steklyannaya-elochnaya-igrushka-panda-villi-9-sm-podveska/,Животные,S (7-14 см),Стекло,серый,премиум,Нет,Нет,0.03,0.0004,Германия,Германия
1040,3341,"Стеклянная елочная игрушка Змейка Тася 7 см, подвеска",850.0,/goods/steklyannaya-elochnaya-igrushka-zmejka-tasya-7-sm-podveska/,Животные,S (7-14 см),Стекло,желтый / оранжевый,стандарт,Нет,Нет,0.03,0.0003,Россия,Россия
1041,3344,Деревянная елочная игрушка Кот Маркиз 15 см красный,230.0,/goods/derevyannaya-elochnaya-igrushka-kot-markiz-15-sm-krasnyj/,Животные,M (15-30 см),Дерево,красный / бордовый,стандарт,Нет,Нет,0.04,0.0001,Россия,Россия
1042,3345,"Елочная игрушка Белочка Тиша на дубовом листочке 12 см, подвеска",1120.0,/goods/elochnaya-igrushka-belochka-tisha-na-dubovom-listochke-12-sm-podveska/,Животные,S (7-14 см),Полистоун,кремовый / светлое дерево,премиум,Нет,Нет,0.02,0.0001,Китай,Бельгия
1043,3358,"Набор стеклянных елочных игрушек Космический 7-12 см, 3 шт, синий, подвеска",7890.0,/goods/nabor-steklyannyh-elochnyh-igrushek-kosmicheskij-3-sht-podveska/,"Паровозы, машинки",S (7-14 см),Стекло,синий / голубой,стандарт,Да,Нет,0.44,0.0054,Россия,Россия
1044,3360,"Елочная игрушка Белочка Кейли 13 см зеленая, подвеска",640.0,/goods/elochnaya-igrushka-belochka-kejli-13-sm-zelenaya-podveska/,Животные,S (7-14 см),Текстиль,зеленый,стандарт,Нет,Нет,0.02,0.0002,Китай,Нидерланды
1045,3361,"Набор елочных игрушек Чак и Бенни - Пряничные Истории 17 см, 2 шт, подвеска",760.0,/goods/nabor-elochnyh-igrushek-chak-i-benni---pryanichnye-istorii-17-sm-2-sht-podveska/,"Пряники, конфеты, сладости",M (15-30 см),Текстиль,шоколадный / коричневый,стандарт,Да,Нет,0.06,0.0025,Китай,Италия
1046,3363,"Елочная игрушка из бисера Снежинка Крианца 21 см, серебряная, подвеска",470.0,/goods/elochnaya-igrushka-iz-bisera-snezhinka-krianca-21-sm-serebryanaya-podveska/,Снежинки,M (15-30 см),Металл,серебро,стандарт,Нет,Нет,0.02,0.0005,Индия,Нидерланды
1047,3368,"Набор елочных игрушек Шишки Сосновой Полянки 4 см, 4 шт",780.0,/goods/nabor-elochnyh-igrushek-shishki-sosnovoj-polyanki-4-sm-4-sht-podveska/,Шишки и желуди,XS (до 6 см),Полистоун,золото,стандарт,Да,Нет,0.1,0.0002,Китай,Германия
1048,3371,"Стеклянная елочная игрушка Колокольчик Радость 8 см золотой с синим, подвеска",660.0,/goods/steklyannaya-elochnaya-igrushka-kolokolchik-radost-8-sm-zolotoj-s-sinim-podveska/,Колокольчики,S (7-14 см),Стекло,синий / голубой,стандарт,Нет,Нет,0.03,0.0003,Россия,Россия
1049,3372,Бант на елку Де-Бурбон: Вензельный узор 15*11 см,310.0,/goods/bant-na-elku-de-burbon-venzelnyj-uzor-15-sm/,Банты на елку,M (15-30 см),Текстиль,красный / бордовый,стандарт,Нет,Нет,0.04,0.0004,Китай,Нидерланды
1050,3373,"Украшение для уличной елки Бант Классический 27 см синий, эко-кожа",1110.0,/goods/bant-kozhanyj-klassicheskij-30-sm-sinij/,Банты на елку,M (15-30 см),Эко-кожа,синий / голубой,стандарт,Нет,Нет,0.13,0.005,Россия,Россия
1051,3374,Коллекционная стеклянная елочная игрушка Яйцо - Botanical Serenade 18 см,14320.0,/goods/kollekcionnaya-steklyannaya-elochnaya-igrushka-yajco---botanical-serenade-18-sm/,"Яйца, медальоны",M (15-30 см),Стекло,розовый,премиум,Нет,Нет,0.44,0.0093,Китай,США
1052,3375,Коллекционная елочная игрушка Яйцо - Elysian Flutter 13 см,8100.0,/goods/kollekcionnaya-elochnaya-igrushka-yajco---elysian-flutter-13-sm/,"Яйца, медальоны",S (7-14 см),Текстиль,розовый,премиум,Нет,Нет,0.11,0.0022,Китай,США
1053,3377,"Елочная игрушка Снеговик с Метлой 12 см, подвеска",280.0,/goods/elochnaya-igrushka-snegovik-s-metloj-12x15x8-sm-podveska/,"Дед Мороз, Снегурочка и Снеговик",S (7-14 см),Полимерная глина,белый,стандарт,Нет,Нет,0.06,0.0001,Китай,Россия
1054,3378,Стеклянная елочная игрушка Дед Мороз 11 см золотая,940.0,/goods/steklyannaya-elochnaya-igrushka-ded-moroz-11-sm-krasnaya/,"Дед Мороз, Снегурочка и Снеговик",S (7-14 см),Стекло,красный / бордовый,стандарт,Нет,Нет,0.02,0.0005,Россия,Россия
1055,3383,"Набор подвесных украшений Чаепитие в Букингемском Дворе 8 см, 2 шт",3220.0,/goods/nabor-podvesnyh-ukrashenij-chaepitie-v-bukingemskom-dvore-8-sm-2-sht/,Животные,S (7-14 см),Полистоун,кремовый / светлое дерево,премиум,Да,Нет,0.33,0.0024,Китай,Бельгия
1056,3385,Стеклянная елочная игрушка Змея Искорка 10 см,2540.0,/goods/steklyannaya-elochnaya-igrushka-zmeya-iskorka-10-sm/,Животные,S (7-14 см),Стекло,красный / бордовый,премиум,Нет,Нет,0.02,0.0002,Германия,Германия
1057,3386,Деревянная елочная игрушка Котенок Каспер 15 см синий,230.0,/goods/derevyannaya-elochnaya-igrushka-kotenok-kasper-15-sm-sinij/,Животные,M (15-30 см),Дерево,синий / голубой,стандарт,Нет,Нет,0.04,0.0001,Россия,Россия
1058,3391,"Набор елочных игрушек Bonbon Christmas 12 см, 3 шт, подвеска",990.0,/goods/nabor-elochnyh-igrushek-bonbon-christmas-12-sm-3-sht-podveska/,"Дед Мороз, Снегурочка и Снеговик",S (7-14 см),Полистоун,разноцветные,стандарт,Да,Нет,0.18,0.0008,Китай,Нидерланды
1059,3395,"Стеклянная елочная игрушка Гном Альберн 15 см, подвеска",1300.0,/goods/steklyannaya-elochnaya-igrushka-gnom-albern-15-sm-podveska/,Персонажи сказок,M (15-30 см),Стекло,зеленый,премиум,Нет,Нет,0.02,0.0005,Китай,Нидерланды
1060,3396,"Декоративные Мухоморчики Waldpilze 3 - 8 см, 9 шт, на проволоке",280.0,/goods/dekorativnye-muhomorchiki-na-provoloke-9-sht/,Грибы,XS (до 6 см),Пенополистирол,красный / бордовый,стандарт,Да,Нет,0.06,0.0007,Китай,Нидерланды
1061,3399,"Набор стеклянных елочных игрушек Космический, 3 шт, золотой, подвеска",7890.0,/goods/nabor-steklyannyh-elochnyh-igrushek-kosmicheskij-3-sht-zolotoj-podveska/,"Паровозы, машинки",S (7-14 см),Стекло,разноцветные,стандарт,Да,Нет,0.44,0.0054,Россия,Россия
1062,3401,"Елочная игрушка Сумочка Эльфийки Галадриэль 9 см, красная, подвеска",1070.0,/goods/elochnaya-igrushka-sumochka-jelfijki-galadrijel-9-sm-krasnaya-podveska/,Гномы и Эльфы,S (7-14 см),Полистоун,красный / бордовый,премиум,Нет,Нет,0.11,0.0004,Китай,Бельгия
1063,3402,"Стеклянная елочная игрушка Птичка Зимородок 7 см, клипса",2660.0,/goods/steklyannaya-elochnaya-igrushka-ptichka-zimorodok-7-sm-klipsa/,Птицы,S (7-14 см),Стекло,синий / голубой,премиум,Нет,Нет,0.02,0.0002,Германия,Германия
1064,3404,"Набор елочных игрушек Билли и Роуз - Пряничные Истории 15 см, 2 шт, подвеска",620.0,/goods/nabor-elochnyh-igrushek-billi-i-rouz---pryanichnye-istorii-15-sm-2-sht-podveska/,"Пряники, конфеты, сладости",M (15-30 см),Текстиль,шоколадный / коричневый,стандарт,Да,Нет,0.04,0.0016,Китай,Италия
1065,3410,"Деревянная елочная игрушка Лошадка-качалка синяя, дерево",230.0,/goods/derevyannaya-elochnaya-igrushka-loshadka-kachalka-15-sm-sinyaya/,Символ года 2026,M (15-30 см),Дерево,синий / голубой,стандарт,Нет,Нет,0.04,0.0001,Россия,Россия
1066,3416,Стеклянное елочное украшение Колокольчики - Малиновый Звон 25 см фуксия,2020.0,/goods/steklyannoe-elochnoe-ukrashenie-kolokolchiki---malinovyj-zvon-26-sm/,Колокольчики,M (15-30 см),Стекло,розовый,стандарт,Нет,Нет,0.13,0.0022,Россия,Россия
1067,3418,Бант на елку Lucido Striscia серебряный,310.0,/goods/bant-na-elku-lucido-striscia-16-sm-serebryanyj/,Банты на елку,M (15-30 см),Текстиль,серебро,стандарт,Нет,Нет,0.02,0.001,Китай,Италия
1068,3419,"Бант на елку De Lamont, тиффани",270.0,/goods/bant-na-elku-de-lamont-15-sm-tiffani/,Банты на елку,M (15-30 см),Текстиль,синий / голубой,стандарт,Нет,Нет,0.02,0.0005,Китай,Италия
1069,3420,"Набор стеклянных елочных игрушек Сердечки - Осенний Вальс 9 см, 4 шт, подвеска",960.0,/goods/nabor-steklyannyh-elochnyh-igrushek-serdechki---osennij-vals-9-sm-4-sht-podveska/,Сердечки,S (7-14 см),Стекло,желтый / оранжевый,стандарт,Да,Нет,0.11,0.0017,Китай,Нидерланды
1070,3421,Коллекционная елочная игрушка Яйцо - Kaleidoscope of Flora 13 см,8100.0,/goods/kollekcionnaya-elochnaya-igrushka-yajco---kaleidoscope-of-flora-13-sm/,"Яйца, медальоны",S (7-14 см),Текстиль,фиолетовый,премиум,Нет,Нет,0.11,0.0022,Китай,США
1071,3422,Коллекционная елочная игрушка Яйцо - Wings of Spring 13 см,8100.0,/goods/kollekcionnaya-elochnaya-igrushka-yajco---wings-of-spring-13-sm/,"Яйца, медальоны",S (7-14 см),Текстиль,синий / голубой,премиум,Нет,Нет,0.11,0.0022,Китай,США
1072,3426,"Елочная игрушка Сияющий Снеговичок 12 см, в серебряном, подвеска",190.0,/goods/elochnaya-igrushka-siyayushhij-snegovichok-12-sm-v-serebryanom-podveska/,"Дед Мороз, Снегурочка и Снеговик",S (7-14 см),Пластик,серебро,эконом,Нет,Нет,0.03,0.0005,Китай,Россия
1073,3428,Деревянная елочная игрушка Кот Маркиз 15 см золотой,230.0,/goods/derevyannaya-elochnaya-igrushka-kot-markiz-15-sm-zolotoj/,Животные,M (15-30 см),Дерево,золото,стандарт,Нет,Нет,0.04,0.0001,Россия,Россия
1074,3431,Деревянная елочная игрушка Лошадка-качалка золотая,230.0,/goods/derevyannaya-elochnaya-igrushka-loshadka-kachalka-15-sm-zolotaya/,Символ года 2026,M (15-30 см),Дерево,золото,стандарт,Нет,Нет,0.04,0.0001,Россия,Россия
1075,3432,"Деревянная елочная игрушка Лошадка-качалка серебряная, дерево",230.0,/goods/derevyannaya-elochnaya-igrushka-loshadka-kachalka-15-sm-serebryanaya/,Символ года 2026,M (15-30 см),Дерево,серебро,стандарт,Нет,Нет,0.04,0.0001,Россия,Россия
1076,3433,Подвесное украшение BunnyLand - Кролик Мисти 6 см,1080.0,/goods/podvesnoe-ukrashenie-bunnyland---krolik-misti-6-sm/,Животные,XS (до 6 см),Полистоун,розовый,премиум,Нет,Нет,0.11,0.0001,Китай,Бельгия
1077,3436,"Стеклянная елочная игрушка Полярная Сова 13 см, подвеска",560.0,/goods/steklyannaya-elochnaya-igrushka-polyarnaya-sova-13-sm-podveska/,Птицы,S (7-14 см),Стекло,белый,стандарт,Нет,Нет,0.06,0.0008,Россия,Россия
1078,3439,"Елочная игрушка Regno del Lusso: Карета 12 см шампань, подвеска",970.0,/goods/elochnaya-igrushka-regno-del-lusso-kareta-12-sm-shampan-podveska/,Персонажи сказок,S (7-14 см),Акрил,золото,премиум,Нет,Нет,0.11,0.0008,Китай,Нидерланды
1079,3444,"Искусственная пуансеттия Lola Greta 8 см, 4 шт, красная, клипса",250.0,/goods/iskusstvennaya-puansettiya-lola-greta-8-sm-krasnaya-klipsa/,Пуансеттии,S (7-14 см),Пластик,красный / бордовый,стандарт,Да,Нет,0.06,0.0011,Китай,Нидерланды
1080,3445,"Светодиодная ветка Winkley 90 см коричневая, 40 теплых белых LED ламп, таймер, IP44",1060.0,/goods/svetyashhayasya-vetka-winkley-90-sm-belaya-40-teplyh-belyh-led-lamp-tajmer-ip44/,"Растения, Листья",XXL (81 см и более),Пластик,шоколадный / коричневый,стандарт,Нет,Да,0.29,0.0038,Китай,Россия
1081,3451,"Набор стеклянных елочных игрушек Салют Победы 8-10 см, 10 шт, подвеска",31770.0,/goods/nabor-steklyannyh-elochnyh-igrushek-salyut-pobedy-10-sht-podveska/,"Паровозы, машинки",S (7-14 см),Стекло,зеленый,премиум,Да,Нет,1.21,0.0168,Россия,Россия
1082,3454,Бант на елку Golden Fable: Шишки 15*11 см,340.0,/goods/bant-na-elku-golden-fable-shishki-15-sm/,Банты на елку,M (15-30 см),Текстиль,золото,стандарт,Нет,Нет,0.11,0.0007,Китай,Нидерланды
1083,3458,"Набор деревянных елочных игрушек Christmas Symphony 3-4 см, 12 шт, подвеска",690.0,/goods/nabor-derevyannyh-elochnyh-igrushek-christmas-symphony-3-6-sm-12-sht-podveska/,Деревянные игрушки,XS (до 6 см),Дерево,разноцветные,стандарт,Да,Нет,0.07,0.0005,Китай,Нидерланды
1084,3464,"Елочная игрушка Колокольчик - Christmas Tree 14 см красный, подвеска",630.0,/goods/elochnaya-igrushka-kolokolchik---christmas-tree-14-sm-krasnyj-podveska/,Колокольчики,S (7-14 см),Металл,красный / бордовый,стандарт,Нет,Нет,0.15,0.0024,Китай,Нидерланды
1085,3466,Коллекционная елочная игрушка Яйцо - Delicate Reverie 13 см,8100.0,/goods/kollekcionnaya-elochnaya-igrushka-yajco---delicate-reverie-13-sm/,"Яйца, медальоны",S (7-14 см),Текстиль,розовый,премиум,Нет,Нет,0.11,0.0022,Китай,США
1086,3467,"Стеклянная елочная игрушка Санта с другом - Мулен де ла Галетт 14 см, подвеска",1760.0,/goods/steklyannaya-elochnaya-igrushka-santa-s-drugom---mulen-de-la-galett-14-sm-podveska/,"Дед Мороз, Снегурочка и Снеговик",S (7-14 см),Стекло,кремовый / светлое дерево,премиум,Нет,Нет,0.07,0.001,Китай,Италия
1087,3468,"Набор пластиковых елочных игрушек Карамельное Рождество 12 см, 3 шт, подвеска",1300.0,/goods/nabor-plastikovyh-elochnyh-igrushek-karamelnoe-rozhdestvo-12-sm-3-sht-podveska/,"Дед Мороз, Снегурочка и Снеговик",S (7-14 см),Пластик,разноцветные,стандарт,Да,Нет,0.09,0.0022,Китай,Нидерланды
1088,3470,"Елочное украшение Подарок Розмари 6 см бургунди, подвеска",190.0,/goods/elochnoe-ukrashenie-podarok-rozmari-6-sm-burgundi-podveska/,Елочки,XS (до 6 см),Текстиль,красный / бордовый,стандарт,Нет,Нет,0.02,0.0003,Китай,Италия
1089,3472,"Елочная игрушка Фея - Plume Dream 14 см, подвеска",1660.0,/goods/elochnaya-igrushka-feya-jeliza---plume-dream-14-sm-podveska/,Ангелы и Феи,S (7-14 см),Полистоун,белый,премиум,Нет,Нет,0.07,0.0079,Китай,Бельгия
1090,3474,Деревянная елочная игрушка Котенок Каспер 15 см красный,230.0,/goods/derevyannaya-elochnaya-igrushka-kotenok-kasper-15-sm-krasnyj/,Животные,M (15-30 см),Дерево,красный / бордовый,стандарт,Нет,Нет,0.04,0.0001,Россия,Россия
1091,3475,Деревянная елочная игрушка Кот Маркиз 15 см синий,230.0,/goods/derevyannaya-elochnaya-igrushka-kot-markiz-15-sm-sinij/,Животные,M (15-30 см),Дерево,синий / голубой,стандарт,Нет,Нет,0.04,0.0001,Россия,Россия
1092,3476,"Стеклянная елочная игрушка Мишка Вуди - Милый сладкоежка 11 см, подвеска",1920.0,/goods/steklyannaya-elochnaya-igrushka-mishka-vudi---milyj-sladkoezhka-11-sm-podveska/,Животные,S (7-14 см),Стекло,шоколадный / коричневый,премиум,Нет,Нет,0.04,0.0006,Китай,Бельгия
1093,3480,"Елочная игрушка Стрекоза Фламанди сапфировая 13 см, подвеска",480.0,/goods/elochnaya-igrushka-strekoza-flamandi-sapfirovaya-podveska/,"Бабочки, Жучки",S (7-14 см),Пластик,синий / голубой,стандарт,Нет,Нет,0.04,0.0003,Китай,Нидерланды
1094,3481,"Стеклянная елочная игрушка Грибочек-Домик Гнома Льюиса 11 см, подвеска",2350.0,/goods/steklyannaya-elochnaya-igrushka-gribochek-domik-gnoma-lyuisa-11-sm-podveska/,Домики,S (7-14 см),Стекло,красный / бордовый,премиум,Нет,Нет,0.03,0.0009,Китай,Бельгия
1095,3491,Деревянная елочная игрушка Машинка красная,230.0,/goods/derevyannaya-elochnaya-igrushka-mashinka-15-sm-krasnaya/,"Паровозы, машинки",M (15-30 см),Дерево,красный / бордовый,стандарт,Нет,Нет,0.04,0.0001,Россия,Россия
1097,3502,"Набор стеклянных елочных игрушек Сосульки Broussan 23 см бирюзовый, 6 шт, подвеска",12480.0,/goods/nabor-steklyannyh-elochnyh-igrushek-sosulki-broussan-23-sm-biryuzovyj-6-sht-podveska/,Изысканные подвески,M (15-30 см),Стекло,бирюзовый,премиум,Да,Нет,0.99,0.0259,Китай,Италия
1098,3506,"Елочная игрушка Колокольчик - Reindeer 14 см зеленый, подвеска",630.0,/goods/elochnaya-igrushka-kolokolchik---reindeer-14-sm-zelenyj-podveska/,Колокольчики,S (7-14 см),Металл,зеленый,стандарт,Нет,Нет,0.15,0.0024,Китай,Нидерланды
1099,3507,Бант на елку Snow Fable: Капельки росы 15*11 см,360.0,/goods/bant-na-elku-snow-fable-kapelki-rosy-15-sm/,Банты на елку,M (15-30 см),Текстиль,серебро,стандарт,Нет,Нет,0.01,0.0018,Китай,Нидерланды
1100,3508,Бант Праздничный 24*22 см серебряный,490.0,/goods/bant-prazdnichnyj-24-sm-serebryanyj/,Банты на елку,M (15-30 см),Текстиль,серебро,стандарт,Нет,Нет,0.09,0.0013,Китай,Нидерланды
1101,3513,Елочная игрушка Дед Мороз - Хранитель Леса 12 см с ёлочкой и фонариком,1790.0,/goods/elochnaya-igrushka-santa-klaus-hranitel-lesa-12-sm-s-yolochkoj-i-fonarikom-podveska/,"Дед Мороз, Снегурочка и Снеговик",S (7-14 см),Полистоун,разноцветные,премиум,Нет,Нет,0.11,0.0003,Китай,Нидерланды
1102,3516,"Набор деревянных елочных игрушек Лошадка-Качалка - Краски Детства 9 см, 4 шт, подвеска",4320.0,/goods/nabor-derevyannyh-elochnyh-igrushek-loshadka-kachalka---kraski-detstva-9-sm-4-sht-podveska/,Символ года 2026,S (7-14 см),Дерево,кремовый / светлое дерево,стандарт,Да,Нет,0.11,0.0012,Китай,Германия
1103,3517,Подвесное украшение Happy Easter - Кролик с малышом 9 см,800.0,/goods/podvesnoe-ukrashenie-happy-easter---krolik-s-malyshom-9-sm/,Животные,S (7-14 см),Полистоун,кремовый / светлое дерево,премиум,Нет,Нет,0.08,0.0002,Китай,Бельгия
1104,3519,"Стеклянная елочная игрушка Кот в рукавичке 8 см бирюзовая, подвеска",320.0,/goods/steklyannaya-elochnaya-igrushka-kot-v-rukavichke-8-sm-biryuzovaya-podveska/,Животные,S (7-14 см),Стекло,синий / голубой,стандарт,Нет,Нет,0.02,0.0006,Россия,Россия
1105,3526,"Елочная игрушка Модница Маргарет - Шоппинг в Лондоне 15 см, подвеска",2440.0,/goods/elochnaya-igrushka-modnica-margaret---shopping-v-londone-15-sm-podveska/,Люди,M (15-30 см),Полистоун,золото,премиум,Нет,Нет,0.04,0.0004,Китай,Нидерланды
1106,3534,Деревянная елочная игрушка Самосвал - Краски детства 10 см,200.0,/goods/derevyannaya-elochnaya-igrushka-samosval---kraski-detstva-10-sm/,"Паровозы, машинки",S (7-14 см),Дерево,золото,эконом,Нет,Нет,0.03,0.0001,Россия,Россия
1107,3540,"Елочная игрушка Конфета Пралине 10 см, подвеска",340.0,/goods/elochnaya-igrushka-konfeta-praline-10-sm-podveska/,"Пряники, конфеты, сладости",S (7-14 см),Акрил,белый,стандарт,Нет,Нет,0.02,0.0009,Китай,Россия
1108,3543,"Набор стеклянных елочных игрушек Сосульки Marseille 25 см бирюзовый, 6 шт, подвеска",13200.0,/goods/nabor-steklyannyh-elochnyh-igrushek-sosulki-marseille-25-sm-biryuzovyj-6-sht-podveska/,Изысканные подвески,M (15-30 см),Стекло,бирюзовый,премиум,Да,Нет,0.75,0.0194,Китай,Италия
1109,3546,"Набор стеклянных елочных игрушек Звезды 4.5 см розовая азалия mix, 12 шт",460.0,/goods/nabor-steklyannyh-elochnyh-igrushek-zvezdy-45-sm-rozovaya-azaliya-mix-12-sht-podveska/,Звездочки,XS (до 6 см),Стекло,розовый,стандарт,Да,Нет,0.11,0.0006,Китай,Нидерланды
1110,3548,"Набор колокольчиков Blau Klingelt 13 см, 2 шт, металл, подвеска",720.0,/goods/nabor-kolokolchikov-blau-klingelt-13-sm-2-sht-metall-podveska/,Колокольчики,S (7-14 см),Металл,черный,стандарт,Да,Нет,0.26,0.0031,Китай,Нидерланды
1111,3549,Бант на елку Ondulato Striscia серебряный,240.0,/goods/bant-na-elku-ondulato-striscia-13-sm-serebryanyj/,Банты на елку,M (15-30 см),Текстиль,серебро,стандарт,Нет,Нет,0.01,0.0004,Китай,Италия
1112,3550,"Набор стеклянных елочных игрушек Frosting Pink: Rulrondo 8 см, 3 шт, подвеска",1390.0,/goods/nabor-steklyannyh-elochnyh-igrushek-frosting-pink-rulrondo-8-sm-3-sht-podveska/,Звездочки,S (7-14 см),Стекло,розовый,премиум,Да,Нет,0.11,0.0012,Китай,Германия
1113,3551,Набор стеклянных елочных игрушек Пасхальный сувенир 4 шт фиолетовый,5860.0,/goods/nabor-steklyannyh-elochnyh-igrushek-pashalnyj-suvenir-4-sht-fioletovyj/,"Яйца, медальоны",S (7-14 см),Стекло,фиолетовый,стандарт,Да,Нет,0.22,0.0017,Россия,Россия
1114,3552,"Елочная игрушка Снеговик Родни 13 см, подвеска",1720.0,/goods/elochnaya-igrushka-snegovik-rodni-13-sm-podveska/,"Дед Мороз, Снегурочка и Снеговик",S (7-14 см),Полистоун,серый,премиум,Нет,Нет,0.1,0.0002,Китай,Нидерланды
1115,3555,"Елочная игрушка Фея Донна-Белла с золотыми крыльями 12 см, 2 шт, подвеска",590.0,/goods/elochnaya-igrushka-feya-donna-bella-s-zolotymi-krylyami-12-sm-2-sht-podveska/,Ангелы и Феи,S (7-14 см),Акрил,золото,стандарт,Да,Нет,0.08,0.0011,Китай,Нидерланды
1116,3556,"Елочная игрушка Олененок Джули из Королевства Сахарной Ваты 12 см, подвеска",3830.0,/goods/elochnaya-igrushka-olenenok-dzhuli-iz-korolevstva-saharnoj-vaty-12-sm-podveska/,Животные,S (7-14 см),Полистоун,кремовый / светлое дерево,премиум,Нет,Нет,0.08,0.0008,Филиппины,Бельгия
1117,3557,"Елочная игрушка Олень Филидель 10 см с перламутровыми рогами, подвеска",440.0,/goods/elochnaya-igrushka-olen-filidel-10-sm-s-perlamutrovymi-rogami-podveska/,Животные,S (7-14 см),Акрил,прозрачный,стандарт,Нет,Нет,0.11,0.001,Китай,Нидерланды
1118,3558,Подвесное украшение Цветочный Кролик Марго 9 см,1360.0,/goods/podvesnoe-ukrashenie-cvetochnyj-krolik-margo-9-sm/,Животные,S (7-14 см),Полистоун,розовый,премиум,Нет,Нет,0.11,0.0002,Китай,Бельгия
1119,3561,"Елочная игрушка Голубка Жаклин 23 см, клипса",1110.0,/goods/elochnaya-igrushka-golubka-zhaklin-23-sm-klipsa/,Птицы,M (15-30 см),Перья,белый,премиум,Нет,Нет,0.03,0.0019,Китай,Бельгия
1120,3565,"Набор елочных игрушек Генри и Альба - Пряничные Истории 28 см, 2 шт, подвеска",880.0,/goods/nabor-elochnyh-igrushek-genri-i-alba---pryanichnye-istorii-28-sm-2-sht-podveska/,"Пряники, конфеты, сладости",M (15-30 см),Текстиль,шоколадный / коричневый,стандарт,Да,Нет,0.77,0.0029,Китай,Италия
1121,3566,Деревянная елочная игрушка Олень - Пряничные Истории 10 см,200.0,/goods/derevyannaya-elochnaya-igrushka-olen---pryanichnye-istorii-10-sm/,Животные,S (7-14 см),Дерево,кремовый / светлое дерево,стандарт,Нет,Нет,0.01,0.0002,Россия,Россия
1122,3569,Искусственная ветка Paseo de Gracia 56 см бирюзовая,940.0,/goods/iskusstvennaya-vetka-paseo-de-gracia-56-sm-biryuzovaya/,"Растения, Листья",XL (51-80 см),Пластик,бирюзовый,премиум,Нет,Нет,0.13,0.0006,Таиланд,Россия
1123,3571,"Елочная игрушка Балерина Леанорра - Fascino di Cristallo 15 см, подвеска",380.0,/goods/elochnaya-igrushka-balerina-leanorra---fascino-di-cristallo-15-sm-podveska/,Балет,M (15-30 см),Акрил,розовый,стандарт,Нет,Нет,0.03,0.0003,Китай,Россия
1124,3573,Деревянная елочная игрушка Машинка синяя,230.0,/goods/derevyannaya-elochnaya-igrushka-mashinka-15-sm-sinyaya/,"Паровозы, машинки",M (15-30 см),Дерево,синий / голубой,стандарт,Нет,Нет,0.04,0.0001,Россия,Россия
1125,3577,"Елочная игрушка Снежинка - Первый снег во Флоренции 7 см, подвеска",230.0,/goods/elochnaya-igrushka-snezhinka-pervyj-sneg-vo-florencii-7-sm-podveska/,Снежинки,S (7-14 см),Акрил,золото,эконом,Нет,Нет,0.06,0.0001,Китай,Россия
1126,3580,Стеклянная елочная игрушка Зодиак - Лошадка Пина 10 см красная,920.0,/goods/steklyannaya-elochnaya-igrushka-zodiak---loshadka-pina-zolotaya/,Символ года 2026,S (7-14 см),Стекло,красный / бордовый,стандарт,Нет,Нет,0.02,0.0006,Россия,Россия
1127,3586,Бант на елку Rosy Fable: Завитки 15*11 см,360.0,/goods/bant-na-elku-rosy-fable-zavitki-15-sm/,Банты на елку,M (15-30 см),Текстиль,розовый,стандарт,Нет,Нет,0.01,0.0005,Китай,Нидерланды
1128,3588,"Набор стеклянных елочных игрушек Сердце Монплезира 4.5 см серебряный mix, 12 шт",470.0,/goods/nabor-steklyannyh-elochnyh-igrushek-serdce-monplezira-45-sm-serebryanyj-mix-12-sht-podveska/,Сердечки,XS (до 6 см),Стекло,серебро,стандарт,Да,Нет,0.04,0.0005,Китай,Россия
1129,3591,"Елочная игрушка Снеговик Амбруз в шляпке 8 см, подвеска",440.0,/goods/elochnaya-igrushka-snegovik-ambruz-v-shlyapke-8-sm-podveska/,"Дед Мороз, Снегурочка и Снеговик",S (7-14 см),Полистоун,белый,стандарт,Нет,Нет,0.04,0.0005,Китай,Нидерланды
1130,3592,Елочная игрушка Снеговик 10 см,440.0,/goods/elochnaya-igrushka-snegovik-s-rozhdestvenskim-venkom-podveska/,"Дед Мороз, Снегурочка и Снеговик",S (7-14 см),Полистоун,разноцветные,стандарт,Нет,Нет,0.08,0.0001,Китай,Россия
1131,3594,"Фигурка с подсветкой Ангел Амора 40 см, 6 LED ламп, на батарейках, IP20",5380.0,/goods/figurka-s-podsvetkoj-angel-amora-40-sm-6-led-lamp-na-batarejkah-ip20/,Ангелы и Феи,L (31-50 см),Полистоун,кремовый / светлое дерево,стандарт,Нет,Да,1.63,0.0324,Китай,Нидерланды
1132,3599,"Елочная игрушка Олень Роэль - Хранитель Лавандовой рощи 17 см, подвеска",1090.0,/goods/elochnaya-igrushka-olen-rojel---hranitel-lavandovoj-roshhi-17-sm-podveska/,Животные,M (15-30 см),Пластик,фиолетовый,премиум,Нет,Нет,0.07,0.0003,Китай,Нидерланды
1133,3600,"Елочная игрушка Жемчужный Олень Шайни 15 см, подвеска",760.0,/goods/elochnaya-igrushka-zhemchuzhnyj-olen-shajni-15-sm-podveska/,Животные,M (15-30 см),Акрил,белый,стандарт,Нет,Нет,0.07,0.0009,Китай,Россия
1134,3605,"Светодиодная гирлянда на батарейках Домики Норвуд - Звездочки 1.30 м, 10 теплых белых LED ламп",1410.0,/goods/svetodiodnaya-girlyanda-na-batarejkah-domiki-norvud---zvezdochki/,Домики,S (7-14 см),Дерево,кремовый / светлое дерево,стандарт,Нет,Да,0.24,0.0031,Китай,Нидерланды
1135,3613,"Стеклянная елочная игрушка Волшебный Гном Джен 9 см, подвеска",570.0,/goods/steklyannaya-elochnaya-igrushka-volshebnyj-gnom-dzhen-podveska/,Персонажи сказок,S (7-14 см),Стекло,красный / бордовый,стандарт,Нет,Нет,0.06,0.0005,Россия,Россия
1136,3614,"Набор елочных игрушек Грибочки из Родшильдского Сада 8 см, 2 шт, подвеска",1880.0,/goods/nabor-elochnyh-igrushek-gribochki-iz-rodshildskogo-sada-8-sm-2-sht-podveska/,Грибы,S (7-14 см),Полистоун,красный / бордовый,премиум,Да,Нет,0.18,0.0008,Китай,Бельгия
1137,3615,Елочная игрушка Балерина Клементина 22 см,2220.0,/goods/elochnaya-igrushka-balerina-klementina-22-sm/,Балет,M (15-30 см),Полистоун,белый,премиум,Нет,Нет,0.07,0.001,Китай,Бельгия
1138,3617,Деревянная елочная игрушка Ракета - Краски детства,200.0,/goods/derevyannaya-elochnaya-igrushka-raketa---kraski-detstva-10-sm/,"Паровозы, машинки",S (7-14 см),Дерево,синий / голубой,эконом,Нет,Нет,0.03,0.0001,Россия,Россия
1139,3618,"Стеклянная елочная игрушка Воздушный шар Шарль 9 см, подвеска",1990.0,/goods/steklyannaya-elochnaya-igrushka-vozdushnyj-shar-sharl-9-sm-podveska/,Миниатюры,S (7-14 см),Стекло,разноцветные,премиум,Нет,Нет,0.07,0.0012,Китай,Нидерланды
1140,3620,"Елочная игрушка Бархатный Сапожок Росселини 17 см розовый, подвеска",340.0,/goods/elochnaya-igrushka-barhatnyj-sapozhok-rosselini-17-sm-rozovyj-podveska/,Миниатюры,M (15-30 см),Текстиль,розовый,стандарт,Нет,Нет,0.02,0.0004,Китай,Италия
1141,3621,Гирлянда Боа из перьев Мехико 184 см,1000.0,/goods/girlyanda-boa-iz-perev-mehiko-184-sm/,Текстильные игрушки,XXL (81 см и более),Перья,разноцветные,стандарт,Нет,Нет,0.09,0.0026,Китай,Нидерланды
1142,3623,"Декоративный светильник White Forest - Семья оленей 14 см, на батарейках",980.0,/goods/podvesnoj-novogodnij-svetilnik-olenya-opushka-14-sm-na-batarejkah-4-led-lampy/,Деревянные игрушки,S (7-14 см),Дерево,белый,стандарт,Нет,Да,0.1,0.0005,Китай,Нидерланды
1143,3634,Елочная игрушка Дед Мороз со зверятами 10 см,440.0,/goods/elochnaya-igrushka-santa-s-druzyami-5x4x10-sm-podveska/,"Дед Мороз, Снегурочка и Снеговик",S (7-14 см),Полистоун,красный / бордовый,стандарт,Нет,Нет,0.13,0.0003,Китай,Россия
1144,3639,"Набор елочных игрушек Серебряное Сафари 6 шт 9-11 см, подвеска",1380.0,/goods/nabor-elochnyh-igrushek-serebryanoe-safari-6-sht-9-11-sm-podveska/,Животные,S (7-14 см),Металл,серебро,стандарт,Да,Нет,0.33,0.0009,Индия,Нидерланды
1145,3640,"Стеклянная елочная игрушка Лягушка 10 см, подвеска",610.0,/goods/steklyannaya-elochnaya-igrushka-lyagushka-7-sm-podveska/,Животные,S (7-14 см),Стекло,зеленый,стандарт,Нет,Нет,0.03,0.0006,Россия,Россия
1146,3641,"Стеклянная елочная игрушка Кот в рукавичке 8 см красная, подвеска",320.0,/goods/steklyannaya-elochnaya-igrushka-kot-v-rukavichke-8-sm-krasnaya-podveska/,Животные,S (7-14 см),Стекло,красный / бордовый,стандарт,Нет,Нет,0.04,0.0005,Россия,Россия
1147,3644,Елочная игрушка Олень Джоэл 15 см,1100.0,/goods/elochnaya-igrushka-olen-dzhojel-15-sm-podveska/,Животные,M (15-30 см),Акрил,бирюзовый,премиум,Нет,Нет,0.03,0.0003,Китай,Нидерланды
1148,3648,"Елочная игрушка Домик Голубки Хельги 10 см, подвеска",1970.0,/goods/elochnaya-igrushka-domik-golubki-helgi-10-sm-podveska/,Птицы,S (7-14 см),Полистоун,кремовый / светлое дерево,премиум,Нет,Нет,0.07,0.0003,Китай,Нидерланды
1149,3658,Деревянная елочная игрушка Паровоз - Краски детства,200.0,/goods/derevyannaya-elochnaya-igrushka-parovoz---kraski-detstva-10-sm/,"Паровозы, машинки",S (7-14 см),Дерево,шоколадный / коричневый,стандарт,Нет,Нет,0.03,0.0001,Россия,Россия
1150,3659,"Набор деревянных елочных игрушек Барабаны 5 см, 6 шт",1980.0,/goods/nabor-derevyannyh-elochnyh-igrushek-barabany-5-sm-6-sht-podveska/,Миниатюры,XS (до 6 см),Дерево,красный / бордовый,стандарт,Да,Нет,0.08,0.0004,Китай,Германия
1151,3660,"Cтеклянная елочная игрушка Подарки Адриана 14 см, подвеска",3150.0,/goods/cteklyannaya-elochnaya-igrushka-podarki-adriana-14-sm-podveska/,Миниатюры,S (7-14 см),Стекло,разноцветные,премиум,Нет,Нет,0.06,0.0017,Китай,Нидерланды
1152,3667,"Елочная игрушка Снежинка - Snow Diamond 13 см золотая, подвеска",600.0,/goods/elochnaya-igrushka-snezhinka-snow-diamond-13-sm-zolotaya-podveska/,Снежинки,S (7-14 см),Акрил,золото,стандарт,Нет,Нет,0.06,0.0003,Китай,Россия
1153,3670,"Набор стеклянных елочных игрушек Шишки Boulogne 10 см, 12 шт",5810.0,/goods/nabor-steklyannyh-elochnyh-igrushek-zheludi-boulogne-10-sm-12-sht-podveska/,Шишки и желуди,S (7-14 см),Стекло,шоколадный / коричневый,стандарт,Да,Нет,0.58,0.0116,Китай,Нидерланды
1154,3675,"Набор стеклянных елочных игрушек Сердце Монплезира 4.5 см ванильный mix, 12 шт",520.0,/goods/nabor-steklyannyh-elochnyh-igrushek-serdce-monplezira-45-sm-vanilnyj-mix-12-sht-podveska/,Сердечки,XS (до 6 см),Стекло,золото,стандарт,Да,Нет,0.07,0.0005,Китай,Нидерланды
1155,3676,"Декоративные пасхальные яйца - Piante Secche 10 см, 2 шт",1400.0,/goods/dekorativnye-pashalnye-yajca---piante-secche-10-sm-2-sht/,"Яйца, медальоны",S (7-14 см),Стекло,кремовый / светлое дерево,премиум,Да,Нет,0.08,0.0014,Китай,Бельгия
1156,3677,"Елочная игрушка Снеговик Дитфрид 18 см, подвеска",1180.0,/goods/elochnaya-igrushka-snegovik-ditfrid-18-sm-podveska/,"Дед Мороз, Снегурочка и Снеговик",M (15-30 см),Текстиль,разноцветные,премиум,Нет,Нет,0.04,0.0012,Китай,Нидерланды
1157,3678,"Елочная игрушка Санта Клаус - Волшебник из Харрикейна 20 см, подвеска",840.0,/goods/elochnaya-igrushka-santa-klaus---volshebnik-iz-harrikejna-20-sm-podveska/,"Дед Мороз, Снегурочка и Снеговик",M (15-30 см),Текстиль,серый,стандарт,Нет,Нет,0.08,0.0015,Китай,Италия
1158,3679,"Елочная игрушка Феечка Небывалого острова 14 см, подвеска",1160.0,/goods/elochnaya-igrushka-feechka-nebyvalogo-ostrova-14-sm-podveska/,Ангелы и Феи,S (7-14 см),Полистоун,розовый,стандарт,Нет,Нет,0.15,0.0004,Китай,Нидерланды
1159,3681,"Елочная игрушка Country Bunny 9 см, подвеска",290.0,/goods/elochnaya-igrushka-country-bunny-9-sm-podveska/,Животные,S (7-14 см),Полистоун,белый,стандарт,Нет,Нет,0.1,0.0003,Китай,Германия
1160,3687,"Светодиодная гирлянда на батарейках Домики - Олени 1.8 м, 10 теплых LED ламп",780.0,/goods/svetodiodnaya-girlyanda-na-batarejkah-domiki---oleni-180-m-10-teplyh-led-lamp-tajmer/,Домики,S (7-14 см),Дерево,кремовый / светлое дерево,стандарт,Нет,Да,0.13,0.0012,Китай,Россия
1161,3697,"Стеклянная елочная игрушка Санта - Лес Старинных Сказаний 12 см зеленая, подвеска",1180.0,/goods/steklyannaya-elochnaya-igrushka-santa---les-starinnyh-skazanij-12-sm-zelenaya-podveska/,Персонажи сказок,S (7-14 см),Стекло,зеленый,премиум,Нет,Нет,0.04,0.0009,Китай,Италия
1162,3698,"Елочная игрушка Балерина Анна - Зимняя пьеса 19 см, подвеска",1930.0,/goods/elochnaya-igrushka-balerina-anna---zimnyaya-pesa-19-sm-podveska/,Балет,M (15-30 см),Полистоун,розовый,премиум,Нет,Нет,0.06,0.001,Китай,Бельгия
1163,3711,"Елочные игрушки Желуди 4 см черный трюфель, 12 шт, стекло",420.0,/goods/nabor-steklyannyh-elochnyh-igrushek-zheludi-4-sm-chernyj-tryufel-12-sht/,Шишки и желуди,XS (до 6 см),Стекло,шоколадный / коричневый,стандарт,Да,Нет,0.08,0.0006,Китай,Нидерланды
1164,3715,Декоративный бант Браони 34*30 см серебристый,990.0,/goods/dekorativnyj-bant-braoni-34-sm-serebristyj/,Банты на елку,L (31-50 см),Текстиль,серебро,стандарт,Нет,Нет,0.11,0.0044,Китай,Нидерланды
1165,3718,"Елочная игрушка Мистер Клаус с дарами из Дюссельдорфа 11 см, подвеска",1510.0,/goods/elochnaya-igrushka-mister-klaus-s-darami-iz-dyusseldorfa-11-sm-podveska/,"Дед Мороз, Снегурочка и Снеговик",S (7-14 см),Полистоун,серебро,премиум,Нет,Нет,0.09,0.0003,Китай,Нидерланды
1166,3719,"Стеклянная елочная игрушка Снеговик в синем шарфе 8 см, подвеска",700.0,/goods/steklyannaya-elochnaya-igrushka-snegovik-s-konkami-8-sm-sinij-podveska/,"Дед Мороз, Снегурочка и Снеговик",S (7-14 см),Стекло,серебро,стандарт,Нет,Нет,0.04,0.0006,Россия,Россия
1167,3721,"Набор елочных игрушек Елочки Sacramenia 10 см, 3 шт, подвеска",430.0,/goods/nabor-elochnyh-igrushek-elochki-sacramenia-10-sm-3-sht-podveska/,Елочки,S (7-14 см),Полистоун,разноцветные,эконом,Да,Нет,0.13,0.0006,Китай,Нидерланды
1168,3722,"Елочная игрушка Фея Марин - Эльфийская Симфония 16 см, подвеска",2070.0,/goods/elochnaya-igrushka-feya-marin---jelfijskaya-simfoniya-16-sm-podveska/,Ангелы и Феи,M (15-30 см),Полистоун,розовый,премиум,Нет,Нет,0.03,0.0005,Китай,Бельгия
1169,3725,"Елочное украшение Олень Серебряное Копытце 16 см серебро с бирюзой, подвеска",320.0,/goods/elochnoe-ukrashenie-olen-16-sm-serebro-s-biryuzoj-podveska/,Животные,M (15-30 см),Акрил,синий / голубой,стандарт,Нет,Нет,0.06,0.0005,Китай,Россия
1170,3726,Подвесное украшение BunnyLand - Кролик Вайти 6 см,1080.0,/goods/podvesnoe-ukrashenie-bunnyland---krolik-vajti-6-sm/,Животные,XS (до 6 см),Полистоун,синий / голубой,премиум,Нет,Нет,0.11,0.0001,Китай,Бельгия
1171,3727,"Набор елочных игрушек Shining Jungle 6 см, 3 шт, подвеска",1450.0,/goods/nabor-elochnyh-igrushek-shining-jungle-6-sm-3-sht-podveska/,Животные,S (7-14 см),Полистоун,золото,стандарт,Да,Нет,0.15,0.0003,Китай,Нидерланды
1172,3728,Елочная игрушка Царевна-Лягушка Фрея - Copperfrost Tales 10 см,1680.0,/goods/elochnaya-igrushka-carevna---lyagushka-freya-10-sm-podveska/,Животные,S (7-14 см),Полистоун,шоколадный / коричневый,премиум,Нет,Нет,0.09,0.0004,Китай,Нидерланды
1173,3730,"Стеклянная елочная игрушка Петух Фелини 13 см, подвеска",1640.0,/goods/steklyannaya-elochnaya-igrushka-petuh-felini-podveska/,Птицы,S (7-14 см),Стекло,черный,премиум,Нет,Нет,0.08,0.0009,Китай,Нидерланды
1174,3731,"Елочная игрушка Стрекоза Эннолия 10 см, 2 шт, золотая, подвеска",500.0,/goods/elochnaya-igrushka-strekoza-jennoliya-10-sm-2-sht-zolotaya-podveska/,"Бабочки, Жучки",S (7-14 см),Акрил,золото,стандарт,Да,Нет,0.08,0.0015,Китай,Нидерланды
1175,3732,"Елочная игрушка Домик Сканди 9 см белый, подвеска",270.0,/goods/elochnaya-igrushka-domik-skandi-belyj-podveska/,Домики,S (7-14 см),Дерево,кремовый / светлое дерево,стандарт,Нет,Нет,0.02,0.0003,Китай,Нидерланды
1176,3735,"Елочная игрушка Леди Кармайкл - Royal Tartan 25 см, подвеска",4550.0,/goods/elochnaya-igrushka-ledi-karmajkl-royal-tartan-25-sm-podveska/,Люди,M (15-30 см),Полистоун,красный / бордовый,премиум,Нет,Нет,0.09,0.0008,Китай,Бельгия
1177,3740,"Елочная игрушка Эльф Румиль - New Year Miracle 11 см, подвеска",2290.0,/goods/elochnaya-igrushka-jelf-rumil-11-sm-podveska/,Гномы и Эльфы,S (7-14 см),Полистоун,красный / бордовый,премиум,Нет,Нет,0.1,0.0005,Китай,Нидерланды
1178,3741,Елочная игрушка Мышка Балерина Бернарда - Winter Baroque 13 см,3180.0,/goods/elochnaya-igrushka-myshka-balerina-bernarda---winter-baroque-13-sm/,Животные,S (7-14 см),Полистоун,кремовый / светлое дерево,премиум,Нет,Нет,0.04,0.0004,Филиппины,Бельгия
1179,3747,Елочная игрушка Совенок Вязаный 10 см,480.0,/goods/elochnaya-igrushka-sovenok-vyazanyj-10-sm/,Птицы,S (7-14 см),Текстиль,кремовый / светлое дерево,стандарт,Нет,Нет,0.03,0.0003,Китай,Нидерланды
1180,3757,Стеклянная елочная игрушка Колокольчик Еловый 7 см розовый,430.0,/goods/steklyannaya-elochnaya-igrushka-kolokolchik-elovyj-75-sm-rozovyj/,Колокольчики,S (7-14 см),Стекло,розовый,стандарт,Нет,Нет,0.04,0.0012,Россия,Россия
1181,3758,Бант на елку Snow Fable: Классика 15*11 см,360.0,/goods/bant-na-elku-snow-fable-klassika-15-sm/,Банты на елку,M (15-30 см),Текстиль,серебро,стандарт,Нет,Нет,0.01,0.0018,Китай,Нидерланды
1182,3759,"Елочная игрушка Бант Сияющий серебряный 18*17 см, подвеска",220.0,/goods/elochnaya-igrushka-bant-siyayushhij-serebryanyj-18-sm-podveska/,Банты на елку,M (15-30 см),Пластик,серебро,эконом,Нет,Нет,0.07,0.0004,Китай,Россия
1183,3767,"Стеклянная елочная игрушка Кот в рукавичке 8 см синяя, подвеска",320.0,/goods/steklyannaya-elochnaya-igrushka-kot-v-rukavichke-8-sm-sinyaya-podveska/,Животные,S (7-14 см),Стекло,синий / голубой,стандарт,Нет,Нет,0.02,0.0006,Россия,Россия
1184,3770,"Елочная игрушка Олень Марлиз - Златорогий Гость из Чудолесья 15 см, подвеска",310.0,/goods/elochnaya-igrushka-olen-marliz---zlatorogij-gost-iz-chudolesya-15-sm-podveska/,Животные,M (15-30 см),Акрил,золото,стандарт,Нет,Нет,0.06,0.0003,Китай,Россия
1185,3774,"Светящаяся елочная игрушка Домик Вилле 7 см, на батарейках, подвеска",350.0,/goods/svetyashhayasya-elochnaya-igrushka-domik-ville-7-sm-na-batarejkah-podveska/,Домики,S (7-14 см),Керамика / Фарфор,белый,стандарт,Нет,Да,0.21,0.0001,Китай,Нидерланды
1186,3781,"Стеклянная елочная игрушка Волшебный Гном Джек 9 см, подвеска",570.0,/goods/steklyannaya-elochnaya-igrushka-volshebnyj-gnom-dzhek-9-sm-podveska/,Персонажи сказок,S (7-14 см),Стекло,красный / бордовый,стандарт,Нет,Нет,0.06,0.0005,Россия,Россия
1187,3795,"Елочная игрушка Колокольчик - Reindeer 14 см красный, подвеска",630.0,/goods/elochnaya-igrushka-kolokolchik---reindeer-14-sm-krasnyj-podveska/,Колокольчики,S (7-14 см),Металл,красный / бордовый,стандарт,Нет,Нет,0.15,0.0024,Китай,Нидерланды
1188,3797,"Бант Праздничный 18*11 см серебряный, 2 шт",460.0,/goods/bant-prazdnichnyj-18-sm-serebryanyj-2-sht/,Банты на елку,M (15-30 см),Текстиль,серебро,стандарт,Да,Нет,0.08,0.0019,Китай,Нидерланды
1189,3802,Стеклянная елочная игрушка Дед Мороз - лесной Волшебник 13 см,2210.0,/goods/steklyannaya-elochnaya-igrushka-lesnoj-santa-s-ptichkoj-13-sm-podveska/,"Дед Мороз, Снегурочка и Снеговик",S (7-14 см),Стекло,кремовый / светлое дерево,премиум,Нет,Нет,0.02,0.0004,Китай,Нидерланды
1190,3804,Елочная игрушка Снеговик Девитт в ушанке 15*10 см,400.0,/goods/elochnaya-igrushka-snegovik-devitt-v-ushanke-15x10-sm/,"Дед Мороз, Снегурочка и Снеговик",M (15-30 см),Текстиль,белый,стандарт,Нет,Нет,0.07,0.0013,Китай,Нидерланды
1191,3805,"Набор подвесных украшений из бумаги Leonessa 15*11 см белый, 3 шт",1390.0,/goods/elochnaya-igrushki-iz-bumagi-leonessa-15x11-sm-belyj-3-sht/,Елочки,S (7-14 см),Бумага,белый,стандарт,Да,Нет,0.19,0.001,Китай,Нидерланды
1192,3808,Подвесное украшение Happy Easter - Кролик с корзинками 9 см,800.0,/goods/podvesnoe-ukrashenie-happy-easter---krolik-s-korzinkami-9-sm/,Животные,S (7-14 см),Полистоун,кремовый / светлое дерево,премиум,Нет,Нет,0.08,0.0002,Китай,Бельгия
1193,3810,Елочная игрушка Царевна-Лягушка Лея - Copperfrost Tales 10 см,1680.0,/goods/elochnaya-igrushka-carevna---lyagushka-leya-10-sm-podveska/,Животные,S (7-14 см),Полистоун,шоколадный / коричневый,премиум,Нет,Нет,0.09,0.0004,Китай,Нидерланды
1194,3813,"Елочная игрушка Лис Рассел - Fresquiste Musice 12 см, подвеска",2360.0,/goods/elochnaya-igrushka-lis-rassel---fresquiste-musice-12-sm-podveska/,Животные,S (7-14 см),Полистоун,бирюзовый,премиум,Нет,Нет,0.09,0.0004,Китай,Италия
1195,3818,"Стеклянная елочная игрушка Мальчик Эморри на лошадке-качалке 12 см, подвеска",4340.0,/goods/steklyannaya-elochnaya-igrushka-malchik-jemorri-na-loshadke-kachalke-12-sm-podveska/,Персонажи сказок,S (7-14 см),Стекло,шоколадный / коричневый,премиум,Нет,Нет,0.03,0.0006,Германия,Германия
1196,3821,"Набор елочных игрушек Boulangerie - Пряничные человечки 11 см, 3 шт, подвеска",880.0,/goods/nabor-elochnyh-igrushek-boulangerie---pryanichnye-chelovechki-11-sm-3-sht-podveska/,"Пряники, конфеты, сладости",S (7-14 см),Полимерная глина,шоколадный / коричневый,стандарт,Да,Нет,0.09,0.0003,Китай,Нидерланды
1197,3824,Искусственная лиана Montreal Silver 150 см,1730.0,/goods/girlyanda-iz-iskusstvennyh-listev-montreal-silver-150-sm/,"Растения, Листья",XXL (81 см и более),Текстиль,серебро,стандарт,Нет,Нет,0.07,0.0007,Китай,Нидерланды
1198,3825,"Елочная игрушка Гном Лорент - Хранитель леса Триллемарк 20 см, подвеска",710.0,/goods/elochnaya-igrushka-gnom-lorent---hranitel-lesa-trillemark-20-sm-podveska/,Персонажи сказок,M (15-30 см),Текстиль,белый,стандарт,Нет,Нет,0.04,0.0009,Китай,Нидерланды
1199,3826,Елочная игрушка Танцовщица Элиза - Sleeping Beauty 17 см,2120.0,/goods/elochnaya-igrushka-tancovshhica-jeliza---sleeping-beauty-17-sm/,Балет,M (15-30 см),Полистоун,кремовый / светлое дерево,премиум,Нет,Нет,0.08,0.001,Китай,Бельгия
1200,3828,"Стеклянная елочная игрушка Боксерские перчатки 8 см, красная",760.0,/goods/steklyannaya-elochnaya-igrushka-bokserskie-perchatki-8-sm-podveska/,Миниатюры,S (7-14 см),Стекло,красный / бордовый,стандарт,Нет,Нет,0.06,0.0004,Россия,Россия
1201,3831,"Декоративные прищепки Merry Christmas 5 см, 6 шт",260.0,/goods/dekorativnye-prishhepki-merry-christmas-5-sm-6-sht/,"Пряники, конфеты, сладости",XS (до 6 см),Дерево,красный / бордовый,стандарт,Да,Нет,0.07,0.0005,Китай,Нидерланды
1202,3833,"Елочная игрушка Сапожок Винтердейл 11 см, подвеска",220.0,/goods/elochnaya-igrushka-sapozhok-vinterdejl-11-sm-podveska/,Миниатюры,S (7-14 см),Текстиль,белый,эконом,Нет,Нет,0.02,0.0002,Россия,Россия
1203,3837,"Елочная игрушка Кисть Рибрандо 27 см эвкалиптовая, подвеска",1440.0,/goods/elochnaya-igrushka-kist-ribrando-27-sm-jevkaliptovaya-podveska/,Изысканные подвески,M (15-30 см),Текстиль,зеленый,премиум,Нет,Нет,0.1,0.0006,Индия,Италия
1204,3839,"Набор стеклянных елочных игрушек Шишки 6 см misty blue mix, 12 шт",560.0,/goods/nabor-steklyannyh-elochnyh-igrushek-shishki-6-sm-misty-blue-mix-12-sht-podveska/,Шишки и желуди,XS (до 6 см),Стекло,синий / голубой,стандарт,Да,Нет,0.07,0.0006,Китай,Нидерланды
1205,3843,Бант на елку Luminous Luxe алый,260.0,/goods/bant-na-elku-luminous-luxe-28x25-sm-alyj/,Банты на елку,M (15-30 см),Текстиль,красный / бордовый,стандарт,Нет,Нет,0.07,0.0015,Китай,Россия
1206,3847,"Набор пластиковых елочных игрушек Рождество на Пороге 12 см, 3 шт, подвеска",1300.0,/goods/nabor-plastikovyh-elochnyh-igrushek-rozhdestvo-na-poroge-12-sm-3-sht-podveska/,"Дед Мороз, Снегурочка и Снеговик",S (7-14 см),Пластик,разноцветные,стандарт,Да,Нет,0.09,0.0025,Китай,Нидерланды
1207,3849,"Набор стеклянных елочных игрушек Рождество в Малышвилле 5-6 см, 20 шт, подвеска",7200.0,/goods/nabor-steklyannyh-elochnyh-igrushek-rozhdestvo-v-malyshville-5-6-sm-20-sht-podveska/,"Дед Мороз, Снегурочка и Снеговик",XS (до 6 см),Стекло,разноцветные,премиум,Да,Нет,0.13,0.0029,Китай,Нидерланды
1208,3852,"Елочная игрушка Олень Цезар - Заколдованный лес 15 см, подвеска",1520.0,/goods/elochnaya-igrushka-olen-cezar---zakoldovannyj-les-15-sm-podveska/,Животные,M (15-30 см),Полистоун,золото,премиум,Нет,Нет,0.04,0.0003,Китай,Нидерланды
1209,3853,Подвесное украшение BunnyLand - Кролик Гритти 6 см,1080.0,/goods/podvesnoe-ukrashenie-bunnyland---krolik-gritti-6-sm/,Животные,XS (до 6 см),Полистоун,желтый / оранжевый,премиум,Нет,Нет,0.11,0.0001,Китай,Бельгия
1210,3855,"Стеклянная елочная игрушка Птичка Бора-Бора 13 см, подвеска",1210.0,/goods/steklyannaya-elochnaya-igrushka-ptichka-bora-bora-podveska/,Птицы,S (7-14 см),Стекло,желтый / оранжевый,премиум,Нет,Нет,0.11,0.0012,Польша,Польша
1211,3856,"Елочная игрушка Домик Голубки Сьюзи 10 см, подвеска",1970.0,/goods/elochnaya-igrushka-domik-golubki-syuzi-10-sm-podveska/,Птицы,S (7-14 см),Полистоун,кремовый / светлое дерево,премиум,Нет,Нет,0.07,0.0003,Китай,Нидерланды
1212,3860,"Пуансеттия Коралловое Вдохновение 23 см, клипса",260.0,/goods/puansettiya-korallovoe-vdohnovenie-23-sm-klipsa/,Пуансеттии,M (15-30 см),Текстиль,розовый,стандарт,Нет,Нет,0.04,0.0016,Китай,Италия
1213,3862,"Елочная игрушка Гномик Толстячок 6 см, подвеска",400.0,/goods/elochnaya-igrushka-gnomik-tolstyachok-6-sm-podveska/,Персонажи сказок,XS (до 6 см),Полистоун,красный / бордовый,стандарт,Нет,Нет,0.04,0.0001,Китай,Швеция
1214,3863,Декоративная фигура Грибной Гном Джейкоб - житель Зачарованного Леса 35 см,17620.0,/goods/dekorativnaya-figura-gribnoj-gnom-dzhejkob-zhitel-zacharovannogo-lesa-35-sm/,Гномы и Эльфы,L (31-50 см),Текстиль,красный / бордовый,премиум,Нет,Нет,0.26,0.0067,Китай,Бельгия
1215,3864,Елочная игрушка Балерина Констанция 22 см,2220.0,/goods/elochnaya-igrushka-balerina-konstanciya-22-sm/,Балет,M (15-30 см),Полистоун,белый,премиум,Нет,Нет,0.07,0.001,Китай,Бельгия
1216,3866,Елочное украшение Птичка в Клетке 13 см серебряная,590.0,/goods/elochnoe-ukrashenie-ptichka-v-kletke-serebro-13x8-sm/,Птицы,S (7-14 см),Металл,серебро,стандарт,Нет,Нет,0.06,0.0011,Китай,Бельгия
1217,3870,"Набор деревянных елочных игрушек Рождественские забавы, красный, 2-5 см, 12 шт, подвеска",740.0,/goods/nabor-derevyannyh-elochnyh-igrushek-krasnye-chelovechki-12-sht-podveska/,Деревянные игрушки,XS (до 6 см),Дерево,красный / бордовый,стандарт,Да,Нет,0.08,0.0004,Китай,Нидерланды
1218,3871,"Набор елочных игрушек Каникулы в Лапландии 14 см, 12 шт, подвеска",5460.0,/goods/nabor-elochnyh-igrushek-kanikuly-v-laplandii-14-sm-12-sht-podveska/,"Дед Мороз, Снегурочка и Снеговик",S (7-14 см),Текстиль,красный / бордовый,стандарт,Да,Нет,0.26,0.0084,Китай,Нидерланды
1219,3873,"Светящаяся елочная игрушка Рождественская фигурка - Санта с Карамельной Палочкой 9 см на батарейке, подвеска",430.0,/goods/svetyashheesya-ukrashenie-rozhdestvenskaya-figurka-santa-s-karamelnoj-palochkoj-92-sm-podveska-batarejki/,"Дед Мороз, Снегурочка и Снеговик",S (7-14 см),Акрил,синий / голубой,стандарт,Нет,Да,0.09,0.0004,Китай,Нидерланды
1220,3879,"Набор стеклянных елочных игрушек Звезды 4.5 см нежно-оливковый mix, 12 шт",460.0,/goods/nabor-steklyannyh-elochnyh-igrushek-zvezdy-45-sm-nezhno-olivkovyj-mix-12-sht-podveska/,Звездочки,XS (до 6 см),Стекло,зеленый,стандарт,Да,Нет,0.08,0.0006,Китай,Нидерланды
1221,3880,"Набор украшений из бумаги Новогодняя Геометрия - Колокольчики 11-21 см, 3 шт",310.0,/goods/nabor-ukrashenij-iz-bumagi-novogodnyaya-geometriya-kolokolchiki-11-21-sm-3-sht/,Колокольчики,M (15-30 см),Бумага,красный / бордовый,стандарт,Да,Нет,0.1,0.0002,Китай,Нидерланды
1222,3881,Бумажный колокольчик Гофре белый,190.0,/goods/bumazhnyj-kolokolchik-gofre-16-sm-belyj/,Колокольчики,M (15-30 см),Бумага,белый,стандарт,Нет,Нет,0.04,0.0002,Китай,Нидерланды
1223,3882,"Елочная игрушка Бант Алиони 16*10*6 см золотой, подвеска",430.0,/goods/elochnaya-igrushka-bant-alioni-zolotoj-podveska/,Банты на елку,M (15-30 см),Акрил,золото,стандарт,Нет,Нет,0.11,0.0014,Китай,Нидерланды
1224,3884,"Набор стеклянных елочных игрушек Сердце Монплезира 4.5 см розовый бутон mix, 12 шт",470.0,/goods/nabor-steklyannyh-elochnyh-igrushek-serdce-monplezira-45-sm-rozovyj-buton-mix-12-sht-podveska/,Сердечки,XS (до 6 см),Стекло,розовый,стандарт,Да,Нет,0.04,0.0005,Китай,Россия
1225,3887,"Елочная игрушка Снеговик Малютка Фрости 5 см, подвеска",400.0,/goods/elochnaya-igrushka-snegovik-malyutka-frosti-5-sm-podveska/,"Дед Мороз, Снегурочка и Снеговик",XS (до 6 см),Текстиль,белый,эконом,Нет,Нет,0.02,0.0005,Китай,Нидерланды
1226,3888,"Елочная игрушка Снеговик Маркус 13 см, подвеска",1720.0,/goods/elochnaya-igrushka-snegovik-markus-13-sm-podveska/,"Дед Мороз, Снегурочка и Снеговик",S (7-14 см),Полистоун,белый,премиум,Нет,Нет,0.1,0.0002,Китай,Нидерланды
1227,3889,Бумажное украшение Елочка Алетия 32 см желтая,460.0,/goods/bumazhnoe-ukrashenie-elochka-aletiya-32-sm-zheltaya/,Елочки,L (31-50 см),Бумага,желтый / оранжевый,стандарт,Нет,Нет,0.15,0.0006,Китай,Нидерланды
1228,3894,"Именная елочная игрушка Лось Хартли и Семья 13*7 см, подвеска",1720.0,/goods/imennaya-elochnaya-igrushka-los-hartli-i-semya-15-sm-podveska/,Животные,S (7-14 см),Полистоун,шоколадный / коричневый,стандарт,Нет,Нет,0.1,0.0003,Китай,Нидерланды
1229,3895,Подвесное украшение Братишка Банни - Лео 9 см,1350.0,/goods/podvesnoe-ukrashenie-bratishka-banni---leo-9-sm/,Животные,S (7-14 см),Полистоун,розовый,премиум,Нет,Нет,0.06,0.0001,Китай,Бельгия
1230,3897,"Стеклянная елочная игрушка Цыпленок Дорио 5 см, подвеска",370.0,/goods/steklyannaya-elochnaya-igrushka-cyplenok-dorio-5-sm-podveska/,Птицы,XS (до 6 см),Стекло,желтый / оранжевый,стандарт,Нет,Нет,0.06,0.0002,Россия,Россия
1231,3899,"Деревянная елочная игрушка Рождественский Домик со Снеговиком 13 см, подвеска",230.0,/goods/derevyannaya-elochnaya-igrushka-rozhdestvenskij-domik-so-snegovikom-13-sm-podveska/,Домики,S (7-14 см),Дерево,белый,стандарт,Нет,Нет,0.03,0.0005,Китай,Нидерланды
1232,3902,"Стеклянная елочная игрушка Конфетка 7 см, подвеска",360.0,/goods/steklyannaya-elochnaya-igrushka-konfetka-7-sm-podveska/,"Пряники, конфеты, сладости",S (7-14 см),Стекло,розовый,стандарт,Нет,Нет,0.06,0.0003,Россия,Россия
1233,3912,Новогодний фонарик со свечой Сказки зимнего Леса 13 см винтажно-медный,470.0,/goods/novogodnij-fonarik-so-svechoj-skazki-zimnego-lesa-13-sm-vintazhno-mednyj/,Светящиеся игрушки,S (7-14 см),Пластик,шоколадный / коричневый,стандарт,Нет,Да,0.04,0.0004,Китай,Нидерланды
1234,3917,"Набор елочных игрушек Капля 7.5 см золотой mix, 12 шт, стекло",650.0,/goods/nabor-elochnyh-igrushek-kaplya-75-sm-zolotoj-mix-12-sht-steklo-podveska/,Сосульки,S (7-14 см),Стекло,золото,стандарт,Да,Нет,0.09,0.0009,Китай,Россия
1235,3919,"Набор стеклянных елочных игрушек Сосульки Миранолла 8 см, 4 шт, подвеска",1960.0,/goods/nabor-steklyannyh-elochnyh-igrushek-sosulki-miranolla-8-sm-4-sht-podveska/,Изысканные подвески,S (7-14 см),Стекло,серебро,премиум,Да,Нет,0.06,0.001,Китай,Бельгия
1236,3922,"Украшение для уличной елки Бант Нарядный 18 см золотой, эко-кожа",370.0,/goods/ukrashenie-dlya-ulichnoj-elki-bant-naryadnyj-20-sm-zolotoj-jeko-kozha/,Банты на елку,M (15-30 см),Эко-кожа,золото,стандарт,Нет,Нет,0.1,0.0014,Россия,Россия
1237,3923,Бант на елку Feira 28*24 см красный,360.0,/goods/bant-na-elku-feira-28-sm/,Банты на елку,M (15-30 см),Текстиль,красный / бордовый,стандарт,Нет,Нет,0.04,0.0024,Китай,Нидерланды
1238,3926,Стеклянная елочная игрушка Дед Мороз с птичкой и елочкой 13 см,2210.0,/goods/steklyannaya-elochnaya-igrushka-lesnoj-santa-s-elochkoj-13-sm-podveska/,"Дед Мороз, Снегурочка и Снеговик",S (7-14 см),Стекло,кремовый / светлое дерево,премиум,Нет,Нет,0.02,0.0004,Китай,Нидерланды
1239,3927,"Стеклянная елочная игрушка Christmas with Love - Anticovid Series 9 см, подвеска",560.0,/goods/steklyannaya-elochnaya-igrushka-christmas-with-love---anticovid-series-9-sm-podveska/,"Дед Мороз, Снегурочка и Снеговик",S (7-14 см),Стекло,красный / бордовый,стандарт,Нет,Нет,0.02,0.0003,Китай,Нидерланды
1240,3928,Елочная игрушка Дед Мороз со списком подарков 9 см,430.0,/goods/elochnaya-igrushka-saharnyj-santa-9-sm/,"Дед Мороз, Снегурочка и Снеговик",S (7-14 см),Полистоун,красный / бордовый,стандарт,Нет,Нет,0.13,0.0001,Китай,Нидерланды
1241,3930,"Набор подвесных украшений из бумаги Ангелы Хавенвилля 14 см, 3 шт",660.0,/goods/nabor-podvesnyh-ukrashenij-iz-bumagi-angely-havenvillya-14-sm-3-sht/,Ангелы и Феи,S (7-14 см),Бумага,кремовый / светлое дерево,эконом,Да,Нет,0.09,0.0009,Китай,Нидерланды
1242,3931,"Елочная игрушка Лягушка - Балерина Алисса 9 см, подвеска",2100.0,/goods/elochnaya-igrushka-lyagushka---balerina-alissa-9-sm-podveska/,Животные,S (7-14 см),Полистоун,зеленый,премиум,Нет,Нет,0.07,0.0007,Китай,Нидерланды
1243,3938,Елочная игрушка Сова Голди - Winter Baroque 10 см,3440.0,/goods/elochnaya-igrushka-sova-goldi---winter-baroque-10-sm/,Птицы,S (7-14 см),Полистоун,кремовый / светлое дерево,премиум,Нет,Нет,0.06,0.0002,Филиппины,Бельгия
1244,3947,Коллекционная кукла Эльф Шарль в предвкушении чуда - Jacques Nouveau 26 см,12680.0,/goods/kollekcionnaya-kukla-jelf-sharl-v-predvkushenii-chuda---jacques-nouveau-26-sm/,Гномы и Эльфы,M (15-30 см),Текстиль,розовый,премиум,Нет,Нет,0.35,0.0041,Китай,США
1245,3950,"Светодиодные Сосульки Арктика 3*40 см, холодное белое свечение с мерцанием, IP44",2710.0,/goods/svetodiodnye-sosulki-arktika-3-sht-holodnoe-beloe-svechenie-s-mercaniem-ip44/,Сосульки,L (31-50 см),Акрил,прозрачный,стандарт,Нет,Да,0.55,0.0024,Китай,Нидерланды
1246,3959,Бант на елку Rosa Lilla: Горошек 15*11 см,360.0,/goods/bant-na-elku-rosa-lilla-goroshek-15-sm/,Банты на елку,M (15-30 см),Текстиль,фиолетовый,стандарт,Нет,Нет,0.02,0.0004,Китай,Нидерланды
1247,3960,"Декоративный бант Feira 13*12 см синий, 2 шт",250.0,/goods/dekorativnyj-bant-feira-13-sm-sinij-2-sht/,Банты на елку,S (7-14 см),Текстиль,синий / голубой,стандарт,Да,Нет,0.03,0.0011,Китай,Нидерланды
1248,3961,"Набор стеклянных елочных игрушек Frosting Pink: Luvira 8 см, 3 шт, подвеска",1390.0,/goods/nabor-steklyannyh-elochnyh-igrushek-frosting-pink-luvira-8-sm-3-sht-podveska/,Звездочки,S (7-14 см),Стекло,розовый,премиум,Да,Нет,0.11,0.0012,Китай,Германия
1249,3962,"Елочная игрушка Санта Клаус с посохом: Quelle surprise 11 см, подвеска",1830.0,/goods/elochnaya-igrushka-santa-klaus-s-posohom-quelle-surprise-11-sm-podveska/,"Дед Мороз, Снегурочка и Снеговик",S (7-14 см),Полистоун,розовый,премиум,Нет,Нет,0.13,0.0004,Китай,Нидерланды
1250,3964,"Набор стеклянных елочных игрушек Polar Night: Санта Клаус 3-5 см, 9 шт, подвеска",640.0,/goods/nabor-steklyannyh-elochnyh-igrushek-polar-night-santa-klaus-3-5-sm-9-sht-podveska/,"Дед Мороз, Снегурочка и Снеговик",XS (до 6 см),Стекло,синий / голубой,стандарт,Да,Нет,0.04,0.0004,Китай,Нидерланды
1251,3967,Подвесное украшение Сестричка Банни - Луиза 11 см,1470.0,/goods/podvesnoe-ukrashenie-sestrichka-banni---luiza-11-sm/,Животные,S (7-14 см),Полистоун,розовый,премиум,Нет,Нет,0.08,0.0003,Китай,Бельгия
1252,3972,"Елочная игрушка Колибри де Риволи 7 см, голубая, подвеска",720.0,/goods/elochnaya-igrushka-kolibri-de-rivoli-7-sm-golubaya-podveska/,Птицы,S (7-14 см),Пластик,синий / голубой,премиум,Нет,Нет,0.06,0.0007,Китай,Нидерланды
1253,3974,"Светодиодная гирлянда Домики Фарелл - Звезды 1.33 м, 10 теплых белых LED ламп, на батарейках, прозрачный ПВХ, IP20",660.0,/goods/svetodiodnaya-girlyanda-domiki-zvezdy-10-teplyh-belyh-led-lamp/,Домики,XS (до 6 см),Дерево,кремовый / светлое дерево,стандарт,Нет,Да,0.12,0.002,Китай,Нидерланды
1254,3976,"Набор елочных игрушек Bradford: Прогулка Бобби и Адель , 2 шт",340.0,/goods/nabor-elochnyh-igrushek-bradford-progulka-bobbi-i-adel--2-sht/,Люди,S (7-14 см),Керамика / Фарфор,зеленый,стандарт,Да,Нет,0.1,0.0003,Китай,Нидерланды
1255,3984,"Стеклянная ёлочная игрушка Наряд балерины Агнесс 9 см, подвеска",1660.0,/goods/steklyannaya-yolochnaya-igrushka-naryad-baleriny-agness-9-sm-serebryanaya-podveska/,Балет,S (7-14 см),Стекло,серебро,премиум,Нет,Нет,0.02,0.0004,Китай,Бельгия
1256,3994,"Набор елочных украшений Magnolia Jewelry 14 см, 2 шт, подвеска",1560.0,/goods/nabor-elochnyh-ukrashenij-magnolia-jewelry-14-sm-2-sht-podveska/,Изысканные подвески,S (7-14 см),Акрил,розовый,премиум,Да,Нет,0.03,0.0003,Тайвань,Бельгия
1257,3997,"Украшение для уличной елки Бант Нарядный 18 см серебряный, эко-кожа",370.0,/goods/ukrashenie-dlya-ulichnoj-elki-bant-naryadnyj-20-sm-serebryanyj-jeko-kozha/,Банты на елку,M (15-30 см),Эко-кожа,серебро,стандарт,Нет,Нет,0.1,0.0014,Россия,Россия
1258,3998,"Банты Рождественские 10 см серые, 3 шт",520.0,/goods/banty-rozhdestvenskie-10-sm-3-sht-seryj/,Банты на елку,S (7-14 см),Текстиль,серый,стандарт,Да,Нет,0.06,0.0013,Китай,Нидерланды
1259,4002,"Елочная игрушка Фея Пани - Marienberg Fee 18 см, подвеска",2690.0,/goods/elochnaya-igrushka-feya-pani---marienberg-fee-18-sm-podveska/,Ангелы и Феи,M (15-30 см),Полистоун,белый,премиум,Нет,Нет,0.11,0.001,Китай,Бельгия
1260,4006,Подвесное украшение Цветочный Кролик Рю 9 см,1360.0,/goods/podvesnoe-ukrashenie-cvetochnyj-krolik-ryu-9-sm/,Животные,S (7-14 см),Полистоун,синий / голубой,премиум,Нет,Нет,0.11,0.0002,Китай,Бельгия
1261,4023,"Елочная игрушка Снеговик Отто 18 см, подвеска",1180.0,/goods/elochnaya-igrushka-snegovik-otto-18-sm-podveska/,"Дед Мороз, Снегурочка и Снеговик",M (15-30 см),Текстиль,разноцветные,премиум,Нет,Нет,0.04,0.0012,Китай,Нидерланды
1262,4024,"Новогодний домик-фонарик Сияющие огни - Малыш у Ёлочки 12 см, подвеска",780.0,/goods/novogodnij-domik-fonarik-siyayushhie-ogni-malysh-u-yolochki-12-sm-podveska/,Домики,S (7-14 см),Дерево,белый,стандарт,Нет,Да,0.04,0.0007,Китай,Нидерланды
1263,4029,"Елочная подвеска Bracciale Turchese 14 см, подвеска",380.0,/goods/elochnaya-podveska-bracciale-turchese-14-sm-podveska/,Изысканные подвески,S (7-14 см),Акрил,синий / голубой,стандарт,Нет,Нет,0.02,0.0001,Китай,Нидерланды
1264,4034,Бант на елку Snow Fable: Узоры 15*11 см,360.0,/goods/bant-na-elku-snow-fable-uzory-15-sm/,Банты на елку,M (15-30 см),Текстиль,серебро,стандарт,Нет,Нет,0.01,0.0018,Китай,Нидерланды
1265,4035,Бант на елку Lucido Striscia бежевый,240.0,/goods/bant-na-elku-lucido-striscia-22-sm-bezhevyj/,Банты на елку,M (15-30 см),Текстиль,кремовый / светлое дерево,стандарт,Нет,Нет,0.03,0.0013,Китай,Италия
1266,4036,"Стеклянная елочная игрушка Изящное сердечко 7.5 см красный, подвеска",210.0,/goods/elochnaya-igrushka-izyashhnoe-serdechko-75-sm-krasnyj-steklo-podveska/,Сердечки,S (7-14 см),Стекло,красный / бордовый,стандарт,Нет,Нет,0.18,0.0002,Индия,Нидерланды
1267,4037,"Елочная игрушка Санта на санках - Winter Fun 13 см, подвеска",680.0,/goods/elochnaya-igrushka-santa-na-sankah---winter-fun-13-sm-podveska/,"Дед Мороз, Снегурочка и Снеговик",S (7-14 см),Дерево,красный / бордовый,премиум,Нет,Нет,0.06,0.0014,Китай,Нидерланды
1268,4038,"Набор елочных игрушек New Year Miracle 12 см, 3 шт, подвеска",6210.0,/goods/nabor-elochnyh-igrushek-new-year-miracle-12-sm-3-sht-podveska/,"Дед Мороз, Снегурочка и Снеговик",S (7-14 см),Полистоун,красный / бордовый,премиум,Да,Нет,0.26,0.0032,Китай,Нидерланды
1269,4041,"Набор стеклянных елочных игрушек Бал Фей - Мулен де ла Галетт 11 см, 6 шт, подвеска",7920.0,/goods/nabor-steklyannyh-elochnyh-igrushek-bal-fej---mulen-de-la-galett-11-sm-6-sht-podveska/,Ангелы и Феи,S (7-14 см),Стекло,розовый,премиум,Да,Нет,0.31,0.0087,Китай,Италия
1270,4045,"Елочная игрушка Мышка Эйло с грибочком 13 см, подвеска",710.0,/goods/steklyannaya-elochnaya-igrushka-myshka-jejlin-s-gribochkom-13-sm-podveska/,Животные,S (7-14 см),Полистоун,шоколадный / коричневый,премиум,Нет,Нет,0.09,0.0004,Китай,Нидерланды
1271,4046,"Елочная игрушка Серый Олененок 10 см, 2 шт, подвеска",250.0,/goods/elochnaya-igrushka-seryj-olenenok-10-sm-2-sht-podveska/,Животные,S (7-14 см),Пластик,серый,эконом,Да,Нет,0.02,0.0003,Китай,Нидерланды
1272,4048,"Набор деревянных елочных игрушек Easter Bunnies 8 см, 12 шт, подвеска",1980.0,/goods/nabor-derevyannyh-elochnyh-igrushek-easter-bunnies-8-sm-12-sht-podveska/,Животные,S (7-14 см),Дерево,кремовый / светлое дерево,стандарт,Да,Нет,0.11,0.0007,Китай,Германия
1273,4050,Стеклянная елочная игрушка Петушок Кристофор 11 см,3100.0,/goods/steklyannaya-elochnaya-igrushka-petushok-kristofor-11-sm/,Птицы,S (7-14 см),Стекло,красный / бордовый,премиум,Нет,Нет,0.03,0.0005,Германия,Германия
1274,4051,"Декоративное украшение Бабочки - Boloria Admet 18 см, 2 шт, клипса",350.0,/goods/dekorativnoe-ukrashenie-babochki---boloria-admet-18-sm-2-sht-klipsa/,"Бабочки, Жучки",M (15-30 см),Текстиль,красный / бордовый,стандарт,Да,Нет,0.02,0.0005,Китай,Нидерланды
1275,4053,"Елочная игрушка Солнце Ди Плюжио - Золото Востока 15 см, подвеска",2350.0,/goods/elochnaya-igrushka-solnce-di-plyuzhio---zoloto-vostoka-15-sm-podveska/,Персонажи сказок,M (15-30 см),Полистоун,золото,премиум,Нет,Нет,0.19,0.0008,Таиланд,Бельгия
1276,4070,"Набор елочных игрушек Звезды 8 см каштановый, 6 шт",350.0,/goods/nabor-elochnyh-igrushek-zvezdy-8-sm-kashtanovyj-6-sht-podveska/,Звездочки,S (7-14 см),Пластик,шоколадный / коричневый,стандарт,Да,Нет,0.07,0.0005,Китай,Нидерланды
1277,4071,"Гирлянда Колокольчики, 20 теплых белых микроламп 2 м, прозрачный ПВХ, IP20",580.0,/goods/jelektrogirlyanda-kolokolchiki-20-zolotyh-mikrolamp-prozrachnyj-provod-2-m/,Колокольчики,S (7-14 см),Пластик,золото,эконом,Нет,Да,0.28,0.001,Китай,Россия
1278,4072,"Набор елочных игрушек Синьора Изидора - Фисташковые Сады Эльбы 13 см, 6 шт, подвеска",7100.0,/goods/nabor-elochnyh-igrushek-markiza-izidora---fistashkovye-sady-jelby-13-sm-6-sht-podveska/,Колокольчики,S (7-14 см),Керамика / Фарфор,зеленый,премиум,Да,Нет,1.32,0.0144,Китай,Италия
1279,4073,"Украшение для уличной елки Бант Классический 27 см красный, эко-кожа",1110.0,/goods/bant-kozhanyj-klassicheskij-30-sm-krasnyj/,Банты на елку,M (15-30 см),Эко-кожа,красный / бордовый,стандарт,Нет,Нет,0.13,0.005,Россия,Россия
1280,4074,Декоративный бант Charette 24*20 см серебряный,300.0,/goods/dekorativnyj-bant-charette-24-sm-serebryanyj/,Банты на елку,M (15-30 см),Текстиль,серебро,стандарт,Нет,Нет,0.04,0.0036,Китай,Нидерланды
1281,4075,"Набор деревянных елочных игрушек Снеговик Маттео: Новогодняя Суета 6 см, 6 шт, подвеска",2330.0,/goods/nabor-derevyannyh-elochnyh-igrushek-snegovik-matteo-novogodnyaya-sueta-6-sm-6-sht-podveska/,"Дед Мороз, Снегурочка и Снеговик",XS (до 6 см),Дерево,разноцветные,стандарт,Да,Нет,0.08,0.0004,Китай,Германия
1282,4076,"Елочная игрушка Санта Клаус из Элбурга 18 см серебряный, подвеска",560.0,/goods/elochnaya-igrushka-santa-klaus-iz-jelburga-18-sm-serebryanyj-podveska/,"Дед Мороз, Снегурочка и Снеговик",M (15-30 см),Текстиль,серебро,стандарт,Нет,Нет,0.04,0.0012,Китай,Нидерланды
1283,4078,"Елочная игрушка Фея Жюлиет - Эльфийская Симфония 16 см, подвеска",2070.0,/goods/elochnaya-igrushka-feya-zhyuliet---jelfijskaya-simfoniya-16-sm-podveska/,Ангелы и Феи,M (15-30 см),Полистоун,кремовый / светлое дерево,премиум,Нет,Нет,0.03,0.0005,Китай,Бельгия
1284,4080,"Елочная игрушка Носорог 12*5*7 см, пластик, подвеска",270.0,/goods/elochnaya-igrushka-nosorog-12x5x7-sm-podveska/,Животные,S (7-14 см),Пластик,шоколадный / коричневый,стандарт,Нет,Нет,0.04,0.0005,Китай,Бельгия
1285,4084,"Стеклянная елочная игрушка Медведь Джереми 15 см, подвеска",2100.0,/goods/steklyannaya-elochnaya-igrushka-medved-dzheremi-15-sm-podveska/,Животные,M (15-30 см),Стекло,красный / бордовый,премиум,Нет,Нет,0.04,0.0013,Китай,Италия
1286,4088,Декоративная фигура Сова Адилин 31 см,3510.0,/goods/dekorativnaya-figura-sova-adilin-31-sm/,Птицы,L (31-50 см),Искусственный мех,кремовый / светлое дерево,стандарт,Нет,Нет,0.15,0.007,Китай,Нидерланды
1287,4096,Пуансеттия на стебле Романтик 82 см серебряная,1790.0,/goods/puansettiya-na-steble-romantik-belaya-50x82-sm/,Пуансеттии,XXL (81 см и более),Текстиль,серебро,стандарт,Нет,Нет,0.13,0.0806,Китай,Нидерланды
1288,4105,"Светящаяся елочная игрушка Уютный Домик - Радостный Снеговушка 9 см, подвеска",700.0,/goods/svetyashhayasya-elochnaya-igrushka-uyutnyj-domik-radostnyj-snegovushka-9-sm-podveska/,Домики,S (7-14 см),Дерево,кремовый / светлое дерево,стандарт,Нет,Да,0.07,0.0005,Китай,Германия
1289,4107,"Набор деревянных ёлочных игрушек Симфония Рождества 3-6 см, 24 шт, подвеска",2100.0,/goods/nabor-derevyannyh-yolochnyh-igrushek-simfoniya-rozhdestva-3-sm-24-sht-podveska/,Деревянные игрушки,XS (до 6 см),Дерево,красный / бордовый,стандарт,Да,Нет,0.2,0.0021,Китай,Германия
1290,4109,"Елочная игрушка Снежинка Скандинавская принцесса 10 см, подвеска",580.0,/goods/elochnaya-igrushka-snezhinka-skandinavskaya-princessa-10-sm-podveska/,Снежинки,S (7-14 см),Акрил,золото,стандарт,Нет,Нет,0.04,0.0004,Китай,Нидерланды
1291,4116,Бант на елку Пино Россо - Узоры 15*11 см,360.0,/goods/bant-na-elku-pino-rosso-uzory-15-sm/,Банты на елку,M (15-30 см),Текстиль,красный / бордовый,стандарт,Нет,Нет,0.02,0.0002,Китай,Нидерланды
1292,4117,Бант Праздничный 24*22 см белый,540.0,/goods/bant-prazdnichnyj-24-sm-belyj/,Банты на елку,M (15-30 см),Текстиль,белый,стандарт,Нет,Нет,0.06,0.0025,Китай,Нидерланды
1293,4118,"Стеклянная елочная игрушка Сердечко Элегия 6.5 см красная, подвеска",470.0,/goods/steklyannaya-elochnaya-igrushka-serdechko-jelegiya-65-sm-podveska/,Сердечки,XS (до 6 см),Стекло,красный / бордовый,стандарт,Нет,Нет,0.02,0.0001,Россия,Россия
1294,4119,"Набор елочных игрушек Новогодняя Сказка 8-12 см, 25 шт, бордовый с золотым, пластик",2470.0,/goods/nabor-elochnyh-igrushek-novogodnyaya-skazka-8-12-sm-25-sht-bordovyj-s-zolotym-plastik/,"Дед Мороз, Снегурочка и Снеговик",S (7-14 см),Пластик,красный / бордовый,стандарт,Да,Нет,0.78,0.0143,Китай,Россия
1295,4122,"Ёлочная игрушка Фея-балерина Мелодия 11 см, подвеска",1610.0,/goods/yolochnaya-igrushka-feya-balerina-melodiya-11-sm-podveska/,Ангелы и Феи,S (7-14 см),Полистоун,белый,премиум,Нет,Нет,0.02,0.0003,Китай,Нидерланды
1296,4130,Декоративная ветка Butterfly Borde 94 см,1100.0,/goods/dekorativnaya-vetka-butterfly-borde-94-sm/,"Бабочки, Жучки",XXL (81 см и более),Текстиль,красный / бордовый,премиум,Нет,Нет,0.03,0.0064,Китай,Нидерланды
1297,4133,"Набор елочных игрушек Пряничное веселье - Звездочки 8 см, 2 шт, подвеска",200.0,/goods/nabor-elochnyh-igrushek-pryanichnoe-vesele---zvezdochki-2-sht-podveska/,Звездочки,S (7-14 см),Пластик,шоколадный / коричневый,стандарт,Да,Нет,0.02,0.0002,Китай,Италия
1298,4144,"Набор елочных игрушек Снежинки - Barcadero Bow 13 см, 3 шт",810.0,/goods/nabor-elochnyh-igrushek-snezhinki-12-sm-3-sht-perlamutrovyj/,Снежинки,S (7-14 см),Акрил,разноцветные,стандарт,Да,Нет,0.19,0.0008,Китай,Нидерланды
1299,4146,"Набор стеклянных елочных игрушек Barbiano 24 см фиолетовые, 2 шт",1820.0,/goods/nabor-steklyannyh-elochnyh-igrushek-barbiano-24-sm-fioletovye-2-sht/,Изысканные подвески,M (15-30 см),Стекло,фиолетовый,стандарт,Да,Нет,0.24,0.0051,Китай,Нидерланды
1300,4148,"Елочная игрушка Звезда Хиппи 13 см, подвеска",440.0,/goods/elochnaya-igrushka-zvezda-hippi-13-sm-podveska/,Звездочки,S (7-14 см),Текстиль,шоколадный / коричневый,стандарт,Нет,Нет,0.04,0.0009,Китай,Нидерланды
1301,4149,"Украшение для уличной елки Бант Нарядный 18 см синий, эко-кожа",370.0,/goods/ukrashenie-dlya-ulichnoj-elki-bant-naryadnyj-20-sm-sinij-jeko-kozha/,Банты на елку,M (15-30 см),Эко-кожа,синий / голубой,стандарт,Нет,Нет,0.1,0.0014,Россия,Россия
1302,4150,"Елочная игрушка Снеговик в Зеленом Шарфе 10 см, подвеска",290.0,/goods/elochnaya-igrushka-snegovik-v-zelenom-sharfe-10-sm-podveska/,"Дед Мороз, Снегурочка и Снеговик",S (7-14 см),Пластик,белый,стандарт,Нет,Нет,0.06,0.0001,Китай,Россия
1303,4151,"Набор стеклянных елочных игрушек Рождество в Монтилье 7 см, 24 шт",3740.0,/goods/nabor-steklyannyh-elochnyh-igrushek-rozhdestvo-v-montile-7-sm-11-sht/,"Дед Мороз, Снегурочка и Снеговик",S (7-14 см),Стекло,красный / бордовый,стандарт,Да,Нет,0.66,0.0077,Китай,Нидерланды
1304,4152,"Стеклянная ёлочная игрушка Дед Мороз - Волшебник в красной шубке 12 см, подвеска",780.0,/goods/steklyannaya-yolochnaya-igrushka-ded-moroz-volshebnik-v-krasnom-kaftane-12-sm-podveska/,"Дед Мороз, Снегурочка и Снеговик",S (7-14 см),Стекло,красный / бордовый,стандарт,Нет,Нет,0.08,0.0011,Россия,Россия
1305,4153,"Елочное украшение Снеговик в Санях 10 см, подвеска",360.0,/goods/elochnoe-ukrashenie-snegovik-v-sanyah-10x1x10-sm-podveska/,"Дед Мороз, Снегурочка и Снеговик",S (7-14 см),Полистоун,разноцветные,стандарт,Нет,Нет,0.04,0.0001,Китай,Россия
1306,4155,"Елочная игрушка Фея Драже: Quelle surprise 10 см, подвеска",1830.0,/goods/elochnaya-igrushka-feya-drazhe-quelle-surprise-10-sm-podveska/,Ангелы и Феи,S (7-14 см),Полистоун,розовый,премиум,Нет,Нет,0.06,0.0004,Китай,Нидерланды
1307,4159,"Елочная игрушка Новогодний Сказочник - Олень 9 см, подвеска",260.0,/goods/elochnaya-igrushka-novogodnij-skazochnik-olen-9-sm-podveska/,Животные,S (7-14 см),Полимерная глина,шоколадный / коричневый,стандарт,Нет,Нет,0.04,0.0001,Китай,Нидерланды
1308,4160,Стеклянная елочная игрушка Козлик Веня 10 см,3480.0,/goods/steklyannaya-elochnaya-igrushka-kozlik-venya-10-sm/,Животные,S (7-14 см),Стекло,шоколадный / коричневый,премиум,Нет,Нет,0.02,0.0002,Германия,Германия
1309,4161,"Набор елочных игрушек Золотая Африка 8 см, 4 шт, подвеска",960.0,/goods/nabor-elochnyh-igrushek-zolotaya-afrika-8-sm-4-sht-podveska/,Животные,S (7-14 см),Металл,золото,стандарт,Да,Нет,0.33,0.0006,Индия,Нидерланды
1310,4165,"Светодиодная гирлянда на батарейках Домики 1.6 м, теплые белые LED лампы, таймер, IP20",2150.0,/goods/svetodiodnaya-girlyanda-na-batarejkah-domiki-16-m-teplye-belye-led-lampy-tajmer-ip20/,Домики,S (7-14 см),Дерево,белый,стандарт,Нет,Да,0.15,0.0017,Китай,Германия
1311,4174,"Елочная игрушка Зонтик Леди Фонтейн 16 см золотой, подвеска",400.0,/goods/elochnaya-igrushka-zontik-ledi-fontejn-16-sm-zhemchuzhnyj-podveska/,Миниатюры,M (15-30 см),Текстиль,золото,стандарт,Нет,Нет,0.02,0.0005,Китай,Нидерланды
1312,4176,Гирлянда Боа из Перьев 184 см красный,880.0,/goods/girlyanda-boa-iz-perev-184-sm-krasnyj/,Текстильные игрушки,XXL (81 см и более),Перья,красный / бордовый,стандарт,Нет,Нет,0.11,0.0024,Китай,Нидерланды
1313,4183,Бант на елку Rosa Lilla: Узоры 15*11 см,360.0,/goods/bant-na-elku-rosa-lilla-uzory-15-sm/,Банты на елку,M (15-30 см),Текстиль,фиолетовый,стандарт,Нет,Нет,0.02,0.0004,Китай,Нидерланды
1314,4184,"Набор стеклянных елочных игрушек Сердечки - Golden Ensemble 9 см, 4 шт, подвеска",960.0,/goods/nabor-steklyannyh-elochnyh-igrushek-serdechki---golden-ensemble-9-sm-4-sht-podveska/,Сердечки,S (7-14 см),Стекло,золото,стандарт,Да,Нет,0.11,0.0017,Китай,Нидерланды
1315,4185,"Елочное украшение Санта сидящий 9 см, подвеска",360.0,/goods/elochnoe-ukrashenie-santa-sidyashhij-7x5x9-sm-podveska/,"Дед Мороз, Снегурочка и Снеговик",S (7-14 см),Полистоун,красный / бордовый,стандарт,Нет,Нет,0.12,0.0004,Китай,Россия
1316,4187,"Елочная игрушка Фея Сиенна и Непокорная Звезда 10 см, подвеска",1960.0,/goods/elochnaya-igrushka-feya-sienna-i-nepokornaya-zvezda-10-sm-podveska/,Ангелы и Феи,S (7-14 см),Полистоун,серебро,премиум,Нет,Нет,0.07,0.0001,Китай,Нидерланды
1317,4191,"Стеклянная елочная игрушка Олененок Бени 4 см, подвеска",370.0,/goods/steklyannaya-elochnaya-igrushka-olenenok-beni-4-sm-podveska/,Животные,XS (до 6 см),Стекло,шоколадный / коричневый,стандарт,Нет,Нет,0.06,0.0002,Россия,Россия
1318,4192,"Елочная игрушка Олененок Рози - Golden Wood 8 см, подвеска",1040.0,/goods/elochnaya-igrushka-olenenok-rozi---golden-wood-8-sm-podveska/,Животные,S (7-14 см),Полистоун,золото,премиум,Нет,Нет,0.03,0.0002,Китай,Нидерланды
1319,4193,Подвесное украшение Чудесное Рождение - Цыпленок Пиу 7 см,1090.0,/goods/podvesnoe-ukrashenie-chudesnoe-rozhdenie---cyplenok-piu-7-sm/,Птицы,S (7-14 см),Полистоун,желтый / оранжевый,премиум,Нет,Нет,0.11,0.0002,Китай,Бельгия
1320,4199,"Елочная игрушка Пуансеттия Winter Rose 14 см, подвеска",1110.0,/goods/elochnaya-igrushka-puansettiya-winter-rose-14-sm-podveska/,Пуансеттии,S (7-14 см),Пластик,белый,премиум,Нет,Нет,0.06,0.0007,Китай,Нидерланды
1321,4205,"Светящаяся новогодняя игрушка Домик - фонарик с Сантой 13 см на батарейке, теплая белая LED подсветка, подвеска",520.0,/goods/svetyashhayasya-novogodnyaya-igrushka-domik-fonarik-s-santoj-13-sm-na-batarejke-teplaya-belaya-led-podsvetka-podveska/,Домики,S (7-14 см),Пластик,шоколадный / коричневый,стандарт,Нет,Да,0.07,0.0008,Китай,Нидерланды
1322,4206,"Стеклянная елочная игрушка Белочка Рози 5 см, подвеска",370.0,/goods/steklyannaya-elochnaya-igrushka-belochka-rozi-5-sm-podveska/,Животные,XS (до 6 см),Стекло,желтый / оранжевый,стандарт,Нет,Нет,0.06,0.0002,Россия,Россия
1323,4211,"Украшение для уличной елки Бант Торжественный 23 см синий, эко-кожа",410.0,/goods/ukrashenie-dlya-ulichnoj-elki-bant-torzhestvennyj-24-sm-sinij-jeko-kozha/,Банты на елку,M (15-30 см),Эко-кожа,синий / голубой,стандарт,Нет,Нет,0.11,0.0028,Россия,Россия
1324,4212,Бант Праздничный 18*11 см белый 2 шт,460.0,/goods/bant-prazdnichnyj-18-sm-belyj-2-sht/,Банты на елку,M (15-30 см),Текстиль,белый,стандарт,Да,Нет,0.09,0.0024,Китай,Нидерланды
1325,4213,"Набор елочных мини-игрушек Сердечко Бурре 4.5 см, 12 шт, зеленый",350.0,/goods/nabor-elochnyh-mini-igrushek-serdechko-burre-45-sm-12-sht-zelenyj-podveska/,Сердечки,XS (до 6 см),Пластик,зеленый,стандарт,Да,Нет,0.03,0.0009,Китай,Нидерланды
1326,4214,"Елочная игрушка Очаровательный Санта на скамейке 15 см, подвеска",680.0,/goods/elochnaya-igrushka-ocharovatelnyj-santa-na-skamejke-15-sm-podveska/,"Дед Мороз, Снегурочка и Снеговик",M (15-30 см),Текстиль,красный / бордовый,стандарт,Нет,Нет,0.09,0.0018,Китай,Нидерланды
1327,4215,"Елочная игрушка Ангел Agnes 19 см, подвеска",250.0,/goods/elochnaya-igrushka-angel-agnes-19-sm-podveska/,Ангелы и Феи,M (15-30 см),Текстиль,белый,эконом,Нет,Нет,0.01,0.0001,Китай,Нидерланды
1328,4217,"Елочная игрушка Сафари - Носорог 11, подвеска",1280.0,/goods/elochnaya-igrushka-safari-nosorog-11-podveska/,Животные,S (7-14 см),Полистоун,серый,премиум,Нет,Нет,0.06,0.0001,Китай,Нидерланды
1329,4223,"Елочная игрушка Бабочка Фронтейра 22 см, клипса",840.0,/goods/elochnaya-igrushka-babochka-frontejra-22-sm-klipsa/,"Бабочки, Жучки",M (15-30 см),Текстиль,шоколадный / коричневый,премиум,Нет,Нет,0.03,0.001,Китай,Бельгия
1330,4232,"Искусственная пуансеттия Джинджер 28 см серебряный, клипса",400.0,/goods/iskusstvennaya-puansettiya-dzhindzher-28-sm-serebryanyj-klipsa/,Пуансеттии,M (15-30 см),Текстиль,серебро,стандарт,Нет,Нет,0.07,0.0015,Китай,Нидерланды
1331,4233,"Елочная игрушка Балерина Карин - Danza di Toulouse 18 см, подвеска",1930.0,/goods/elochnaya-igrushka-balerina-karin---danza-di-toulouse-18-sm-podveska/,Балет,M (15-30 см),Полистоун,белый,премиум,Нет,Нет,0.06,0.001,Китай,Бельгия
1332,4237,"Елочная игрушка Бархатный Сапожок Росселини 17 см шампань, подвеска",410.0,/goods/elochnaya-igrushka-barhatnyj-sapozhok-rosselini-17-sm-podveska/,Миниатюры,M (15-30 см),Текстиль,кремовый / светлое дерево,стандарт,Нет,Нет,0.02,0.0003,Китай,Италия
1333,4248,"Елочная игрушка Бант Аврора 11*10 см красный, подвеска",150.0,/goods/elochnaya-igrushka-bant-avrora-11-sm-krasnyj-podveska/,Банты на елку,S (7-14 см),Пластик,красный / бордовый,эконом,Нет,Нет,0.02,0.0002,Китай,Нидерланды
1334,4249,"Бант Праздничный 18*11 см золотой, 2 шт",480.0,/goods/bant-prazdnichnyj-18-sm-zolotoj-2-sht/,Банты на елку,M (15-30 см),Текстиль,золото,стандарт,Нет,Нет,0.09,0.0019,Китай,Нидерланды
1335,4255,"Стеклянная елочная игрушка Обезьянка - Monkey Santa 10 см, подвеска",1990.0,/goods/steklyannaya-elochnaya-igrushka-obezyanka---monkey-santa-10-sm-podveska/,Животные,S (7-14 см),Стекло,шоколадный / коричневый,премиум,Нет,Нет,0.06,0.0007,Китай,Нидерланды
1336,4267,Искусственная пуансеттия Пудровая принцесса Сара 21*14 см на стебле,190.0,/goods/iskusstvennaya-puansettiya-korallovaya-princessa-sara-21-sm-na-steble/,Пуансеттии,S (7-14 см),Пластик,розовый,стандарт,Нет,Нет,0.02,0.0024,Китай,Нидерланды
1337,4268,Декоративная ветка с перьями Gerdiway 80 см красная,790.0,/goods/dekorativnaya-vetka-s-peryami-gerdiway-80-sm-krasnaya/,"Растения, Листья",XL (51-80 см),Пластик,красный / бордовый,стандарт,Нет,Нет,0.04,0.001,Китай,Нидерланды
1338,4269,"Елочная игрушка Балерина Долорес 13 см, подвеска",1730.0,/goods/elochnaya-igrushka-tancuyushhaya-devushka-v-svetlom-naryade-1-13-sm-podveska/,Балет,S (7-14 см),Полистоун,золото,премиум,Нет,Нет,0.66,0.0006,Китай,Бельгия
1339,4273,"Светящаяся елочная игрушка Домик с Башней на батарейке 10*7*11 см, подвеска",730.0,/goods/domik-s-bashnej-svetyashhijsya-10x7x11sm-led9697/,Домики,S (7-14 см),Пластик,разноцветные,стандарт,Нет,Да,0.13,0.0017,Китай,Россия
1340,4274,"Елочная игрушка Мудрая Сова 13 см белая, подвеска",820.0,/goods/elochnaya-igrushka-mudraya-sova-13-sm-belaya-podveska/,Птицы,S (7-14 см),Акрил,золото,стандарт,Нет,Нет,0.07,0.0004,Китай,Россия
1341,4282,"Набор елочных игрушек Звезды 8 см голубой туман 6 шт, подвеска",350.0,/goods/nabor-elochnyh-igrushek-zvezdy-8-sm-goluboj-tuman-6-sht-podveska/,Звездочки,S (7-14 см),Пластик,синий / голубой,стандарт,Да,Нет,0.08,0.0006,Китай,Нидерланды
1342,4285,"Елочная игрушка Снеговик Лучиано в шапочке 8 см, подвеска",440.0,/goods/elochnaya-igrushka-snegovik-luchiano-v-shapochke-8-sm-podveska/,"Дед Мороз, Снегурочка и Снеговик",S (7-14 см),Полистоун,белый,стандарт,Нет,Нет,0.04,0.0005,Китай,Нидерланды
1343,4289,"Елочная игрушка Ангел Франческа - Prima Ballerina 12 см, подвеска",1720.0,/goods/elochnaya-igrushka-angel-francheska---prima-ballerina-12-sm-podveska/,Ангелы и Феи,S (7-14 см),Полистоун,кремовый / светлое дерево,премиум,Нет,Нет,0.04,0.0001,Китай,Бельгия
1344,4293,"Елочная игрушка Золотые Джунгли: Храбрый Лев 6 см, подвеска",240.0,/goods/elochnaya-igrushka-zolotye-dzhungli-hrabryj-lev-6-sm-podveska/,Животные,XS (до 6 см),Полистоун,золото,эконом,Нет,Нет,0.03,0.0001,Китай,Нидерланды
1345,4295,Елочная игрушка Птичка Ману с подарком 8 см,700.0,/goods/elochnaya-igrushka-ptichka-manu-s-podarkom-8-sm/,Птицы,S (7-14 см),Полистоун,кремовый / светлое дерево,премиум,Нет,Нет,0.07,0.0006,Китай,Германия
1346,4296,"Елочная игрушка Арктическая Стрекоза Эстефани 13 см белая, подвеска",220.0,/goods/elochnaya-igrushka-arkticheskaya-strekoza-jestefani-13-sm-belaya-podveska/,"Бабочки, Жучки",S (7-14 см),Пластик,белый,эконом,Нет,Нет,0.02,0.0012,Китай,Нидерланды
1347,4303,"Пуансеттия Королева Элиджиа 28 см карамельная, клипса",620.0,/goods/puansettiya-koroleva-jelidzhia-28-sm-rozovaya-klipsa/,Пуансеттии,M (15-30 см),Текстиль,шоколадный / коричневый,премиум,Нет,Нет,0.02,0.0024,Китай,Бельгия
1348,4307,"Стеклянная елочная игрушка Волшебный Сапожок Шарля Перро 12 см розовый, подвеска",1740.0,/goods/steklyannaya-elochnaya-igrushka-volshebnyj-sapozhok-sharlya-perro-12-sm-rozovyj-podveska/,Миниатюры,S (7-14 см),Стекло,розовый,премиум,Нет,Нет,0.07,0.0007,Китай,Нидерланды
1349,4309,Стеклянная елочная игрушка Подвеска Фигурная 20 см золотая,980.0,/goods/steklyannaya-elochnaya-igrushka-podveska-figurnaya/,Изысканные подвески,M (15-30 см),Стекло,золото,стандарт,Нет,Нет,0.06,0.0012,Россия,Россия
1350,4311,"Елочная игрушка Il Cuore di Jeneevev - Le Charme Granta 10 см, подвеска",820.0,/goods/elochnaya-igrushka-il-cuore-di-jeneevev---le-charme-granta-10-sm-podveska/,Сердечки,S (7-14 см),Керамика / Фарфор,белый,премиум,Нет,Нет,0.09,0.0004,Китай,Италия
1351,4319,"Набор елочных игрушек Серебряные Звезды 8 см, 6 шт, подвеска",350.0,/goods/nabor-elochnyh-igrushek-serebryanye-zvezdy-8-sm-6-sht-podveska/,Звездочки,S (7-14 см),Пластик,серебро,эконом,Да,Нет,0.04,0.0008,Китай,Россия
1352,4320,Декоративный бант Браони 34*30 см белый,1090.0,/goods/dekorativnyj-bant-braoni-34-sm-belyj/,Банты на елку,L (31-50 см),Текстиль,белый,стандарт,Нет,Нет,0.11,0.0044,Китай,Нидерланды
1353,4321,Коллекционная стеклянная елочная игрушка Яйцо Fabian - Dynasty Gems 19 см,12260.0,/goods/kollekcionnaya-steklyannaya-elochnaya-igrushka-yajco-fabian---dynasty-gems-19-sm/,"Яйца, медальоны",M (15-30 см),Стекло,фиолетовый,премиум,Нет,Нет,0.44,0.008,Китай,США
1354,4325,"Елочная игрушка Фея Мавия на мыльном пузыре 9 см, подвеска",1660.0,/goods/elochnaya-igrushka-feya-maviya-na-mylnom-puzyre-9-sm-podveska/,Ангелы и Феи,S (7-14 см),Стекло,белый,премиум,Нет,Нет,0.02,0.0002,Китай,Бельгия
1355,4330,"Елочная игрушка Олень Аннабелла - Звонкие Копытца 14 см, подвеска",360.0,/goods/elochnaya-igrushka-olen-annabella---zvonkie-kopytca-14-sm-podveska/,Животные,S (7-14 см),Акрил,розовый,стандарт,Нет,Нет,0.04,0.0003,Китай,Россия
1356,4337,"Елочная игрушка Балерина Жюлиетт 13 см радужная, подвеска",490.0,/goods/elochnaya-igrushka-balerina-zhyuliett-13-sm-raduzhnaya-podveska/,Балет,S (7-14 см),Акрил,прозрачный,стандарт,Нет,Нет,0.04,0.0006,Китай,Россия
1357,4339,"Елочная игрушка Ветряная мельница Консуэгра 12 см, подвеска",860.0,/goods/elochnaya-igrushka-vetryanaya-melnica-konsujegra-12-sm-podveska/,Миниатюры,S (7-14 см),Акрил,золото,стандарт,Нет,Нет,0.1,0.0005,Китай,Россия
1358,4347,"Набор стеклянных елочных игрушек Шишки 8 см, 6 шт",870.0,/goods/nabor-steklyannyh-elochnyh-igrushek-shishki-8-sm-6-sht-podveska/,Шишки и желуди,S (7-14 см),Стекло,зеленый,стандарт,Да,Нет,0.07,0.0021,Россия,Россия
1359,4349,Бант на елку Feira 28*24 см шампань,360.0,/goods/bant-na-elku-feira-28-sm-shampan/,Банты на елку,M (15-30 см),Текстиль,золото,стандарт,Нет,Нет,0.04,0.0035,Китай,Нидерланды
1360,4350,"Бант на елку De Lamont, золотой",240.0,/goods/bant-na-elku-de-lamont-48-sm-zolotoj/,Банты на елку,L (31-50 см),Текстиль,золото,стандарт,Нет,Нет,0.09,0.0089,Китай,Италия
1361,4352,"Елочная игрушка Ангел Симона - Prima Ballerina 12 см, подвеска",1720.0,/goods/elochnaya-igrushka-angel-simona---prima-ballerina-12-sm-podveska/,Ангелы и Феи,S (7-14 см),Полистоун,кремовый / светлое дерево,премиум,Нет,Нет,0.04,0.0001,Китай,Бельгия
1362,4355,"Елочная игрушка Пегас Рианнон - Песнь Льда и Хрусталя 14 см, подвеска",380.0,/goods/elochnaya-igrushka-pegas-riannon---pesn-lda-i-hrustalya-14-sm-podveska/,Животные,S (7-14 см),Акрил,золото,стандарт,Нет,Нет,0.04,0.0007,Китай,Россия
1363,4359,"Елочная игрушка Олень Аннелиза - Звонкие Копытца 14 см, подвеска",380.0,/goods/elochnaya-igrushka-olen-anneliza---zvonkie-kopytca-14-sm-podveska/,Животные,S (7-14 см),Акрил,белый,стандарт,Нет,Нет,0.04,0.0003,Китай,Россия
1364,4362,"Елочная игрушка Бабочка Аурелия 11 см, 2 шт, белая, подвеска",460.0,/goods/elochnaya-igrushka-babochka-aureliya-11-sm-2-sht-belaya-podveska/,"Бабочки, Жучки",S (7-14 см),Акрил,белый,стандарт,Да,Нет,0.11,0.0011,Китай,Нидерланды
1365,4369,"Искусственная пуансеттия Dufran 8 см, 4 шт, розовая, клипса",260.0,/goods/iskusstvennaya-puansettiya-dufran-8-sm-rozovaya-klipsa/,Пуансеттии,S (7-14 см),Пластик,розовый,стандарт,Да,Нет,0.04,0.0011,Китай,Нидерланды
1366,4372,"Набор стеклянных мини-вазочек на прищепке Le Bien 5 см, 4 шт",1240.0,/goods/nabor-steklyannyh-mini-vazochek-na-prishhepke-le-bien-5-sm-4-sht/,Миниатюры,XS (до 6 см),Стекло,разноцветные,стандарт,Да,Нет,0.07,0.0003,Китай,Нидерланды
1367,4375,"Елочная игрушка Домик Винтердейл 13 см, подвеска",280.0,/goods/elochnaya-igrushka-domik-vinterdejl-13-sm-podveska/,Домики,S (7-14 см),Текстиль,белый,стандарт,Нет,Нет,0.02,0.0002,Россия,Россия
1368,4380,"Набор стеклянных елочных игрушек Шишки 6 см луговой зеленый mix, 12 шт",560.0,/goods/nabor-steklyannyh-elochnyh-igrushek-shishki-6-sm-lugovoj-zelenyj-mix-12-sht-podveska/,Шишки и желуди,XS (до 6 см),Стекло,зеленый,стандарт,Да,Нет,0.07,0.0006,Китай,Нидерланды
1369,4381,"Набор стеклянных елочных игрушек Звезды 4.5 см голубая карамель mix, 12 шт",460.0,/goods/nabor-steklyannyh-elochnyh-igrushek-zvezdy-45-sm-golubaya-karamel-mix-12-sht-podveska/,Звездочки,XS (до 6 см),Стекло,синий / голубой,стандарт,Да,Нет,0.08,0.0006,Китай,Нидерланды
1370,4382,"Набор стеклянных елочных игрушек Сердце Монплезира 4.5 см голубой туман mix, 12 шт",560.0,/goods/nabor-steklyannyh-elochnyh-igrushek-serdce-monplezira-45-sm-goluboj-tuman-mix-12-sht-podveska/,Сердечки,XS (до 6 см),Стекло,синий / голубой,стандарт,Да,Нет,0.04,0.0005,Китай,Нидерланды
1371,4383,"Набор деревянных елочных игрушек Милые Снеговички 7 см, 6 шт",3180.0,/goods/nabor-derevyannyh-elochnyh-igrushek-milye-snegovichki-7-sm-6-sht-podveska/,"Дед Мороз, Снегурочка и Снеговик",XS (до 6 см),Дерево,разноцветные,стандарт,Да,Нет,0.12,0.0009,Китай,Германия
1372,4384,"Елочная игрушка Северный Санта 13 см, подвеска",320.0,/goods/elochnaya-igrushka-severnyj-santa-13-sm-podveska/,"Дед Мороз, Снегурочка и Снеговик",S (7-14 см),Текстиль,красный / бордовый,стандарт,Нет,Нет,0.03,0.0007,Китай,Нидерланды
1373,4394,"Декоративное украшение Butterfly Jody 13 см зеленое, 2 шт, клипса",230.0,/goods/dekorativnoe-ukrashenie-butterfly-jody-13-sm-zelenye-2-sht-klipsa/,"Бабочки, Жучки",S (7-14 см),Перья,зеленый,стандарт,Да,Нет,0.03,0.0004,Китай,Нидерланды
1374,4401,"Елочная игрушка Балерина Лукреция - Pas de ciseaux 13 см, подвеска",600.0,/goods/elochnaya-igrushka-balerina-lukreciya-pas-de-ciseaux-13-sm-podveska/,Балет,S (7-14 см),Акрил,прозрачный,стандарт,Нет,Нет,0.09,0.0004,Китай,Нидерланды
1375,4407,"Набор елочных игрушек Милые Птенчики 9 см, 2 шт, подвеска",960.0,/goods/nabor-elochnyh-igrushek-milye-ptenchiki-9-sm-2-sht-podveska/,Птицы,S (7-14 см),Текстиль,кремовый / светлое дерево,стандарт,Да,Нет,0.02,0.0005,Китай,Нидерланды
1376,4412,"Набор стеклянных елочных игрушек Шишки 6 см шалфейный mix, 12 шт",470.0,/goods/nabor-steklyannyh-elochnyh-igrushek-shishki-6-sm-shalfejnyj-mix-12-sht-podveska/,Шишки и желуди,XS (до 6 см),Стекло,зеленый,стандарт,Да,Нет,0.09,0.0006,Китай,Россия
1377,4414,"Декоративный бант Mariko 13*12 см золотой, 2 шт",250.0,/goods/dekorativnyj-bant-mariko-13-sm-zolotoj-2-sht/,Банты на елку,S (7-14 см),Текстиль,золото,стандарт,Да,Нет,0.03,0.0019,Китай,Нидерланды
1378,4418,"Набор елочных игрушек Канун Рождества 5-10 см, 6 шт",1660.0,/goods/nabor-elochnyh-igrushek-vintage-christmas-kanun-rozhdestva-5-10-sm-6-sht-podveska/,Елочки,S (7-14 см),Дерево,зеленый,стандарт,Да,Нет,0.66,0.0005,Россия,Россия
1379,4419,"Елочное украшение Ангел с Сердечком 7 см, подвеска",370.0,/goods/elochnoe-ukrashenie-angel-s-serdechkom-6x5x7-sm-podveska/,Ангелы и Феи,S (7-14 см),Полимерная глина,зеленый,стандарт,Нет,Нет,0.08,0.0003,Китай,Россия
1380,4420,"Елочная игрушка Лев Карлайл - Хранитель Ледовых Джунглей 11 см, подвеска",550.0,/goods/elochnaya-igrushka-lev-karlajl---hranitel-ledovyh-dzhunglej-11-sm-podveska/,Животные,S (7-14 см),Акрил,прозрачный,стандарт,Нет,Нет,0.06,0.0004,Китай,Россия
1381,4424,"Стеклянная елочная игрушка Птичка Гарри - Chatter Forest 6 см, клипса",1740.0,/goods/steklyannaya-elochnaya-igrushka-ptichka-garri---chatter-forest-6-sm-klipsa/,Птицы,XS (до 6 см),Стекло,желтый / оранжевый,премиум,Нет,Нет,0.02,0.0001,Китай,Нидерланды
1382,4433,"Елочная игрушка Regno del Lusso: Ретро Фонарь 16 см шампань, подвеска",840.0,/goods/elochnaya-igrushka-regno-del-lusso-retro-fonar-shampan-podveska/,Миниатюры,S (7-14 см),Акрил,золото,премиум,Нет,Нет,0.04,0.0003,Китай,Нидерланды
1383,4435,"Стеклянная елочная игрушка Орден Отечественной войны 6 см, подвеска",1400.0,/goods/steklyannaya-elochnaya-igrushka-orden-otechestvennoj-vojny-6-sm-podveska/,Миниатюры,S (7-14 см),Стекло,желтый / оранжевый,стандарт,Нет,Нет,0.04,0.0004,Россия,Россия
1384,4439,"Новогодний фонарик Сказочный Санта 12 см, на батарейках",540.0,/goods/novogodnij-fonarik-skazochnyj-santa-12-sm/,Небьющиеся игрушки,S (7-14 см),Пластик,черный,стандарт,Нет,Да,0.08,0.0004,Китай,Россия
1385,4440,"Елочная игрушка Мудрая Сова 13 см медная, подвеска",420.0,/goods/elochnaya-igrushka-mudraya-sova-13-sm-mednaya-podveska/,Птицы,S (7-14 см),Акрил,шоколадный / коричневый,стандарт,Нет,Нет,0.07,0.0004,Китай,Россия
1386,4443,"Набор елочных игрушек Сосульки 15 см розовая азалия, 6 шт, стекло",740.0,/goods/nabor-elochnyh-igrushek-sosulki-15-sm-rozovaya-azaliya-6-sht-steklo/,Сосульки,M (15-30 см),Стекло,розовый,стандарт,Да,Нет,0.07,0.0023,Китай,Нидерланды
1387,4444,Елочное украшение-подвеска Бриллиантовый Цветок 40 см голубая,820.0,/goods/elochnoe-ukrashenie-podveska-brilliantovyj-cvetok-40-sm-goluboj/,Изысканные подвески,L (31-50 см),Акрил,синий / голубой,стандарт,Нет,Нет,0.08,0.0003,Китай,Россия
1388,4445,"Набор стеклянных елочных игрушек Сосульки Cleurs de Morrice 21-24 см, 6 шт, подвеска",10560.0,/goods/nabor-steklyannyh-elochnyh-igrushek-sosulki-cleurs-de-morrice-27-sm-6-sht-podveska/,Изысканные подвески,M (15-30 см),Стекло,разноцветные,премиум,Да,Нет,0.66,0.0152,Китай,Италия
1389,4446,"Елочная игрушка Звезда Мэрайя - Grande Festa 14 см, подвеска",3580.0,/goods/elochnaya-igrushka-zvezda-mjerajya---grande-festa-14-sm-podveska/,Звездочки,S (7-14 см),Полистоун,кремовый / светлое дерево,премиум,Нет,Нет,0.04,0.0002,Филиппины,Бельгия
1390,4449,"Елочная игрушка Снеговик Лука в шапочке 8 см, подвеска",440.0,/goods/elochnaya-igrushka-snegovik-luka-v-shapochke-8-sm-podveska/,"Дед Мороз, Снегурочка и Снеговик",S (7-14 см),Полистоун,белый,стандарт,Нет,Нет,0.04,0.0005,Китай,Нидерланды
1391,4453,"Елочная игрушка Олень Вайолет - Ажурная Нежность 15 см, подвеска",360.0,/goods/elochnaya-igrushka-olen-vajolet---azhurnaya-nezhnost-15-sm-podveska/,Животные,M (15-30 см),Акрил,белый,стандарт,Нет,Нет,0.03,0.0004,Китай,Россия
1392,4457,"Светодиодная гирлянда на батарейках Домики 1.85 м, теплые белые LED лампы, таймер, IP20",920.0,/goods/svetodiodnaya-girlyanda-na-batarejkah-domiki-185-m-teplye-belye-led-lampy-tajmer-ip20/,Домики,XS (до 6 см),Дерево,белый,стандарт,Нет,Да,0.17,0.0016,Китай,Германия
1393,4464,Елочная игрушка Балерина Луиза Сюель 16 см,1480.0,/goods/elochnaya-igrushka-balerina-luiza-syuel-16-sm/,Балет,M (15-30 см),Полистоун,белый,премиум,Нет,Нет,0.03,0.0002,Китай,Бельгия
1394,4466,"Стеклянная елочная игрушка Платье - Ivory Cervantes 10 см, подвеска",1340.0,/goods/steklyannaya-elochnaya-igrushka-plate---ivory-cervantes-10-sm-podveska/,Балет,S (7-14 см),Стекло,кремовый / светлое дерево,премиум,Нет,Нет,0.02,0.0001,Китай,Нидерланды
1395,4467,"Стеклянная елочная игрушка Орден Победа 7 см, подвеска",1950.0,/goods/steklyannaya-elochnaya-igrushka-orden-pobeda-7-sm-podveska/,Миниатюры,S (7-14 см),Стекло,желтый / оранжевый,стандарт,Нет,Нет,0.07,0.0009,Россия,Россия
1396,4471,"Елочная игрушка Сова Дэниз 12 см, подвеска",780.0,/goods/elochnaya-igrushka-sova-djeniz-12-sm-podveska/,Птицы,S (7-14 см),Искусственный мех,золото,стандарт,Нет,Нет,0.03,0.0009,Китай,Нидерланды
1397,4472,"Декоративный подвесной светильник Воздушный Шар - Космо Silver 15 см, 6 теплых белых LED ламп, на батарейках",850.0,/goods/dekorativnyj-podvesnoj-svetilnik-vozdushnyj-shar-kosmo-silver-12-sm-6-teplyh-belyh-led-lamp-na-batarejkah/,Светящиеся игрушки,M (15-30 см),Пластик,серебро,стандарт,Нет,Да,0.09,0.0025,Китай,Нидерланды
1398,4492,"Елочная игрушка Дюймовочка в Белом 10 см, подвеска",400.0,/goods/elochnaya-igrushka-dyujmovochka-v-belom-10-sm-podveska/,Персонажи сказок,S (7-14 см),Полистоун,белый,стандарт,Нет,Нет,0.17,0.0002,Китай,Нидерланды
1399,4493,"Елочная игрушка Леди Барнелла - Shopping Day 13 см, подвеска",530.0,/goods/elochnaya-igrushka-ledi-barnella---shopping-day-13-sm-podveska/,Люди,S (7-14 см),Полистоун,розовый,стандарт,Нет,Нет,0.04,0.0003,Китай,Нидерланды
1400,4497,"Елочная игрушка Пингвиненок Роджер и Сэм 15 см, подвеска",1420.0,/goods/elochnaya-igrushka-pingvinenok-rodzher-15-sm-podveska/,Птицы,M (15-30 см),Искусственный мех,белый,премиум,Нет,Нет,0.03,0.0013,Китай,Нидерланды
1401,4503,"Набор стеклянных елочных игрушек Звезды 4.5 см шалфейный mix, 12 шт",460.0,/goods/nabor-steklyannyh-elochnyh-igrushek-zvezdy-45-sm-shalfejnyj-mix-12-sht-podveska/,Звездочки,XS (до 6 см),Стекло,зеленый,стандарт,Да,Нет,0.07,0.0006,Китай,Нидерланды
1402,4504,"Елочная игрушка Сердце - Fuento Tessilo 11 см изумрудная, подвеска",390.0,/goods/elochnaya-igrushka-serdce---fuento-tessilo-11-sm-izumrudnaya-podveska/,Сердечки,S (7-14 см),Текстиль,зеленый,стандарт,Нет,Нет,0.02,0.0004,Китай,Нидерланды
1403,4505,"Набор деревянных елочных игрушек Санта и Его Друзья 9 см, 3 шт, подвеска",260.0,/goods/nabor-derevyannyh-elochnyh-igrushek-santa-i-ego-druzya-85-sm-3-sht-podveska/,"Дед Мороз, Снегурочка и Снеговик",S (7-14 см),Дерево,разноцветные,стандарт,Да,Нет,0.02,0.0003,Китай,Нидерланды
1404,4515,"Набор елочных игрушек Кролики Милка и Лейна 8 см, 2 шт, подвеска",2340.0,/goods/nabor-elochnyh-igrushek-kroliki-milka-i-lejna-8-sm-2-sht-podveska/,Животные,S (7-14 см),Полистоун,красный / бордовый,премиум,Да,Нет,0.13,0.0004,Китай,Бельгия
1405,4518,Декоративная ветка Gypsophila Blossom 70 см,780.0,/goods/dekorativnaya-vetka-cherry-blossom-70-sm/,"Растения, Листья",XL (51-80 см),Пластик,красный / бордовый,премиум,Нет,Нет,0.08,0.0038,Китай,Нидерланды
1406,4519,"Елочная игрушка Балерина Исидора 16 см, подвеска",1380.0,/goods/yolochnaya-igrushka-balerina-isidora-18-sm-podveska/,Балет,M (15-30 см),Полистоун,серебро,премиум,Нет,Нет,0.02,0.0002,Китай,Бельгия
1407,4522,Декоративное Перо птицы южной Пальмиры со стразой 50 см,430.0,/goods/dekorativnoe-pero-pticy-yuzhnoj-palmiry-so-strazoj-50-sm-korallovoe/,Текстильные игрушки,XL (51-80 см),Перья,розовый,стандарт,Нет,Нет,0.04,0.0028,Китай,Италия
1408,4529,"Елочная игрушка Санта - Чародей Шенбухского Леса 18 см, подвеска",530.0,/goods/elochnaya-igrushka-santa---charodej-shenbuhskogo-lesa-18-sm-podveska/,"Дед Мороз, Снегурочка и Снеговик",M (15-30 см),Текстиль,красный / бордовый,стандарт,Нет,Нет,0.06,0.0005,Китай,Италия
1409,4532,"Елочная игрушка Фея Пинетта на птице 11 см, подвеска",1930.0,/goods/elochnaya-igrushka-feya-pinetta-na-ptice-11-sm-podveska/,Ангелы и Феи,S (7-14 см),Полистоун,золото,премиум,Нет,Нет,0.09,0.0004,Китай,Бельгия
1410,4538,"Именная елочная игрушка Лось Хартли и Семья 12*10 см, подвеска",1580.0,/goods/imennaya-elochnaya-igrushka-los-hartli-i-semya-13-sm-podveska/,Животные,S (7-14 см),Полистоун,шоколадный / коричневый,стандарт,Нет,Нет,0.06,0.0003,Китай,Нидерланды
1411,4540,"Набор елочных игрушек Новогодние Птички 6 см, 2 шт",760.0,/goods/nabor-elochnyh-igrushek-novogodnie-ptichki-6-sm-2-sht-podveska/,Птицы,XS (до 6 см),Полистоун,шоколадный / коричневый,стандарт,Да,Нет,0.1,0.0003,Китай,Германия
1412,4543,"Елочная игрушка Siciliano Dama - Сеньорита Алессия 10 см зеленая, подвеска",1920.0,/goods/elochnaya-igrushka-siciliano-dama---senorita-alessiya-10-sm-zelenaya-podveska/,Люди,S (7-14 см),Полистоун,зеленый,премиум,Нет,Нет,0.15,0.0005,Китай,Италия
1413,4545,"Пуансеттия Stella di Natale - White&Gold 30 см, клипса",450.0,/goods/puansettiya-stella-di-natale---whitegold-30-sm-klipsa/,Пуансеттии,M (15-30 см),Текстиль,белый,стандарт,Нет,Нет,0.03,0.0015,Китай,Нидерланды
1414,4549,"Набор елочных игрушек Чайная Церемония в Килкенни 5 см, 2 шт",2680.0,/goods/nabor-elochnyh-igrushek-chajnaya-ceremoniya-v-kilkenni-5-sm-2-sht/,Миниатюры,S (7-14 см),Керамика / Фарфор,белый,премиум,Да,Нет,0.15,0.0004,Китай,Нидерланды
1415,4550,"Елочная игрушка Волшебное Зеркало - Овальное 12 см, подвеска",490.0,/goods/elochnaya-igrushka-volshebnoe-zerkalo-ovalnoe-12-sm-podveska/,Миниатюры,S (7-14 см),Полистоун,серый,стандарт,Нет,Нет,0.02,0.0003,Китай,Нидерланды
1416,4551,"Елочное украшение-медальон Тигр - Достопочтенный Корнелиус 8 см голубой, стекло, подвеска",590.0,/goods/elochnoe-ukrashenie-medalon-tigr---dostopochtennyj-kornelius-10-sm-goluboj-steklo-podveska/,Животные,S (7-14 см),Стекло,синий / голубой,стандарт,Нет,Нет,0.07,0.0004,Россия,Россия
1417,4552,"Декоративный светильник White Forest - Домик в лесу 14 см, на батарейках",980.0,/goods/podvesnoj-novogodnij-svetilnik-domik-u-lesnoj-opushki-14-sm-na-batarejkah-4-led-lampy/,Деревянные игрушки,S (7-14 см),Дерево,белый,стандарт,Нет,Да,0.1,0.0005,Китай,Нидерланды
1418,4553,"Елочная игрушка Белочка Кейли 13 см терракотовая, подвеска",640.0,/goods/elochnaya-igrushka-belochka-kejli-13-sm-terrakotovaya-podveska/,Животные,S (7-14 см),Текстиль,кремовый / светлое дерево,стандарт,Нет,Нет,0.02,0.0002,Китай,Нидерланды
1419,4556,"Игрушка для уличной елки Цирковая Лошадка - Сказочная история 25 см, дерево",970.0,/goods/igrushka-dlya-ulichnoj-elki-cirkovaya-loshadka---skazochnaya-istoriya-25-sm-derevo/,Символ года 2026,M (15-30 см),Дерево,разноцветные,стандарт,Нет,Нет,0.09,0.0004,Россия,Россия
1420,4558,"Набор стеклянных елочных игрушек Сосульки Миа-Донна 25 см, 6 шт, подвеска",6120.0,/goods/nabor-steklyannyh-elochnyh-igrushek-sosulki-mia-donna-25-sm-6-sht-podveska/,Изысканные подвески,M (15-30 см),Стекло,зеленый,премиум,Да,Нет,0.44,0.0118,Китай,Италия
1421,4559,"Елочная подвеска Листик 22 см, красный, подвеска",330.0,/goods/elochnaya-podveska-listik-22-sm-krasnyj-podveska/,Изысканные подвески,M (15-30 см),Пластик,красный / бордовый,стандарт,Нет,Нет,0.04,0.0002,Китай,Швеция
1422,4561,"Набор стеклянных елочных игрушек Noelle Story: Snowman 4-13 см, 20 шт",2300.0,/goods/nabor-steklyannyh-elochnyh-igrushek-noelle-story-snowman-4-13-sm-20-sht/,"Дед Мороз, Снегурочка и Снеговик",S (7-14 см),Стекло,белый,стандарт,Да,Нет,0.44,0.0115,Китай,Нидерланды
1423,4563,"Елочная игрушка Фея Отилия - Королевство Золотых Кувшинок 14 см, подвеска",1660.0,/goods/elochnaya-igrushka-feya-otiliya---korolevstvo-zolotyh-kuvshinok-14-sm-podveska/,Ангелы и Феи,S (7-14 см),Полистоун,кремовый / светлое дерево,премиум,Нет,Нет,0.03,0.0006,Китай,Бельгия
1424,4575,"Искусственная пуансеттия Cassidy 12 см, 3 шт, белая, клипса",290.0,/goods/iskusstvennaya-puansettiya-cassidy-12-sm-belaya-klipsa/,Пуансеттии,S (7-14 см),Пластик,белый,стандарт,Да,Нет,0.04,0.0014,Китай,Нидерланды
1425,4576,Декоративная ветка Caulfield 79 см золотая,290.0,/goods/dekorativnaya-vetka-caulfield-79-sm-zolotaya/,"Растения, Листья",XL (51-80 см),Пластик,золото,стандарт,Нет,Нет,0.11,0.0017,Китай,Нидерланды
1426,4577,"Елочная игрушка Балерина Катарина 15 см в голубом, подвеска",320.0,/goods/elochnaya-igrushka-balerina-katarina-15-sm-v-golubom-podveska/,Балет,M (15-30 см),Акрил,синий / голубой,стандарт,Нет,Нет,0.06,0.0002,Китай,Россия
1427,4586,"Елочная игрушка Arctic Collection: Снеговик 13 см, 3 шт, подвеска",430.0,/goods/elochnaya-igrushka-arctic-collection-snegovik-13-sm-3-sht-podveska/,"Дед Мороз, Снегурочка и Снеговик",S (7-14 см),Пластик,белый,стандарт,Да,Нет,0.02,0.0005,Китай,Нидерланды
1428,4587,"Елочная игрушка Санта из Лапландии 13 см, подвеска",320.0,/goods/elochnaya-igrushka-santa-iz-laplandii-13-sm-podveska/,"Дед Мороз, Снегурочка и Снеговик",S (7-14 см),Текстиль,кремовый / светлое дерево,стандарт,Нет,Нет,0.03,0.0007,Китай,Нидерланды
1429,4591,"Елочная игрушка Фея Элоди - Эльфийская Симфония 16 см, подвеска",2070.0,/goods/elochnaya-igrushka-feya-jelodi---jelfijskaya-simfoniya-16-sm-podveska/,Ангелы и Феи,M (15-30 см),Полистоун,розовый,премиум,Нет,Нет,0.03,0.0005,Китай,Бельгия
1430,4592,"Елочная игрушка Олень Алард в венке из шишек 9 см, подвеска",490.0,/goods/elochnaya-igrushka-olen-alard-v-venke-iz-shishek-9-sm-podveska/,Животные,S (7-14 см),Полистоун,кремовый / светлое дерево,стандарт,Нет,Нет,0.03,0.0002,Китай,Нидерланды
1431,4593,"Елочная игрушка Олень Свен из королевства Драккария 15 см черный, подвеска",1670.0,/goods/elochnaya-igrushka-olen-sven-iz-korolevstva-drakkariya-15-sm-chernyj-podveska/,Животные,M (15-30 см),Полистоун,черный,премиум,Нет,Нет,0.03,0.0003,Китай,Нидерланды
1432,4599,Декоративная ветка Butterfly Copper 94 см,1100.0,/goods/dekorativnaya-vetka-butterfly-copper-94-sm/,"Бабочки, Жучки",XXL (81 см и более),Текстиль,желтый / оранжевый,премиум,Нет,Нет,0.03,0.0064,Китай,Нидерланды
1433,4605,"Искусственная пуансеттия Lola Greta 8 см, 4 шт, белая, клипса",250.0,/goods/iskusstvennaya-puansettiya-lola-greta-8-sm-belaya-klipsa/,Пуансеттии,S (7-14 см),Пластик,белый,стандарт,Да,Нет,0.06,0.0011,Китай,Нидерланды
1434,4611,Декоративное Перо птицы южной Пальмиры 50 см,430.0,/goods/dekorativnoe-pero-pticy-yuzhnoj-palmiry-50-sm-korallovoe/,Текстильные игрушки,XL (51-80 см),Перья,розовый,стандарт,Нет,Нет,0.04,0.0028,Китай,Италия
1435,4618,"Набор стеклянных елочных игрушек Шишки 6 см нежно-оливковый mix, 12 шт",480.0,/goods/nabor-steklyannyh-elochnyh-igrushek-shishki-6-sm-nezhno-olivkovyj-mix-12-sht-podveska/,Шишки и желуди,XS (до 6 см),Стекло,зеленый,стандарт,Да,Нет,0.08,0.0006,Китай,Нидерланды
1436,4619,"Набор елочных игрушек Звезды 8 см terra brown 6 шт, подвеска",350.0,/goods/nabor-elochnyh-igrushek-zvezdy-8-sm-terra-brown-6-sht-podveska/,Звездочки,S (7-14 см),Пластик,шоколадный / коричневый,стандарт,Да,Нет,0.08,0.0006,Китай,Нидерланды
1437,4622,"Светящаяся елочная игрушка Рождественская фигурка - Снеговик с Метлой 9 см на батарейке, подвеска",430.0,/goods/svetyashheesya-ukrashenie-rozhdestvenskaya-figurka-snegovik-s-metloj-92-sm-podveska-batarejki/,"Дед Мороз, Снегурочка и Снеговик",S (7-14 см),Акрил,красный / бордовый,стандарт,Нет,Да,0.09,0.0004,Китай,Нидерланды
1438,4623,Деревянная елочная игрушка Снеговички 11 см,300.0,/goods/derevyannaya-elochnaya-igrushka-snegovichki-11-sm-podveska/,"Дед Мороз, Снегурочка и Снеговик",S (7-14 см),Дерево,кремовый / светлое дерево,стандарт,Нет,Нет,0.03,0.0005,Китай,Германия
1440,4629,"Елочная игрушка Олень Галахад из Шварцвальдского леса 18 см, подвеска",4570.0,/goods/elochnaya-igrushka-olen-galahad-iz-shvarcvaldskogo-lesa-18-sm-podveska/,Животные,M (15-30 см),Полистоун,шоколадный / коричневый,премиум,Нет,Нет,0.15,0.0031,Филиппины,Бельгия
1441,4630,"Елочная игрушка Сафари Style: Слон 14 см, подвеска",440.0,/goods/elochnaya-igrushka-safari-style-slon-14-sm-podveska/,Животные,S (7-14 см),Пластик,шоколадный / коричневый,стандарт,Нет,Нет,0.06,0.0003,Китай,Нидерланды
1442,4641,"Елочная игрушка Птичка Кальтино 6 см, подвеска",480.0,/goods/elochnaya-igrushka-ptichka-kaltino-6-sm-podveska/,Птицы,XS (до 6 см),Акрил,золото,стандарт,Нет,Нет,0.1,0.0005,Китай,Россия
1443,4643,"Набор стеклянных елочных игрушек Шишки 6 см белый mix, 12 шт",470.0,/goods/nabor-elochnyh-igrushek-shishki-6-sm-12-sht-belyj-mix-steklo-podveska/,Шишки и желуди,XS (до 6 см),Стекло,белый,стандарт,Да,Нет,0.17,0.0007,Китай,Россия
1444,4647,"Елочная игрушка Феечка Андриенна - Foresta di Noci 10 см, подвеска",1560.0,/goods/elochnaya-igrushka-feechka-andrienna---foresta-di-noci-10-sm-podveska/,Шишки и желуди,S (7-14 см),Полистоун,кремовый / светлое дерево,премиум,Нет,Нет,0.09,0.0002,Китай,Бельгия
1445,4648,"Набор стеклянных елочных игрушек Звезды 4.5 см королевский синий mix, 12 шт",460.0,/goods/nabor-yolochnyh-igrushek-zvyozdochki-mini-steklo-korolevskij-sinij-glyancevye-i-matovye-2x45x4-sm-12-sht/,Звездочки,XS (до 6 см),Стекло,синий / голубой,стандарт,Да,Нет,0.01,0.0006,Китай,Нидерланды
1446,4651,"Елочная игрушка Фея Донна-Белла с серебряными крыльями 12 см, 2 шт, подвеска",590.0,/goods/elochnaya-igrushka-feya-donna-bella-s-serebryanymi-krylyami-12-sm-2-sht-podveska/,Ангелы и Феи,S (7-14 см),Акрил,серебро,стандарт,Да,Нет,0.08,0.0011,Китай,Нидерланды
1447,4652,"Набор стеклянных елочных игрушек Музыкальный Дуэт - Мистер и Миссис Маус 13 см, 2 шт, подвеска",4420.0,/goods/nabor-steklyannyh-elochnyh-igrushek-muzykalnyj-dujet---mister-i-missis-maus-13-sm-2-sht-podveska/,Животные,S (7-14 см),Стекло,красный / бордовый,премиум,Да,Нет,0.13,0.0018,Китай,Нидерланды
1448,4660,Искусственная ветка Wellington 77 см шампань,1190.0,/goods/iskusstvennaya-vetka-wellington-77-sm-serebryanaya/,"Растения, Листья",XL (51-80 см),Пластик,золото,стандарт,Нет,Нет,0.09,0.0035,Гонконг,Италия
1449,4664,Елочная подвеска Маркиза де Бельмон 10 см,240.0,/goods/elochnaya-podveska-markiza-de-belmon-10-sm/,Изысканные подвески,S (7-14 см),Акрил,золото,стандарт,Нет,Нет,0.03,0.0001,Китай,Россия
1450,4666,"Набор деревянных елочных игрушек Рождественские забавы, золотой, 12 шт, подвеска",740.0,/goods/nabor-derevyannyh-elochnyh-igrushek-zolotye-chelovechki-12-sht-podveska/,Деревянные игрушки,XS (до 6 см),Дерево,золото,стандарт,Да,Нет,0.04,0.0004,Китай,Нидерланды
1451,4671,"Набор стеклянных елочных игрушек Сердце Монплезира 4.5 см бордовый mix, 12 шт",470.0,/goods/nabor-steklyannyh-elochnyh-igrushek-serdce-monplezira-45-sm-bordovyj-mix-12-sht-podveska/,Сердечки,XS (до 6 см),Стекло,красный / бордовый,стандарт,Да,Нет,0.04,0.0005,Китай,Россия
1452,4672,"Елочная игрушка Санта - Чародей Леса 13 см, подвеска",320.0,/goods/elochnaya-igrushka-santa---charodej-lesa-13-sm-podveska/,"Дед Мороз, Снегурочка и Снеговик",S (7-14 см),Текстиль,серый,стандарт,Нет,Нет,0.03,0.0007,Китай,Нидерланды
1453,4673,"Светящаяся елочная игрушка Рождественская фигурка - Снеговичок в Шляпе 9 см на батарейке, подвеска",430.0,/goods/rozhdestvenskie-figurki-svetyashhiesya-92sm-led-batarejka-podveska12516/,"Дед Мороз, Снегурочка и Снеговик",S (7-14 см),Акрил,зеленый,стандарт,Нет,Да,0.09,0.0004,Китай,Нидерланды
1454,4674,"Деревянная елочная игрушка Звезда - Сказочная история с Сантой, 24 см",590.0,/goods/derevyannaya-elochnaya-igrushka-zvezda-skazochnaya-istoriya-s-santoj-24-sm/,Звездочки,M (15-30 см),Дерево,кремовый / светлое дерево,стандарт,Нет,Нет,0.04,0.0014,Китай,Германия
1455,4677,"Елочная игрушка Сафари Style: Носорог 14 см, подвеска",440.0,/goods/elochnaya-igrushka-safari-style-nosorog-14-sm-podveska/,Животные,S (7-14 см),Пластик,шоколадный / коричневый,стандарт,Нет,Нет,0.06,0.0003,Китай,Нидерланды
1456,4679,"Елочная игрушка Олененок Little Prince 12 см, подвеска",660.0,/goods/elochnaya-igrushka-olenenok-little-prince-12-sm-podveska/,Животные,S (7-14 см),Полистоун,шоколадный / коричневый,стандарт,Нет,Нет,0.06,0.0007,Китай,Нидерланды
1457,4682,"Светодиодная гирлянда на батарейках Домики Норвуд  - Елочки 1.30 м, 10 теплых белых LED ламп",1410.0,/goods/svetodiodnaya-girlyanda-na-batarejkah-domiki-norvud----elochki/,Домики,S (7-14 см),Дерево,кремовый / светлое дерево,стандарт,Нет,Да,0.24,0.0031,Китай,Нидерланды
1458,4696,"Набор стеклянных елочных игрушек Шишки 6 см золотой mix, 12 шт",470.0,/goods/nabor-elochnyh-ukrashenij-shishki-oranzh/,Шишки и желуди,XS (до 6 см),Стекло,золото,стандарт,Да,Нет,0.08,0.0007,Китай,Россия
1459,4699,"Набор елочных игрушек Сосульки Miracle 16 см, 2 шт",1440.0,/goods/nabor-elochnyh-igrushek-sosulki-miracle-16-sm-2-sht-podveska/,Сосульки,M (15-30 см),Пластик,бирюзовый,премиум,Да,Нет,0.06,0.0004,Китай,Нидерланды
1460,4703,"Елочная игрушка Arctic Collection: Снеговик 16 см, 3 шт, подвеска",620.0,/goods/elochnaya-igrushka-arctic-collection-snegovik-16-sm-3-sht-podveska/,"Дед Мороз, Снегурочка и Снеговик",M (15-30 см),Пластик,белый,стандарт,Да,Нет,0.03,0.0008,Китай,Нидерланды
1461,4705,"Декор для елки с верхушкой Костюм Снеговика, 21 предмет, с таймером, на батарейках",5860.0,/goods/dekor-dlya-elki-kostyum-snegovika/,"Дед Мороз, Снегурочка и Снеговик",M (15-30 см),Текстиль,белый,стандарт,Да,Да,0.66,0.0192,Китай,США
1462,4708,"Деревянная елочная игрушка Олень у елочки 8 см красная, подвеска",290.0,/goods/derevyannaya-elochnaya-igrushka-olen-u-elochki-8-sm-krasnaya-podveska/,Животные,S (7-14 см),Дерево,красный / бордовый,стандарт,Нет,Нет,0.01,0.0001,Китай,Германия
1463,4713,Елочная игрушка Месяц Рассвета - Fairy Moon Banquet 16 см,4900.0,/goods/elochnaya-igrushka-mesyac-rassveta---fairy-moon-banquet-16-sm/,Персонажи сказок,M (15-30 см),Полистоун,розовый,премиум,Нет,Нет,0.11,0.0014,Филиппины,Бельгия
1464,4717,"Искусственная пуансеттия Остилия 16 см оранжевый, клипса",440.0,/goods/iskusstvennaya-puansettiya-ostiliya-16-sm-krasnaya/,Пуансеттии,M (15-30 см),Текстиль,желтый / оранжевый,премиум,Нет,Нет,0.02,0.0019,Китай,Италия
1465,4721,"Елочная игрушка Сумочка Леди Эстер 13 см, подвеска",430.0,/goods/elochnaya-igrushka-sumochka-ledi-jester-13-sm-podveska/,Миниатюры,S (7-14 см),Акрил,золото,стандарт,Нет,Нет,0.07,0.0004,Китай,Россия
1466,4724,Гирлянда Боа из перьев 150 см белый,1480.0,/goods/girlyanda-boa-iz-perev-184-sm-belyj/,Текстильные игрушки,XXL (81 см и более),Перья,белый,стандарт,Нет,Нет,0.11,0.0028,Китай,Нидерланды
1467,4732,"Елочные игрушки Желуди 4 см золотые, 12 шт, стекло",460.0,/goods/nabor-steklyannyh-elochnyh-igrushek-zheludi-4-sm-zolotye-12-sht/,Шишки и желуди,XS (до 6 см),Стекло,золото,стандарт,Да,Нет,0.07,0.0006,Китай,Россия
1468,4733,Декоративный бант Charette золотистый,300.0,/goods/dekorativnyj-bant-charette-24-sm-zolotistyj/,Банты на елку,M (15-30 см),Текстиль,золото,стандарт,Нет,Нет,0.07,0.0021,Китай,Нидерланды
1469,4735,"Светящаяся верхушка на елку Сани Санта-Клауса 75*42 см, с движением и музыкой",7180.0,/goods/svetyashhayasya-verhushka-na-elku-sani-santa-klausa-75x42-sm-s-dvizheniem-i-muzykoj/,"Дед Мороз, Снегурочка и Снеговик",XL (51-80 см),Пластик,красный / бордовый,стандарт,Нет,Да,1.13,0.0242,Китай,Италия
1470,4736,"Верхушка Санта 31 см серебряный, стекло",880.0,/goods/verhushka-santa-17-sm-serebryanaya-steklo/,"Дед Мороз, Снегурочка и Снеговик",L (31-50 см),Стекло,серебро,стандарт,Нет,Нет,0.19,0.0031,Китай,Нидерланды
1471,4760,"Набор стеклянных елочных игрушек Звезды 4.5 см соленая карамель mix, 12 шт",460.0,/goods/nabor-steklyannyh-elochnyh-igrushek-zvezdy-45-sm-solenaya-karamel-mix-12-sht-podveska/,Звездочки,XS (до 6 см),Стекло,желтый / оранжевый,стандарт,Да,Нет,0.08,0.0006,Китай,Нидерланды
1472,4772,"Набор елочных игрушек Swissland Houses 10 см, 6 шт, подвеска",960.0,/goods/nabor-elochnyh-igrushek-swissland-houses-10-sm-6-sht-podveska/,Домики,S (7-14 см),Металл,черный,стандарт,Да,Нет,0.12,0.0002,Индия,Нидерланды
1473,4774,"Искусственная пуансеттия Джинджер 28 см пепельно-розовый, клипса",370.0,/goods/iskusstvennaya-puansettiya-dzhindzher-28-sm-pepelno-rozovyj-klipsa/,Пуансеттии,M (15-30 см),Текстиль,розовый,стандарт,Нет,Нет,0.11,0.0007,Китай,Нидерланды
1474,4779,"Светодиодная гирлянда на батарейках Месяцы 1.05 м, 8 теплых белых LED ламп, прозрачный ПВХ, IP20",1150.0,/goods/svetodiodnaya-girlyanda-na-batarejkah-mesyacy-105-m-8-teplyh-belyh-led-lamp-prozrachnyj-pvh-ip20/,Светящиеся игрушки,S (7-14 см),Пластик,желтый / оранжевый,стандарт,Нет,Да,0.11,0.0018,Китай,Швеция
1475,4785,"Елочная игрушка Шишка Alto - Жемчужно-розовая 8 см, 6 шт, пластик",580.0,/goods/plastikovaya-elochnaya-igrushka-shishka-elovaya-8-sm-zhemchuzhno-rozovaya-6-sht-podveska/,Шишки и желуди,S (7-14 см),Пластик,розовый,эконом,Да,Нет,0.07,0.0017,Китай,Нидерланды
1476,4786,Бант на елку Lucido Striscia красный,420.0,/goods/bant-na-elku-lucido-striscia-34-sm-krasnyj/,Банты на елку,L (31-50 см),Текстиль,красный / бордовый,стандарт,Нет,Нет,0.09,0.0081,Китай,Италия
1477,4787,"Набор стеклянных елочных игрушек Сердце Монплезира 4.5 см белый mix, 12 шт",470.0,/goods/nabor-steklyannyh-elochnyh-igrushek-serdce-monplezira-45-sm-belyj-mix-12-sht-podveska/,Сердечки,XS (до 6 см),Стекло,белый,стандарт,Да,Нет,0.04,0.0005,Китай,Россия
1478,4792,"Елочная игрушка Фея Теренза на полумесяце 11 см, подвеска",1720.0,/goods/elochnaya-igrushka-feya-terenza-na-polumesyace-11-sm-podveska/,Ангелы и Феи,S (7-14 см),Полистоун,золото,премиум,Нет,Нет,0.07,0.0002,Китай,Нидерланды
1479,4797,Подвесное украшение Долгожданное Появление Тутты 5 см,750.0,/goods/podvesnoe-ukrashenie-dolgozhdannoe-poyavlenie-tutty-5-sm/,Птицы,XS (до 6 см),Полистоун,желтый / оранжевый,премиум,Нет,Нет,0.06,0.0001,Китай,Бельгия
1480,4798,"Елочная игрушка Стрекоза Эннолия 10 см, 2 шт, белая, подвеска",500.0,/goods/elochnaya-igrushka-strekoza-jennoliya-10-sm-2-sht-belaya-podveska/,"Бабочки, Жучки",S (7-14 см),Акрил,белый,стандарт,Да,Нет,0.08,0.0015,Китай,Нидерланды
1481,4800,"Стеклянная елочная игрушка Часики с Шишками 11 см, подвеска",2100.0,/goods/steklyannaya-elochnaya-igrushka-chasiki-s-shishkami-podveska/,Персонажи сказок,S (7-14 см),Стекло,шоколадный / коричневый,стандарт,Нет,Нет,0.1,0.0011,Россия,Россия
1482,4802,"Искусственная пуансеттия Angelica 12 см, 3 шт, розовое золото, клипса",280.0,/goods/iskusstvennaya-puansettiya-angelica-12-sm-rozovoe-zoloto-klipsa/,Пуансеттии,S (7-14 см),Пластик,розовый,стандарт,Да,Нет,0.07,0.002,Китай,Нидерланды
1483,4803,"Елочное украшение ветка Gautier White 36 см на проволоке, 12 шт",1100.0,/goods/elochnoe-ukrashenie-vetka-gautier-white-36-sm-na-provoloke-12-sht/,"Растения, Листья",L (31-50 см),Пластик,белый,стандарт,Да,Нет,0.22,0.0027,Китай,Нидерланды
1484,4807,"Стеклянная елочная игрушка Птичка Колибри из Вестероса 12 см, оранжевая, подвеска",1990.0,/goods/steklyannaya-elochnaya-igrushka-ptichka-kolibri-iz-vesterosa-oranzhevaya-podveska/,Птицы,S (7-14 см),Стекло,желтый / оранжевый,премиум,Нет,Нет,0.09,0.0026,Польша,Польша
1485,4809,Декоративная Фигура Леди Фицджеральд - Королева Джаза 45 см,2080.0,/goods/dekorativnaya-figura-ledi-ficdzherald-koroleva-dzhaza-45-sm/,Люди,L (31-50 см),Текстиль,серый,стандарт,Нет,Нет,0.26,0.0048,Китай,Италия
1486,4813,"Елочная игрушка Снежинка - Savolle Gold 12 см, подвеска",280.0,/goods/elochnaya-igrushka-snezhinka-reznaya-12-sm-prozrachnaya-podveska/,Снежинки,S (7-14 см),Акрил,золото,стандарт,Нет,Нет,0.04,0.0003,Китай,Нидерланды
1487,4829,"Набор декоративных украшений Бабочки Orecolo 11-14 см, 3 шт, темно-розовый, клипса",450.0,/goods/nabor-dekorativnyh-ukrashenij-babochki-orecolo-11-14-sm-3-sht-temno-rozovyj-klipsa/,"Бабочки, Жучки",S (7-14 см),Текстиль,розовый,эконом,Да,Нет,0.03,0.0004,Китай,Нидерланды
1488,4835,Елочная игрушка Мышка Балерина - Hollyshire Manor 11 см,3920.0,/goods/elochnaya-igrushka-zajka-balerina---hollyshire-manor-11-sm/,Животные,S (7-14 см),Полистоун,красный / бордовый,премиум,Нет,Нет,0.1,0.0008,Филиппины,Бельгия
1489,4837,Стеклянная елочная игрушка Футбольный мяч - Black Edition 7 см,460.0,/goods/steklyannaya-elochnaya-igrushka-futbolnyj-myach-black-edition-7-sm-podveska/,Миниатюры,S (7-14 см),Стекло,черный,стандарт,Нет,Нет,0.04,0.0007,Россия,Россия
1490,4838,"Стеклянная елочная игрушка Боксерские перчатки 8 см, голубая",760.0,/goods/steklyannaya-elochnaya-igrushka-bokserskie-perchatki-8-sm-golubaya-podveska/,Миниатюры,S (7-14 см),Стекло,синий / голубой,стандарт,Нет,Нет,0.06,0.0004,Россия,Россия
1491,4839,"Стеклянная елочная игрушка Птичка Колибри из Вестероса 12 см, сиреневая, подвеска",1990.0,/goods/steklyannaya-elochnaya-igrushka-ptichka-kolibri-iz-vesterosa-sirenevaya-podveska/,Птицы,S (7-14 см),Стекло,розовый,премиум,Нет,Нет,0.09,0.005,Польша,Польша
1492,4840,"Елочная игрушка Снежинка Grandavio 10 см красная, подвеска",790.0,/goods/elochnaya-igrushka-snezhinka-grandavio-10-sm-krasnaya-podveska/,Снежинки,S (7-14 см),Акрил,красный / бордовый,стандарт,Нет,Нет,0.02,0.0001,Китай,Нидерланды
1493,4844,"Елочная игрушка Желудь Амретти 8 см темно-зеленый, подвеска",340.0,/goods/elochnaya-igrushka-zhelud-amretti-8-sm-temno-zelenyj-podveska/,Шишки и желуди,S (7-14 см),Керамика / Фарфор,зеленый,стандарт,Нет,Нет,0.15,0.0002,Китай,Нидерланды
1494,4854,"Елочное украшение Олень Ронни из Фелт Форест 20 см, подвеска",420.0,/goods/elochnoe-ukrashenie-olen-ronni-iz-felt-forest-20-sm-podveska/,Животные,M (15-30 см),Текстиль,зеленый,стандарт,Нет,Нет,0.39,0.0016,Китай,Нидерланды
1495,4861,"Декоративные прищепки Christmas Bells 5 см, 6 шт",260.0,/goods/dekorativnye-prishhepki-christmas-bells-5-sm-6-sht/,"Пряники, конфеты, сладости",XS (до 6 см),Дерево,красный / бордовый,стандарт,Да,Нет,0.07,0.0005,Китай,Нидерланды
1496,4866,"Набор деревянных елочных игрушек Веселая Карусель 6 см, 6 шт",1980.0,/goods/nabor-derevyannyh-elochnyh-igrushek-veselaya-karusel-6-sm-6-sht-podveska/,Миниатюры,XS (до 6 см),Дерево,разноцветные,стандарт,Да,Нет,0.09,0.0004,Китай,Германия
1497,4867,"Набор елочных игрушек Hauskaa Lunta 7 см, 3 шт, подвеска",1650.0,/goods/nabor-elochnyh-igrushek-hauskaa-lunta-7-sm-3-sht-podveska/,Животные,S (7-14 см),Керамика / Фарфор,белый,премиум,Да,Нет,0.33,0.0078,Китай,Италия
1498,4879,"Стеклянная елочная игрушка Сосулька - Елочка 11 см, подвеска",680.0,/goods/steklyannaya-elochnaya-igrushka-sosulka---elochka-11-sm-podveska/,Сосульки,S (7-14 см),Стекло,красный / бордовый,стандарт,Нет,Нет,0.03,0.0008,Россия,Россия
1499,4885,"Елочная игрушка Золотистый Птенчик на каштане 6 см, подвеска",440.0,/goods/elochnaya-igrushka-zolotistyj-ptenchik-na-kashtane-6-sm-podveska/,Птицы,XS (до 6 см),Полистоун,шоколадный / коричневый,стандарт,Нет,Нет,0.03,0.0001,Китай,Нидерланды
1500,4893,Новогодний фонарик со свечой Сказки зимнего Леса 13 см белый,470.0,/goods/novogodnij-fonarik-so-svechoj-skazki-zimnego-lesa-13-sm-belyj/,Светящиеся игрушки,S (7-14 см),Пластик,кремовый / светлое дерево,стандарт,Нет,Да,0.04,0.0004,Китай,Нидерланды
1501,4894,"Елочная игрушка Солнечная Птичка Колибри 13 см синяя с розовым, подвеска",700.0,/goods/elochnaya-igrushka-solnechnaya-ptichka-kolibri-13-sm-sinyaya-s-rozovym-podveska/,Птицы,S (7-14 см),Акрил,синий / голубой,стандарт,Нет,Нет,0.06,0.0008,Китай,Россия
1502,4897,"Набор елочных игрушек Капля 7.5 см красный mix, 12 шт, стекло",650.0,/goods/nabor-steklyannyh-ukrashenij-kaplya-krasnyj-mix-75-mm-12-sht/,Сосульки,S (7-14 см),Стекло,красный / бордовый,стандарт,Да,Нет,0.1,0.0009,Китай,Россия
1503,4900,"Светодиодная гирлянда Шишки Брауни 1.2 м, 10 теплых белых LED ламп, прозрачный ПВХ, на батарейках, IP20",550.0,/goods/svetodiodnaya-girlyanda-shishki-brauni-12-m-10-teplyh-belyh-led-lamp-prozrachnyj-pvh-na-batarejkah-ip20/,Шишки и желуди,XXL (81 см и более),Пластик,шоколадный / коричневый,стандарт,Нет,Да,0.09,0.0007,Китай,Нидерланды
1504,4907,"Деревянная елочная игрушка Олень у елочки 8 см золотая, подвеска",250.0,/goods/derevyannaya-elochnaya-igrushka-olen-u-elochki-8-sm-zolotaya-podveska/,Животные,S (7-14 см),Дерево,кремовый / светлое дерево,стандарт,Нет,Нет,0.01,0.0001,Китай,Германия
1505,4909,"Стеклянная елочная игрушка Петух Чейзи 11 см, подвеска",2200.0,/goods/steklyannaya-elochnaya-igrushka-petuh-chejzi-11-sm-podveska/,Птицы,S (7-14 см),Стекло,разноцветные,премиум,Нет,Нет,0.03,0.0003,Германия,Германия
1506,4910,"Елочная игрушка Бабочка Аурелия 11 см, 2 шт, голубая, подвеска",460.0,/goods/elochnaya-igrushka-babochka-aureliya-11-sm-2-sht-golubaya-podveska/,"Бабочки, Жучки",S (7-14 см),Акрил,синий / голубой,стандарт,Да,Нет,0.11,0.0011,Китай,Нидерланды
1507,4912,Елочная игрушка Кай - Датская сказка 14 см,710.0,/goods/elochnaya-igrushka-devochka-kaj---datskaya-skazka-14-sm-podveska/,Персонажи сказок,S (7-14 см),Полистоун,зеленый,стандарт,Нет,Нет,0.11,0.0009,Китай,Нидерланды
1508,4916,"Елочная игрушка Юная Балерина Мия - Lilac Ballet 10 см, подвеска",1620.0,/goods/elochnaya-igrushka-yunaya-balerina-miya---lilac-ballet-10-sm-podveska/,Балет,S (7-14 см),Полистоун,фиолетовый,премиум,Нет,Нет,0.06,0.0004,Китай,Бельгия
1509,4917,"Елочная игрушка Regno del Lusso: Ретро Фонарь, розовый, подвеска",840.0,/goods/elochnaya-igrushka-regno-del-lusso-retro-fonar-rozovyj-podveska/,Миниатюры,S (7-14 см),Акрил,розовый,премиум,Нет,Нет,0.04,0.0003,Китай,Нидерланды
1510,4918,"Набор стеклянных елочных игрушек Noelle Story: Forest Friends 4-13 см, 20 шт",2300.0,/goods/nabor-steklyannyh-elochnyh-igrushek-noelle-story-forest-friends-4-13-sm-20-sht/,Животные,S (7-14 см),Стекло,золото,стандарт,Да,Нет,0.44,0.0115,Китай,Нидерланды
1511,4919,"Елочное украшение Лиссабонская ласточка 13 см, 2 шт, клипса",490.0,/goods/elochnoe-ukrashenie-lissabonskaya-lastochka-16-sm-2-sht-klipsa/,Птицы,S (7-14 см),Перья,фиолетовый,стандарт,Да,Нет,0.03,0.001,Китай,Нидерланды
1512,4920,"Набор елочных шаров Помпончики 8 см, 3 шт, подвеска",580.0,/goods/nabor-elochnyh-sharov-pomponchiki-8-sm-3-sht-podveska/,Текстильные игрушки,S (7-14 см),Текстиль,разноцветные,стандарт,Да,Нет,0.07,0.0013,Китай,Нидерланды
1513,4922,Новогодний фонарик со свечой Сказки зимнего Леса 13 см винтажно-серебряный,470.0,/goods/novogodnij-fonarik-so-svechoj-skazki-zimnego-lesa-13-sm-vintazhno-serebryanyj/,Светящиеся игрушки,S (7-14 см),Пластик,серебро,стандарт,Нет,Да,0.04,0.0004,Китай,Нидерланды
1514,4927,Елочная подвеска Янтарная 18 см золотая,420.0,/goods/elochnaya-podveska-yantarnaya-18-sm-zoloto/,Изысканные подвески,M (15-30 см),Металл,золото,стандарт,Нет,Нет,0.17,0.0005,Китай,Россия
1515,4933,"Елочная игрушка Фея Арника на мыльном пузыре 9 см, подвеска",1660.0,/goods/elochnaya-igrushka-feya-arnika-na-mylnom-puzyre-9-sm-podveska/,Ангелы и Феи,S (7-14 см),Стекло,белый,премиум,Нет,Нет,0.02,0.0002,Китай,Бельгия
1516,4935,Деревянная елочная игрушка Лесные Олени 11 см,300.0,/goods/derevyannaya-elochnaya-igrushka-lesnye-oleni-11-sm-podveska/,Животные,S (7-14 см),Дерево,кремовый / светлое дерево,стандарт,Нет,Нет,0.03,0.0005,Китай,Германия
1517,4936,"Набор деревянных елочных игрушек Lovely Xmas - Милые Оленята 6 см, 8 шт, подвеска",420.0,/goods/nabor-derevyannyh-elochnyh-igrushek-lovely-xmas---milye-olenyata-6-sm-8-sht-podveska/,Животные,XS (до 6 см),Дерево,разноцветные,стандарт,Да,Нет,0.04,0.0004,Китай,Нидерланды
1518,4940,"Светодиодная гирлянда на батарейках Домики Вудвэй - Звездочки 1.30 м, 10 теплых белых LED ламп",950.0,/goods/svetodiodnaya-girlyanda-na-batarejkah-domiki-vudvjej---zvezdochki/,Домики,S (7-14 см),Дерево,кремовый / светлое дерево,стандарт,Нет,Да,0.15,0.0016,Китай,Нидерланды
1519,4951,Деревянная елочная игрушка Яхта - Краски детства,200.0,/goods/derevyannaya-elochnaya-igrushka-yahta---kraski-detstva-10-sm/,Деревянные игрушки,S (7-14 см),Дерево,разноцветные,эконом,Нет,Нет,0.02,0.0001,Россия,Россия
1520,4952,"Набор елочных игрушек Пряни Монти и Дейзи Рей 17 см, 2 шт, подвеска",500.0,/goods/nabor-elochnyh-igrushek-pryani-monti-i-dejzi-rej-17-sm-2-sht-podveska/,"Пряники, конфеты, сладости",M (15-30 см),Текстиль,шоколадный / коричневый,стандарт,Да,Нет,0.11,0.0017,Китай,Италия
1521,4955,"Игрушка для уличной елки Лошадка-качалка 30 см красная, дерево",500.0,/goods/igrushka-dlya-ulichnoj-elki-loshadka-kachalka-30-sm-krasnaya-derevo/,Символ года 2026,L (31-50 см),Дерево,красный / бордовый,стандарт,Нет,Нет,0.11,0.0005,Россия,Россия
1522,4959,"Набор стеклянных елочных игрушек Шишки 6 см красный mix, 12 шт",470.0,/goods/nabor-steklyannyh-elochnyh-igrushek-shishki-6-sm-krasnyj-mix-12-sht-podveska/,Шишки и желуди,XS (до 6 см),Стекло,красный / бордовый,стандарт,Да,Нет,0.07,0.0007,Китай,Россия
1523,4964,"Елочная игрушка Нежная Фея Ноэлла в воздушной пачке 15 см, подвеска",2040.0,/goods/elochnaya-igrushka-nezhnaya-feya-nojella-v-vozdushnoj-pachke-15-sm-podveska/,Ангелы и Феи,M (15-30 см),Полистоун,розовый,премиум,Нет,Нет,0.04,0.0008,Китай,Бельгия
1524,4966,"Елочная игрушка Бельчонок Крис с елочными шариками 8 см, подвеска",1210.0,/goods/elochnaya-igrushka-belchonok-kris-s-oreshkom-8-sm-podveska/,Животные,S (7-14 см),Полистоун,кремовый / светлое дерево,премиум,Нет,Нет,0.1,0.0002,Китай,Нидерланды
1525,4967,"Елочная игрушка Arctic Collection: Олень 13 см, 3 шт, подвеска",440.0,/goods/elochnaya-igrushka-arctic-collection-olen-13-sm-3-sht-podveska/,Животные,S (7-14 см),Пластик,белый,стандарт,Да,Нет,0.22,0.0005,Китай,Нидерланды
1526,4970,"Елочная игрушка Бабочка Фонтенбло 18 см дымчатая, клипса",950.0,/goods/elochnaya-igrushka-babochka-fontenblo-18-sm-dymchataya-klipsa/,"Бабочки, Жучки",M (15-30 см),Текстиль,серый,премиум,Нет,Нет,0.02,0.0005,Таиланд,Нидерланды
1527,4975,Гирлянда из искусственных листьев Ontario Silver 150 см,1730.0,/goods/girlyanda-iz-iskusstvennyh-listev-ontario-silver-150-sm/,"Растения, Листья",XXL (81 см и более),Текстиль,серебро,стандарт,Нет,Нет,0.07,0.0007,Китай,Нидерланды
1528,4981,"Елочная игрушка Пряник Ли-Ли Кенди 13 см, подвеска",130.0,/goods/elochnaya-igrushka-pryanik-li-li-kendi-13-sm-podveska/,"Пряники, конфеты, сладости",S (7-14 см),Текстиль,шоколадный / коричневый,эконом,Нет,Нет,0.02,0.0004,Китай,Италия
1529,4984,Стеклянная елочная игрушка Подвеска Фигурная 18 см красная,980.0,/goods/steklyannaya-elochnaya-igrushka-podveska-figurnaya-krasnaya/,Изысканные подвески,M (15-30 см),Стекло,красный / бордовый,стандарт,Нет,Нет,0.06,0.0012,Россия,Россия
1530,4991,"Елочное украшение Летняя Фея с зеленым поясом 13 см фиолетовая, подвеска",340.0,/goods/elochnoe-ukrashenie-letnyaya-feya-s-zelenym-poyasom-fioletovaya-10x2x125-sm-podveska/,Ангелы и Феи,S (7-14 см),Полистоун,фиолетовый,стандарт,Нет,Нет,0.04,0.0022,Китай,Россия
1531,4993,"Елочная игрушка Бельчонок Рони 9 см, подвеска",1580.0,/goods/elochnaya-igrushka-belchonok-roni-9-sm-podveska/,Животные,S (7-14 см),Полистоун,шоколадный / коричневый,премиум,Нет,Нет,0.1,0.0003,Китай,Нидерланды
1532,4997,"Пуансеттия Bienne Champagne 30 см, клипса",330.0,/goods/puansettiya-bienne-champagne-30-sm-klipsa/,Пуансеттии,M (15-30 см),Текстиль,кремовый / светлое дерево,стандарт,Нет,Нет,0.04,0.0014,Китай,Россия
1533,5000,"Елочная игрушка Лира, 10 см, белая, подвеска",470.0,/goods/elochnaya-igrushka-lira-10-sm-belyj-podveska/,Миниатюры,S (7-14 см),Акрил,белый,стандарт,Нет,Нет,0.02,0.0003,Китай,Россия
1534,5003,"Светодиодные свечи для елки Мерцающее Пламя с пультом, 9 см, 10 шт с теплыми белыми LED лампами, на клипсе, на батарейках, IP20",2090.0,/goods/svetodiodnye-svechi-dlya-elki-mercayushhee-plamya-s-pultom-9-sm-10-sht-s-teplymi-belymi-led-lampami-na-klipse-na-batarejkah/,Светящиеся игрушки,S (7-14 см),Пластик,белый,стандарт,Да,Да,0.26,0.0027,Китай,Россия
1535,5005,Елочная подвеска Сосулька 18 см синяя,350.0,/goods/elochnaya-podveska-sosulka-18-sm-sinij/,Изысканные подвески,M (15-30 см),Металл,синий / голубой,стандарт,Нет,Нет,0.04,0.0001,Китай,Россия
1536,5012,"Елочная игрушка Фея Донна-Белла с голубыми крыльями 12 см, 2 шт, подвеска",590.0,/goods/elochnaya-igrushka-feya-donna-bella-s-golubymi-krylyami-12-sm-2-sht-podveska/,Ангелы и Феи,S (7-14 см),Акрил,фиолетовый,стандарт,Да,Нет,0.08,0.0011,Китай,Нидерланды
1537,5016,"Стеклянная елочная игрушка Енотик Луи 9 см, подвеска",2460.0,/goods/steklyannaya-elochnaya-igrushka-enotik-lui-9-sm-podveska/,Животные,S (7-14 см),Стекло,шоколадный / коричневый,премиум,Нет,Нет,0.02,0.0003,Германия,Германия
1538,5019,"Елочная игрушка Бабочка Леандра 12 см, клипса",360.0,/goods/elochnaya-igrushka-babochka-leandra-12-sm-sirenevaya-klipsa/,"Бабочки, Жучки",S (7-14 см),Перья,фиолетовый,премиум,Нет,Нет,0.02,0.0002,Китай,Бельгия
1539,5024,"Искусственная пуансеттия Letizia 27 см золотая, клипса",690.0,/goods/iskusstvennaya-puansettiya-letizia-27-sm-zolotaya-klipsa/,Пуансеттии,M (15-30 см),Пластик,золото,премиум,Нет,Нет,0.04,0.0016,Китай,Россия
1540,5026,"Набор елочных игрушек Балерина Кирстен в золотой пачке 15 см, 2 шт, подвеска",780.0,/goods/nabor-elochnyh-igrushek-balerina-kirsten-v-zolotoj-pachke-15-sm-2-sht-podveska/,Балет,M (15-30 см),Акрил,золото,стандарт,Да,Нет,0.07,0.0017,Китай,Нидерланды
1541,5028,"Елочная игрушка Корона для Принцессы Софи 13 см, подвеска",470.0,/goods/elochnaya-igrushka-korona-dlya-princessy-sofi-13-sm-podveska/,Миниатюры,S (7-14 см),Акрил,прозрачный,стандарт,Нет,Нет,0.07,0.0012,Китай,Россия
1542,5037,"Набор стеклянных елочных игрушек Сосульки - Moulin Rouge 20 см золотой, 2 шт, подвеска",2840.0,/goods/nabor-steklyannyh-elochnyh-igrushek-sosulki---moulin-rouge-20-sm-zolotoj-2-sht-podveska/,Сосульки,M (15-30 см),Стекло,золото,премиум,Да,Нет,0.11,0.0022,Китай,Италия
1543,5038,"Набор стеклянных елочных игрушек Шишки 6 см голубой туман mix, 12 шт",480.0,/goods/nabor-steklyannyh-elochnyh-igrushek-shishki-6-sm-goluboj-tuman-mix-12-sht-podveska/,Шишки и желуди,XS (до 6 см),Стекло,синий / голубой,стандарт,Да,Нет,0.09,0.0006,Китай,Нидерланды
1544,5039,"Светодиодная гирлянда на батарейках Сердечки 1.2 м, 20 теплых белых LED ламп, прозрачный ПВХ, IP20",420.0,/goods/svetodiodnaya-girlyanda-na-batarejkah-serdechki-12-m-20-teplyh-belyh-led-lamp-prozrachnyj-pvh/,Сердечки,XS (до 6 см),Дерево,кремовый / светлое дерево,стандарт,Нет,Да,0.09,0.0005,Китай,Нидерланды
1545,5046,Стеклянная елочная игрушка Сурикат Юджин 10 см,2640.0,/goods/steklyannaya-elochnaya-igrushka-surikat-yudzhin-10-sm/,Животные,S (7-14 см),Стекло,золото,премиум,Нет,Нет,0.02,0.0002,Германия,Германия
1546,5050,"Елочная игрушка Домик Авелин 13 см черный, подвеска",410.0,/goods/elochnaya-igrushka-domik-avelin-13-sm-chernyj-podveska/,Домики,S (7-14 см),Металл,черный,стандарт,Нет,Нет,0.07,0.0005,Китай,Нидерланды
1547,5057,Искусственная ветка Paseo de Gracia 56 см золотая,940.0,/goods/iskusstvennaya-vetka-paseo-de-gracia-56-sm-zolotaya/,"Растения, Листья",XL (51-80 см),Пластик,золото,премиум,Нет,Нет,0.13,0.0006,Таиланд,Россия
1548,5058,"Елочная игрушка Балерина Дженнис - Athena Lucana 14 см, подвеска",1460.0,/goods/elochnaya-igrushka-balerina-dzhennis---athena-lucana-14-sm-podveska/,Балет,S (7-14 см),Полистоун,серебро,премиум,Нет,Нет,0.04,0.0002,Китай,Бельгия
1549,5061,"Елочная игрушка Сапожок миссис Клаус 12 см, розовый, подвеска",280.0,/goods/elochnaya-igrushka-sapozhok-missis-klaus-12-sm-rozovyj-podveska/,Миниатюры,S (7-14 см),Текстиль,розовый,стандарт,Нет,Нет,0.01,0.0004,Китай,Италия
1550,5070,"Набор стеклянных елочных игрушек Flower Party 16 см, 12 шт, подвеска",21120.0,/goods/nabor-steklyannyh-elochnyh-igrushek-flower-party-16-sm-12-sht-podveska/,Изысканные подвески,M (15-30 см),Стекло,разноцветные,премиум,Да,Нет,1.06,0.0243,Китай,Италия
1551,5077,Стеклянная елочная игрушка Львица Каира 11 см,2280.0,/goods/steklyannaya-elochnaya-igrushka-lvica-kaira-11-sm/,Животные,S (7-14 см),Стекло,шоколадный / коричневый,премиум,Нет,Нет,0.02,0.0003,Германия,Германия
1552,5080,"Елочная игрушка Бабочка Rose Murmure 6 см, подвеска",970.0,/goods/elochnaya-igrushka-babochka-rose-murmure-6-sm-podveska/,"Бабочки, Жучки",S (7-14 см),Пластик,розовый,премиум,Нет,Нет,0.02,0.0001,Китай,Нидерланды
1553,5081,"Светящаяся новогодняя игрушка Домик - фонарик со Снеговиком 13 см на батарейке, теплая белая LED подсветка, подвеска",520.0,/goods/svetyashhayasya-novogodnyaya-igrushka-domik-fonarik-s-snegovikom-13-sm-na-batarejke-teplaya-belaya-led-podsvetka-podveska/,Домики,S (7-14 см),Пластик,шоколадный / коричневый,стандарт,Нет,Да,0.07,0.0008,Китай,Нидерланды
1554,5094,"Елочная игрушка Звезда Элиза - Grande Festa 14 см, подвеска",3580.0,/goods/elochnaya-igrushka-zvezda-jeliza---grande-festa-14-sm-podveska/,Звездочки,S (7-14 см),Полистоун,розовый,премиум,Нет,Нет,0.04,0.0002,Филиппины,Бельгия
1555,5095,"Электрогирлянда Сердечки 20 красных микроламп 2 м, прозрачный ПВХ, IP20",580.0,/goods/jelektrogirlyanda-serdechki-20-krasnyh-mikrolamp-prozrachnyj-provod-2m/,Сердечки,XS (до 6 см),Пластик,красный / бордовый,эконом,Нет,Да,0.28,0.001,Китай,Россия
1556,5100,"Елочная игрушка Honey Bee - Фея Шелби 13 см, подвеска",2310.0,/goods/elochnaya-igrushka-honey-bee-feya-shelbi-13-sm-podveska/,Ангелы и Феи,S (7-14 см),Полистоун,желтый / оранжевый,премиум,Нет,Нет,0.07,0.0005,Китай,Нидерланды
1557,5102,Деревянная елочная игрушка Олень Ажурный синий,210.0,/goods/derevyannaya-elochnaya-igrushka-olen-azhurnyj-15-sm-sinij/,Животные,M (15-30 см),Дерево,синий / голубой,стандарт,Нет,Нет,0.03,0.0003,Россия,Россия
1558,5103,Деревянная елочная игрушка Олень Ажурный золотой,210.0,/goods/derevyannaya-elochnaya-igrushka-olen-azhurnyj-15-sm-zolotoj/,Животные,M (15-30 см),Дерево,золото,стандарт,Нет,Нет,0.03,0.0003,Россия,Россия
1559,5104,Стеклянная елочная игрушка Тигр Манфредо 11 см,3800.0,/goods/steklyannaya-elochnaya-igrushka-tigr-manfredo-11-sm/,Животные,S (7-14 см),Стекло,желтый / оранжевый,премиум,Нет,Нет,0.03,0.0003,Германия,Германия
1560,5111,"Пуансеттия Снежная Тарантелла 25 см, клипса",300.0,/goods/puansettiya-snezhnaya-tarantella-25-sm-klipsa/,Пуансеттии,M (15-30 см),Текстиль,серебро,стандарт,Нет,Нет,0.01,0.0003,Китай,Италия
1561,5112,Искусственная ветка Белоснежный Хлопок 100 см,880.0,/goods/iskusstvennaya-vetka-belosnezhnyj-hlopok-100-sm/,"Растения, Листья",XXL (81 см и более),Пластик,белый,стандарт,Нет,Нет,0.07,0.006,Китай,Нидерланды
1562,5113,"Елочная игрушка Folignano - Танцовщица Жаклин 16 см, подвеска",1480.0,/goods/elochnaya-igrushka-folignano---tancovshhica-zhaklin-16-sm-podveska/,Балет,M (15-30 см),Полистоун,кремовый / светлое дерево,премиум,Нет,Нет,0.04,0.0002,Китай,Бельгия
1563,5116,"Набор елочных игрушек из фетра Снежинки Rouen 13 см, 2 шт, подвеска",1080.0,/goods/nabor-elochnyh-igrushek-iz-fetra-snezhinki-rouen-13-sm-2-sht-podveska/,Снежинки,S (7-14 см),Текстиль,красный / бордовый,стандарт,Да,Нет,0.11,0.0007,Китай,Нидерланды
1564,5117,"Новогодний фонарик со свечой Санта и маленький эльф 13 см, подвеска",790.0,/goods/novogodnij-fonarik-so-svechoj-santa-i-malenkij-jelf-13-sm-podveska/,Светящиеся игрушки,S (7-14 см),Пластик,красный / бордовый,стандарт,Нет,Да,0.07,0.0004,Китай,Германия
1565,5129,"Елочная игрушка Цветочная Принцесса-Ромашка 14 см, подвеска",410.0,/goods/elochnaya-igrushka-cvetochnaya-princessa-romashka-4x4x14-sm-podveska/,Ангелы и Феи,S (7-14 см),Полистоун,красный / бордовый,стандарт,Нет,Нет,0.07,0.0003,Китай,Россия
1566,5130,"Елочное украшение Летняя Фея с Бабочкой 13 см, подвеска",310.0,/goods/elochnoe-ukrashenie-letnyaya-feya-s-babochkoj-10x2x125-sm-podveska/,Ангелы и Феи,S (7-14 см),Полистоун,розовый,стандарт,Нет,Нет,0.04,0.0022,Китай,Россия
1567,5131,Елочная игрушка Мышонок Джерри с грибом 9 см,1830.0,/goods/elochnaya-igrushka-myshonok-dzherri-s-gribom-9-sm-podveska/,Животные,S (7-14 см),Полистоун,желтый / оранжевый,премиум,Нет,Нет,0.12,0.0004,Китай,Нидерланды
1568,5132,Деревянная елочная игрушка Олень Ажурный красный,210.0,/goods/derevyannaya-elochnaya-igrushka-olen-azhurnyj-15-sm-krasnyj/,Животные,M (15-30 см),Дерево,красный / бордовый,стандарт,Нет,Нет,0.03,0.0003,Россия,Россия
1569,5133,Деревянная елочная игрушка Олень Ажурный серебряный,210.0,/goods/derevyannaya-elochnaya-igrushka-olen-azhurnyj-15-sm-serebryanyj/,Животные,M (15-30 см),Дерево,серебро,стандарт,Нет,Нет,0.03,0.0003,Россия,Россия
1570,5134,Стеклянная елочная игрушка Обезьянка Марвин 10 см,2420.0,/goods/steklyannaya-elochnaya-igrushka-obezyanka-marvin-10-sm/,Животные,S (7-14 см),Стекло,шоколадный / коричневый,премиум,Нет,Нет,0.02,0.0004,Германия,Германия
1571,5140,Декоративная гирлянда Кружевные Пуансеттии 120 см,950.0,/goods/dekorativnaya-girlyanda-kruzhevnye-puansettii-120-sm/,"Растения, Листья",XXL (81 см и более),Металл,золото,премиум,Нет,Нет,0.14,0.0045,Китай,Нидерланды
1572,5144,"Новогодний фонарик со свечой Радостные Снеговики 13 см, подвеска",790.0,/goods/novogodnij-fonarik-so-svechoj-radostnye-snegoviki-13-sm-podveska/,Светящиеся игрушки,S (7-14 см),Пластик,шоколадный / коричневый,стандарт,Нет,Да,0.07,0.0004,Китай,Германия
1574,5147,Новогоднее украшение Кисть Амади 33 см красная,1780.0,/goods/novogodnee-ukrashenie-kist-amadi-33-sm-krasnaya/,Изысканные подвески,L (31-50 см),Текстиль,красный / бордовый,стандарт,Нет,Нет,0.29,0.0024,Индия,Нидерланды
1575,5154,"Елочная игрушка Фея Лонсо: Quelle surprise 10 см, подвеска",1830.0,/goods/elochnaya-igrushka-feya-lonso-quelle-surprise-10-sm-podveska/,Ангелы и Феи,S (7-14 см),Полистоун,розовый,премиум,Нет,Нет,0.06,0.0004,Китай,Нидерланды
1576,5160,"Елочная игрушка Леди Модница в пальто и шляпке 13 см, подвеска",2780.0,/goods/elochnaya-igrushka-ledi-modnica-v-zelenom-palto-13-sm-podveska/,Люди,S (7-14 см),Полистоун,зеленый,премиум,Нет,Нет,0.11,0.001,Филиппины,Бельгия
1577,5164,Декоративная ветка Хлопок Baumwolle 68 см,590.0,/goods/dekorativnaya-vetka-baumwolle-68-sm/,"Растения, Листья",XL (51-80 см),Пластик,белый,премиум,Нет,Нет,0.07,0.0056,Китай,Германия
1578,5172,"Стеклянная елочная игрушка Дед Мороз с посохом 12 см, подвеска",900.0,/goods/steklyannaya-elochnaya-igrushka-ded-moroz-s-posohom-12-sm-podveska/,"Дед Мороз, Снегурочка и Снеговик",S (7-14 см),Стекло,белый,стандарт,Нет,Нет,0.06,0.0008,Россия,Россия
1579,5182,"Пуансеттия Изящная 23 см белая, клипса",460.0,/goods/puansettiya-izyashhnaya-23-sm-belaya-klipsa/,Пуансеттии,M (15-30 см),Пластик,белый,стандарт,Нет,Нет,0.02,0.0034,Китай,Нидерланды
1580,5184,"Елочная игрушка Балерина Бадур - Theatre Royal 15 см, подвеска",1480.0,/goods/elochnaya-igrushka-balerina-badur---theatre-royal-15-sm-podveska/,Балет,M (15-30 см),Полистоун,розовый,премиум,Нет,Нет,0.07,0.0006,Китай,Италия
1581,5185,"Стеклянная елочная игрушка Волшебный Сапожок Шарля Перро 12 см золотой, подвеска",1740.0,/goods/steklyannaya-elochnaya-igrushka-volshebnyj-sapozhok-sharlya-perro-12-sm-zolotoj-podveska/,Миниатюры,S (7-14 см),Стекло,красный / бордовый,премиум,Нет,Нет,0.07,0.0007,Китай,Нидерланды
1582,5189,"Набор стеклянных елочных игрушек Звезды 4.5 см золотой песок mix, 12 шт",460.0,/goods/nabor-steklyannyh-elochnyh-igrushek-zvezdy-45-sm-zolotoj-pesok-mix-12-sht-podveska/,Звездочки,XS (до 6 см),Стекло,золото,стандарт,Да,Нет,0.07,0.0006,Китай,Россия
1583,5192,"Стеклянная елочная игрушка Сосулька Аврора 8 см, подвеска",550.0,/goods/steklyannaya-elochnaya-igrushka-sosulka-avrora-8-sm-podveska/,Изысканные подвески,S (7-14 см),Стекло,серебро,премиум,Нет,Нет,0.01,0.0002,Китай,Бельгия
1584,5205,Елочная игрушка Балерина Мари Сюель 16 см,1480.0,/goods/elochnaya-igrushka-balerina-mari-syuel-16-sm/,Балет,M (15-30 см),Полистоун,белый,премиум,Нет,Нет,0.03,0.0002,Китай,Бельгия
1585,5206,"Елочная игрушка Зонтик Леди Фонтейн 16 см серо-голубой, подвеска",400.0,/goods/elochnaya-igrushka-zontik-ledi-fontejn-16-sm-sinij-podveska/,Миниатюры,M (15-30 см),Текстиль,шоколадный / коричневый,стандарт,Нет,Нет,0.02,0.0005,Китай,Нидерланды
1586,5208,Новогодний фонарик со свечой Сказки зимнего Леса 13 см винтажно-золотистый,470.0,/goods/novogodnij-fonarik-so-svechoj-skazki-zimnego-lesa-13-sm-vintazhno-zolotistyj/,Светящиеся игрушки,S (7-14 см),Пластик,шоколадный / коричневый,стандарт,Нет,Да,0.04,0.0004,Китай,Нидерланды
1587,5211,"Елочная подвеска Листик 22 см, серый, подвеска",330.0,/goods/elochnaya-podveska-listik-22-sm-seryj-podveska/,Изысканные подвески,M (15-30 см),Пластик,серый,стандарт,Нет,Нет,0.04,0.0002,Китай,Швеция
1588,5213,Стеклянная елочная игрушка Гроздь сверкающих Шишек золотая,140.0,/goods/steklyannaya-elochnaya-igrushka-grozd-sverkayushhih-shishek-zolotaya-podveska/,Шишки и желуди,XS (до 6 см),Стекло,золото,стандарт,Нет,Нет,0.02,0.0002,Китай,Россия
1589,5215,"Стеклянная елочная игрушка Рождественская Мышка Ванилька 9 см, подвеска",3840.0,/goods/steklyannaya-elochnaya-igrushka-rozhdestvenskaya-myshka-vanilka-9-sm-podveska/,Животные,S (7-14 см),Стекло,шоколадный / коричневый,премиум,Нет,Нет,0.02,0.0003,Германия,Германия
1590,5219,"Набор елочных игрушек Голубь Мира 12 см, 3 шт, подвеска",3960.0,/goods/nabor-elochnyh-igrushek-golub-mira-12-sm-3-sht-podveska/,Птицы,S (7-14 см),Полистоун,серый,премиум,Да,Нет,0.67,0.0077,Китай,Бельгия
1591,5220,Елочное украшение Бабочки-Мотыльки из Перышек 10 см лиловые 6 шт на проволоке,530.0,/goods/elochnoe-ukrashenie-babochki-motylki-iz-peryshek-lilovyj-10-sm-6-sht/,"Бабочки, Жучки",S (7-14 см),Перья,фиолетовый,стандарт,Да,Нет,0.07,0.0008,Китай,Нидерланды
1592,5224,Искусственная ветка Сверкающий Торонто 70 см,550.0,/goods/iskusstvennaya-vetka-sverkayushhij-toronto-70-sm/,"Растения, Листья",XL (51-80 см),Текстиль,розовый,стандарт,Нет,Нет,0.02,0.0016,Китай,Нидерланды
1593,5228,"Светящееся новогоднее украшение Сосулька Космо Silver 45 см, 10 теплых белых LED ламп, на батарейках",1230.0,/goods/svetyashheesya-novogodnee-ukrashenie-sosulka-kosmo-silver-45-sm-10-teplyh-belyh-led-lamp-na-batarejkah/,Сосульки,L (31-50 см),Пластик,золото,стандарт,Нет,Да,0.09,0.0014,Китай,Нидерланды
1594,5234,"Елочная игрушка Ангелок Микаэль 6 см золотой, подвеска",250.0,/goods/elochnaya-igrushka-angelok-mikajel-6-sm-zolotoj-podveska/,Ангелы и Феи,XS (до 6 см),Полистоун,белый,стандарт,Нет,Нет,0.09,0.0001,Китай,Нидерланды
1595,5239,Декоративная фигура Сова Амандин 31 см,3510.0,/goods/dekorativnaya-figura-sova-amandin-31-sm/,Птицы,L (31-50 см),Искусственный мех,кремовый / светлое дерево,стандарт,Нет,Нет,0.15,0.007,Китай,Нидерланды
1596,5243,"Пуансеттия Драгоценный Жадеит 22 см, клипса",230.0,/goods/puansettiya-dragocennyj-zhadeit-22-sm-klipsa/,Пуансеттии,M (15-30 см),Текстиль,зеленый,стандарт,Нет,Нет,0.04,0.0008,Китай,Италия
1597,5244,"Елочная игрушка Балерина Ксандра Феанорра из Долины Подснежников 18 см, подвеска",1740.0,/goods/elochnaya-igrushka-balerina-ksandra-feanorra-iz-doliny-podsnezhnikov-18-sm-podveska/,Балет,M (15-30 см),Полистоун,белый,премиум,Нет,Нет,0.06,0.0006,Китай,Бельгия
1598,5248,"Елочная игрушка Павлин с драгоценным хвостом 12 см белый, подвеска",320.0,/goods/elochnaya-igrushka-pavlin-s-dragocennym-hvostom-12-sm-belyj-podveska/,Птицы,S (7-14 см),Акрил,прозрачный,стандарт,Нет,Нет,0.07,0.0002,Китай,Россия
1599,5249,"Набор елочных игрушек Public Holiday - Весенние Сосульки 21 см, 6 шт",2640.0,/goods/nabor-elochnyh-igrushek-vesennie-sosulki-10-sm-6-sht/,Сосульки,M (15-30 см),Стекло,зеленый,стандарт,Да,Нет,0.55,0.0078,Китай,Нидерланды
1600,5252,"Набор стеклянных елочных игрушек Шишки 6 см молочный mix, 12 шт",470.0,/goods/nabor-steklyannyh-elochnyh-igrushek-shishki-6-sm-molochnyj-mix-12-sht-podveska/,Шишки и желуди,XS (до 6 см),Стекло,белый,стандарт,Да,Нет,0.07,0.0007,Китай,Россия
1601,5257,"Елочная игрушка Величавый Павлин 16 см золотой, подвеска",660.0,/goods/elochnaya-igrushka-velichavyj-pavlin-16-sm-zolotoj-podveska/,Птицы,M (15-30 см),Пластик,золото,стандарт,Нет,Нет,0.01,0.0002,Китай,Нидерланды
1602,5263,Елочная игрушка Премудрый Гриб из Лотлориэна 12 см,2820.0,/goods/elochnaya-igrushka-premudryj-grib-iz-lotlorijena-12-sm/,Грибы,S (7-14 см),Полистоун,кремовый / светлое дерево,премиум,Нет,Нет,0.07,0.0008,Филиппины,Бельгия
1603,5264,"Елочная игрушка Балерина Вайолет - Prima Radieuse 17 см, подвеска",1660.0,/goods/elochnaya-igrushka-balerina-vajolet---prima-radieuse-17-sm-podveska/,Балет,M (15-30 см),Полистоун,серебро,премиум,Нет,Нет,0.02,0.0002,Китай,Бельгия
1604,5268,"Елочная игрушка Птичка Ноэлла 14 см, клипса",680.0,/goods/elochnaya-igrushka-ptichka-nojella-14-sm-klipsa/,Птицы,S (7-14 см),Перья,розовый,премиум,Нет,Нет,0.02,0.0003,Китай,Бельгия
1605,5269,"Новогодний фонарик со свечой Северный Олень 13 см, подвеска",790.0,/goods/novogodnij-fonarik-so-svechoj-severnyj-olen-13-sm-podveska/,Светящиеся игрушки,S (7-14 см),Пластик,кремовый / светлое дерево,стандарт,Нет,Да,0.07,0.0004,Китай,Германия
1606,5281,"Елочная игрушка Домик Сильвердейл 13 см, подвеска",280.0,/goods/elochnaya-igrushka-domik-silverdejl-13-sm-podveska/,Домики,S (7-14 см),Текстиль,белый,стандарт,Нет,Нет,0.02,0.0003,Россия,Россия
1607,5282,"Стеклянная елочная игрушка Белочка в шляпке 10 см, подвеска",420.0,/goods/steklyannaya-elochnaya-igrushka-belochka-v-shlyapke-10-sm-podveska/,Животные,S (7-14 см),Стекло,желтый / оранжевый,стандарт,Нет,Нет,0.02,0.0005,Россия,Россия
1608,5283,"Елочная игрушка Siciliano Dama - Сеньорита Джулли 10 см розовая, подвеска",1920.0,/goods/elochnaya-igrushka-siciliano-dama---senorita-dzhulli-10-sm-rozovaya-podveska/,Люди,S (7-14 см),Полистоун,розовый,премиум,Нет,Нет,0.15,0.0005,Китай,Италия
1609,5285,"Пуансеттия Карминовый Ноктюрн 35 см, клипса",520.0,/goods/puansettiya-karminovyj-noktyurn-35-sm-klipsa/,Пуансеттии,L (31-50 см),Текстиль,красный / бордовый,стандарт,Нет,Нет,0.06,0.0013,Китай,Нидерланды
1610,5286,Елочная игрушка Ученый Гриб из Лотлориэна 12 см,2820.0,/goods/elochnaya-igrushka-uchenyj-grib-iz-lotlorijena-12-sm/,Грибы,S (7-14 см),Полистоун,кремовый / светлое дерево,премиум,Нет,Нет,0.07,0.0008,Филиппины,Бельгия
1611,5287,"Елочная игрушка Folignano - Танцовщица Дженнис 16 см, подвеска",1480.0,/goods/elochnaya-igrushka-folignano---tancovshhica-dzhennis-16-sm-podveska/,Балет,M (15-30 см),Полистоун,кремовый / светлое дерево,премиум,Нет,Нет,0.04,0.0002,Китай,Бельгия
1612,5289,"Стеклянная елочная игрушка Часы с маятником - Дымковский Орнамент 9 см, подвеска",380.0,/goods/steklyannaya-elochnaya-igrushka-chasy-s-mayatnikom---dymkovskij-ornament-9-sm-podveska/,Миниатюры,S (7-14 см),Стекло,синий / голубой,стандарт,Нет,Нет,0.04,0.0005,Россия,Россия
1613,5292,"Елочная игрушка Сапожок миссис Клаус 12 см, красный, подвеска",280.0,/goods/elochnaya-igrushka-sapozhok-missis-klaus-12-sm-krasnyj-podveska/,Миниатюры,S (7-14 см),Текстиль,розовый,стандарт,Нет,Нет,0.01,0.0004,Китай,Италия
1614,5293,"Елочная игрушка Сосулька - Cristaux de Clace 15 см, 6 шт, акрил",1920.0,/goods/dekorativnaya-girlyanda-ldinki---cristaux-de-clace-180-sm/,Сосульки,M (15-30 см),Акрил,прозрачный,премиум,Да,Нет,0.26,0.0037,Китай,Нидерланды
1615,5297,"Ёлочная игрушка Ангел Розмари 17 см, подвеска",630.0,/goods/yolochnaya-igrushka-angel-rozmari-17-sm-podveska/,Ангелы и Феи,M (15-30 см),Металл,серый,стандарт,Нет,Нет,0.02,0.0002,Китай,Германия
1616,5298,"Елочная игрушка Цветочная Принцесса-Тюльпан 13 см, подвеска",430.0,/goods/elochnaya-igrushka-cvetochnaya-princessa-tyulpan-5x3x13-sm-podveska/,Ангелы и Феи,S (7-14 см),Полистоун,красный / бордовый,стандарт,Нет,Нет,0.04,0.0003,Китай,Россия
1617,5300,"Елочная игрушка Лебедь Аделин - Царевна синего моря 8 см, подвеска",1310.0,/goods/elochnaya-igrushka-lebed-adelin-carevna-sinego-morya-8-sm-podveska/,Птицы,S (7-14 см),Полистоун,белый,премиум,Нет,Нет,0.04,0.0001,Китай,Нидерланды
1618,5306,"Набор елочных игрушек Мухоморчики - Грибной Маскарад 12 см, 2 шт",2440.0,/goods/nabor-elochnyh-igrushek-muhomorchiki---gribnoj-maskarad-12-sm-2-sht/,Грибы,S (7-14 см),Полистоун,красный / бордовый,премиум,Да,Нет,0.25,0.0017,Китай,Бельгия
1619,5307,"Елочная игрушка Балерина в Белом Платье 13 см, подвеска",320.0,/goods/elochnaya-igrushka-balerina-v-belom-plate-13-sm-podveska/,Балет,S (7-14 см),Акрил,прозрачный,стандарт,Нет,Нет,0.04,0.0024,Китай,Россия
1620,5310,"Снеговичок Яркий светящийся, 14 см, LED, батарейка, подвеска",300.0,/goods/snegovichok-yarkij-svetyashhijsya-7x14-sm-led-batarejka-podveska/,Светящиеся игрушки,S (7-14 см),Текстиль,разноцветные,эконом,Нет,Да,0.03,0.0012,Китай,Нидерланды
1621,5316,"Набор для декора Шишки - Белкины Запасы 5 см, 6 шт",140.0,/goods/nabor-shishek-dlya-dekora-5-sm-6-sht/,Шишки и желуди,XS (до 6 см),Дерево,шоколадный / коричневый,эконом,Да,Нет,0.06,0.0005,Китай,Россия
1622,5323,Елочная игрушка Месяц Заката - Fairy Moon Banquet 16 см,4900.0,/goods/elochnaya-igrushka-mesyac-zakata---fairy-moon-banquet-16-sm/,Персонажи сказок,M (15-30 см),Полистоун,розовый,премиум,Нет,Нет,0.11,0.0014,Филиппины,Бельгия
1623,5324,"Елочное украшение Барбара Фрай - Кабаре Chat Noir 17 см, подвеска",3800.0,/goods/elochnoe-ukrashenie-barbara-fraj-balerina-brodvejskogo-teatra-17-sm-podveska/,Люди,M (15-30 см),Полистоун,красный / бордовый,премиум,Нет,Нет,0.07,0.0004,Китай,Бельгия
1624,5328,"Искусственная пуансеттия Госпожа Астрид Генриетта 30 см, клипса",1240.0,/goods/iskusstvennaya-puansettiya-gospozha-astrid-genrietta-30-sm-klipsa/,Пуансеттии,M (15-30 см),Текстиль,красный / бордовый,премиум,Нет,Нет,0.04,0.0012,Китай,Бельгия
1625,5330,"Набор елочных игрушек Грибочки из Леса Тонброн 10 см, 2 шт",3440.0,/goods/nabor-elochnyh-igrushek-gribochki-iz-lesa-tonbron-10-sm-2-sht/,Персонажи сказок,S (7-14 см),Полистоун,красный / бордовый,премиум,Да,Нет,0.41,0.0022,Китай,Бельгия
1626,5333,Декоративная Фигура Леди Фонтейн - Королева Джаза 45 см,2080.0,/goods/dekorativnaya-figura-ledi-fontejn-koroleva-dzhaza-45-sm/,Люди,L (31-50 см),Текстиль,красный / бордовый,стандарт,Нет,Нет,0.26,0.0048,Китай,Италия
1627,5334,"Елочная игрушка Птичка Муна Роза 16 см, клипса",530.0,/goods/elochnaya-igrushka-ptichka-muna-roza-16-sm-klipsa/,Птицы,M (15-30 см),Текстиль,розовый,премиум,Нет,Нет,0.02,0.0006,Китай,Бельгия
1628,5340,"Стеклянная елочная игрушка Зайка Марго 12 см, подвеска",1820.0,/goods/steklyannaya-elochnaya-igrushka-zajka-margo-12-sm-podveska/,Животные,S (7-14 см),Стекло,шоколадный / коричневый,премиум,Нет,Нет,0.03,0.0002,Германия,Германия
1629,5344,"Светодиодная гирлянда на батарейках Домики Вудвэй - Елочки 1.30 м, 10 теплых белых LED ламп",950.0,/goods/svetodiodnaya-girlyanda-na-batarejkah-domiki-vudvjej---elochki/,Домики,S (7-14 см),Дерево,кремовый / светлое дерево,стандарт,Нет,Да,0.15,0.0016,Китай,Нидерланды
1630,5345,"Елочная игрушка Леди Барнелла - Gift Time 13 см, подвеска",530.0,/goods/elochnaya-igrushka-ledi-barnella---gift-time-13-sm-podveska/,Люди,S (7-14 см),Полистоун,черный,стандарт,Нет,Нет,0.04,0.0003,Китай,Нидерланды
1631,5349,"Набор елочных игрушек Лео и Лисса - Mushroom Elves 10 см, 2 шт",3440.0,/goods/nabor-elochnyh-igrushek-leo-i-lissa---mushroom-elves-10-sm-2-sht/,Персонажи сказок,S (7-14 см),Полистоун,красный / бордовый,премиум,Да,Нет,0.44,0.0012,Китай,Бельгия
1632,5350,"Елочная игрушка Балерина Чарманди - Утонченное Па 12 см, подвеска",1040.0,/goods/elochnaya-igrushka-balerina-charmandi---utonchennoe-pa-12-sm-podveska/,Балет,S (7-14 см),Полистоун,кремовый / светлое дерево,премиум,Нет,Нет,0.01,0.0002,Китай,Бельгия
1633,5354,"Елочная игрушка Голубка 10 см белая, подвеска",460.0,/goods/elochnaya-igrushka-golubka-10-sm-belyj-podveska/,Птицы,S (7-14 см),Акрил,белый,стандарт,Нет,Нет,0.03,0.0005,Китай,Россия
1634,5355,"Набор стеклянных елочных игрушек Звезды 4.5 см молочный mix, 12 шт",460.0,/goods/nabor-steklyannyh-elochnyh-igrushek-zvezdy-45-sm-molochnyj-mix-12-sht-podveska/,Звездочки,XS (до 6 см),Стекло,белый,стандарт,Да,Нет,0.07,0.0006,Китай,Россия
1635,5359,Бумажное украшение Esperanza 8 см,190.0,/goods/bumazhnoe-ukrashenie-esperanza-8-sm/,Изысканные подвески,S (7-14 см),Бумага,розовый,эконом,Нет,Нет,0.03,0.0002,Китай,Нидерланды
1636,5360,"Стеклянная елочная игрушка гроздь Еловые Шишки золотая, подвеска",160.0,/goods/steklyannaya-elochnaya-igrushka-grozd-elovye-shishki-zolotaya-podveska/,Шишки и желуди,XS (до 6 см),Стекло,золото,стандарт,Нет,Нет,0.02,0.0002,Китай,Россия
1637,5363,"Елочная игрушка Птичка - Зимняя прогулка 7 см, подвеска",1300.0,/goods/elochnaya-igrushka-ptichka-feofaniya-s-ptencom---zimnyaya-progulka-7-sm-podveska/,Птицы,S (7-14 см),Полистоун,красный / бордовый,премиум,Нет,Нет,0.07,0.0003,Китай,Бельгия
1638,5367,"Набор елочных игрушек Hornpipe Match 12 см, 2 шт, подвеска",680.0,/goods/nabor-elochnyh-igrushek-hornpipe-match-12-sm-2-sht-podveska/,"Пряники, конфеты, сладости",S (7-14 см),Полистоун,шоколадный / коричневый,стандарт,Да,Нет,0.07,0.0002,Китай,Нидерланды
1639,5368,"Набор елочных игрушек Пряничное веселье 6 см,  9 шт, подвеска",510.0,/goods/nabor-elochnyh-igrushek-pryanichnoe-vesele-9-sht-podveska/,"Пряники, конфеты, сладости",S (7-14 см),Пластик,шоколадный / коричневый,стандарт,Да,Нет,0.1,0.0004,Китай,Италия
1640,5370,"Искусственная пуансеттия Утренняя Серенада 28 см, клипса",480.0,/goods/iskusstvennaya-puansettiya-utrennyaya-serenada-28-sm-klipsa/,Пуансеттии,M (15-30 см),Текстиль,кремовый / светлое дерево,стандарт,Нет,Нет,0.07,0.0015,Китай,Нидерланды
1641,5372,"Набор елочных игрушек Лесные Салочки - Mushroom Elves 11 см, 2 шт",4360.0,/goods/nabor-elochnyh-igrushek-lesnye-salochki---mushroom-elves-11-sm-2-sht/,Персонажи сказок,S (7-14 см),Полистоун,красный / бордовый,премиум,Да,Нет,0.25,0.0022,Китай,Бельгия
1642,5373,"Елочная игрушка Балерина Олимпа - Theatre Royal 15 см, подвеска",1480.0,/goods/elochnaya-igrushka-balerina-olimpa---theatre-royal-15-sm-podveska/,Балет,M (15-30 см),Полистоун,белый,премиум,Нет,Нет,0.07,0.0006,Китай,Италия
1643,5376,"Набор елочных мини-украшений Christmas Gift: Золотая осень, 30 шт, пластик",500.0,/goods/nabor-elochnyh-mini-ukrashenij-christmas-gift-zolotaya-osen-30-sht-plastik/,Игрушки для настольных елок,XS (до 6 см),Пластик,разноцветные,стандарт,Да,Нет,0.11,0.0033,Китай,Нидерланды
1644,5380,"Елочная игрушка Зимняя Фея - Волшебный лес Монтерра 12 см, подвеска",4700.0,/goods/elochnaya-igrushka-zimnyaya-feya---volshebnyj-les-monterra-12-sm-podveska/,Ангелы и Феи,S (7-14 см),Полистоун,шоколадный / коричневый,премиум,Нет,Нет,0.12,0.0014,Филиппины,Бельгия
1645,5383,"Набор елочных игрушек Smooth Ombre: Голуби 8 см, 2 шт, подвеска",1460.0,/goods/nabor-elochnyh-igrushek-smooth-ombre-golubi-8-sm-2-sht-podveska/,Птицы,S (7-14 см),Пластик,золото,премиум,Да,Нет,0.08,0.0025,Китай,Нидерланды
1646,5384,"Елочная игрушка Бабочка Фонтенбло 18 см белая, клипса",950.0,/goods/elochnaya-igrushka-babochka-fontenblo-18-sm-belaya-klipsa/,"Бабочки, Жучки",M (15-30 см),Текстиль,белый,премиум,Нет,Нет,0.02,0.0005,Таиланд,Нидерланды
1647,5390,"Искусственная пуансеттия Cecilia 12 см, 3 шт, коралловая, клипса",280.0,/goods/iskusstvennaya-puansettiya-cecilia-12-sm-rozovaya-klipsa/,Пуансеттии,S (7-14 см),Пластик,розовый,стандарт,Да,Нет,0.07,0.002,Китай,Нидерланды
1648,5391,"Елочное украшение ветка Gautier Bordo 36 см на проволоке, 12 шт",1100.0,/goods/elochnoe-ukrashenie-vetka-gautier-bordo-36-sm-na-provoloke-12-sht/,"Растения, Листья",L (31-50 см),Пластик,красный / бордовый,стандарт,Да,Нет,0.22,0.0027,Китай,Нидерланды
1649,5392,"Набор елочных игрушек Эльфы в Яблочном Саду - Mushroom Elves 11 см, 2 шт",4360.0,/goods/nabor-elochnyh-igrushek-jelfy-v-yablochnom-sadu---mushroom-elves-11-sm-2-sht/,Персонажи сказок,S (7-14 см),Полистоун,красный / бордовый,премиум,Да,Нет,0.28,0.003,Китай,Бельгия
1650,5396,"Елочная игрушка Павлин Роскошный 15 см черно-серебряный, подвеска",300.0,/goods/elochnaya-igrushka-pavlin-roskoshnyj-15-sm-cherno-serebryanyj-podveska/,Птицы,M (15-30 см),Акрил,черный,стандарт,Нет,Нет,0.06,0.0005,Китай,Россия
1651,5398,"Елочная игрушка Кисть Монкальерри 23 см, подвеска",780.0,/goods/elochnaya-igrushka-kist-monkalerri-23-sm-podveska/,Изысканные подвески,M (15-30 см),Текстиль,кремовый / светлое дерево,премиум,Нет,Нет,0.11,0.0004,Индия,Германия
1652,5406,"Пуансеттия Incante Rose 35 см, клипса",320.0,/goods/puansettiya-incante-rose-35-sm-klipsa/,Пуансеттии,L (31-50 см),Текстиль,розовый,стандарт,Нет,Нет,0.04,0.0011,Китай,Италия
1653,5408,"Набор елочных игрушек Лесные Танцовщицы - Грибной Маскарад 13 см, 2 шт",2440.0,/goods/nabor-elochnyh-igrushek-lesnye-tancovshhicy---gribnoj-maskarad-13-sm-2-sht/,Персонажи сказок,S (7-14 см),Полистоун,красный / бордовый,премиум,Да,Нет,0.17,0.0011,Китай,Бельгия
1654,5410,"Елочная игрушка Вечернее Платье 12 см серебряное, подвеска",220.0,/goods/elochnaya-igrushka-vechernee-plate-12-sm-serebro-podveska/,Миниатюры,S (7-14 см),Акрил,серебро,эконом,Нет,Нет,0.02,0.001,Китай,Россия
1655,5416,"Набор стеклянных елочных игрушек Versailles Pendants 14-16 см, 12 шт, подвеска",4490.0,/goods/nabor-elochnyh-igrushek-versalskie-podveski-12-sht/,Изысканные подвески,M (15-30 см),Стекло,белый,стандарт,Да,Нет,0.68,0.0111,Китай,Нидерланды
1656,5422,"Набор елочных украшений Танцоры Балета Гранд Опера 17 см, 4 шт, подвеска",9760.0,/goods/nabor-elochnyh-ukrashenij-tancory-baleta-grand-opera-17-sm-4-sht-podveska/,Люди,M (15-30 см),Полистоун,красный / бордовый,премиум,Да,Нет,0.33,0.0048,Китай,Нидерланды
1657,5424,"Стеклянная елочная игрушка Торт - Dolce Reale 9 см, подвеска",2990.0,/goods/steklyannaya-elochnaya-igrushka-tort---dolce-reale-9-sm-podveska/,"Пряники, конфеты, сладости",S (7-14 см),Стекло,золото,премиум,Нет,Нет,0.07,0.0008,Китай,Бельгия
1658,5428,"Елочная игрушка Сапожок миссис Клаус 12 см, золотой, подвеска",280.0,/goods/elochnaya-igrushka-sapozhok-missis-klaus-12-sm-zolotoj-podveska/,Миниатюры,S (7-14 см),Текстиль,золото,стандарт,Нет,Нет,0.01,0.0004,Китай,Италия
1659,5431,"Набор стеклянных елочных игрушек Сосульки - Lavendo Cadorne 24 см, 6 шт, подвеска",8880.0,/goods/nabor-steklyannyh-elochnyh-igrushek-sosulki---lavendo-cadorne-24-sm-6-sht-podveska/,Сосульки,M (15-30 см),Стекло,розовый,премиум,Да,Нет,0.29,0.0076,Китай,Италия
1660,5434,"Стеклянная елочная игрушка гроздь Еловые Шишки 14 см небесно-голубая, подвеска",230.0,/goods/steklyannaya-elochnaya-igrushka-grozd-elovye-shishki-nebesno-golubaya-podveska/,Шишки и желуди,S (7-14 см),Стекло,синий / голубой,стандарт,Нет,Нет,0.02,0.0002,Китай,Нидерланды
1661,5435,"Елочная игрушка Ангелок Боэль 6 см серебряный, подвеска",250.0,/goods/elochnaya-igrushka-angelok-bojel-6-sm-serebryanyj-podveska/,Ангелы и Феи,XS (до 6 см),Полистоун,белый,стандарт,Нет,Нет,0.09,0.0001,Китай,Нидерланды
1662,5445,Елочная игрушка Мухоморы Дивнолесья: Мама с Малышом 7 см,1100.0,/goods/elochnaya-igrushka-muhomory-divnolesya-mama-s-malyshom-7-sm/,Грибы,S (7-14 см),Полистоун,белый,премиум,Нет,Нет,0.06,0.0001,Китай,Нидерланды
1663,5451,"Набор стеклянных елочных игрушек Шишки 6 см лавандовый mix, 12 шт",560.0,/goods/nabor-steklyannyh-elochnyh-igrushek-shishki-6-sm-lavandovyj-mix-12-sht-podveska/,Шишки и желуди,XS (до 6 см),Стекло,фиолетовый,стандарт,Да,Нет,0.07,0.0006,Китай,Нидерланды
1664,5452,"Елочная игрушка Honey Bee - Фея Жаклин 13 см, подвеска",2310.0,/goods/elochnaya-igrushka-honey-bee-feya-zhaklin-13-sm-podveska/,Ангелы и Феи,S (7-14 см),Полистоун,желтый / оранжевый,премиум,Нет,Нет,0.07,0.0004,Китай,Нидерланды
1665,5457,Декоративная ветка с бабочками Butterfly Valley 46 см,2210.0,/goods/dekorativnaya-vetka-s-babochkami-butterfly-valley-46-sm/,"Бабочки, Жучки",L (31-50 см),Металл,красный / бордовый,премиум,Нет,Нет,0.07,0.001,Таиланд,Бельгия
1666,5459,"Стеклянная елочная игрушка Мальчик Мартин - Юный пекарь 11 см, подвеска",3140.0,/goods/steklyannaya-elochnaya-igrushka-malchik-martin---yunyj-pekar-11-sm-podveska/,Люди,S (7-14 см),Стекло,шоколадный / коричневый,премиум,Нет,Нет,0.03,0.0002,Германия,Германия
1667,5464,Елочная игрушка Мухоморы Дивнолесья: Олли и Полли 10 см,1100.0,/goods/elochnaya-igrushka-muhomory-divnolesya-olli-i-polli-10-sm/,Грибы,S (7-14 см),Полистоун,разноцветные,премиум,Нет,Нет,0.09,0.0002,Китай,Нидерланды
1668,5467,"Елочная игрушка Бальное Платье Жизель 14 см, подвеска",400.0,/goods/elochnaya-igrushka-balnoe-plate-zhizel-14-sm-podveska/,Миниатюры,S (7-14 см),Акрил,золото,стандарт,Нет,Нет,0.09,0.0004,Китай,Россия
1669,5468,Декоративная фигура Пава Кармина - Шато де Вилландри 31 см,3800.0,/goods/dekorativnaya-figura-pava-karmina-shato-de-villandri-31-sm/,Птицы,L (31-50 см),Перья,желтый / оранжевый,премиум,Нет,Нет,0.37,0.005,Китай,Бельгия
1670,5470,"Елочная игрушка Шишка Alto - Голубой Туман 8 см, 6 шт, пластик",480.0,/goods/elochnaya-igrushka-shishka-alto---goluboj-tuman-8-sm-6-sht-plastik-podveska/,Шишки и желуди,S (7-14 см),Пластик,синий / голубой,эконом,Да,Нет,0.11,0.0014,Китай,Нидерланды
1671,5473,"Декоративная фигура Сова Флорентина - Foret Brillante 25 см, подвеска",2500.0,/goods/dekorativnaya-figura-sova-florentina---foret-brillante-25-sm-podveska/,Птицы,M (15-30 см),Искусственный мех,белый,стандарт,Нет,Нет,0.07,0.0036,Китай,Нидерланды
1672,5474,"Стеклянная елочная игрушка Божья Коровка 6 см, подвеска",900.0,/goods/elochnaya-igrushka-bozhya-korovka-4-sm-steklo-podveska/,"Бабочки, Жучки",XS (до 6 см),Стекло,красный / бордовый,стандарт,Нет,Нет,0.02,0.0005,Россия,Россия
1673,5479,Елочная игрушка Мухоморы Дивнолесья: Грибочек Мэтти 10 см,1100.0,/goods/elochnaya-igrushka-muhomory-divnolesya-gribochek-mjetti-10-sm/,Грибы,S (7-14 см),Полистоун,разноцветные,премиум,Нет,Нет,0.09,0.0002,Китай,Нидерланды
1674,5488,"Елочная игрушка Кисть Адалькюр 15 см эвкалиптовая, подвеска",550.0,/goods/elochnaya-igrushka-kist-adalkyur-15-sm-jevkaliptovaya-podveska/,Изысканные подвески,M (15-30 см),Текстиль,зеленый,премиум,Нет,Нет,0.06,0.0002,Индия,Италия
1675,5490,"Декоративный бант Браони 13*13 см, 2 шт, белый",340.0,/goods/dekorativnyj-bant-braoni-13-sm-2-sht-belyj/,Банты на елку,S (7-14 см),Текстиль,белый,стандарт,Да,Нет,0.02,0.0004,Китай,Нидерланды
1676,5492,Елочная игрушка Райская Птичка - Ciels de Nacre 13 см,1720.0,/goods/elochnaya-igrushka-rajskaya-ptichka---ciels-de-nacre-13-sm/,Птицы,S (7-14 см),Полистоун,кремовый / светлое дерево,премиум,Нет,Нет,0.08,0.0052,Китай,Бельгия
1677,5493,"Набор елочных игрушек Бабочки Марселин - Пестрый Карнавал 9 см, 3 шт, подвеска",1420.0,/goods/nabor-elochnyh-igrushek-babochki-marselin---pestryj-karnaval-9-sm-3-sht-podveska/,"Бабочки, Жучки",S (7-14 см),Полистоун,красный / бордовый,премиум,Да,Нет,0.15,0.0005,Китай,Италия
1678,5495,"Елочная игрушка Siciliano Dama - Сеньорита Джулли 10 см зеленая, подвеска",1920.0,/goods/elochnaya-igrushka-siciliano-dama---senorita-dzhulli-10-sm-zelenaya-podveska/,Люди,S (7-14 см),Полистоун,зеленый,премиум,Нет,Нет,0.15,0.0005,Китай,Италия
1679,5498,Пуансеттия на стебле Романтик 75 см золотая,1330.0,/goods/puansettiya-na-steble-romantik-40x75-sm-zolotaya/,Пуансеттии,XL (51-80 см),Текстиль,желтый / оранжевый,стандарт,Нет,Нет,0.11,0.0126,Китай,Нидерланды
1680,5506,Елочная игрушка Снежинка Императорский кристалл 13 см с золотой отделкой,640.0,/goods/elochnaya-igrushka-snezhinka-imperatorskij-kristall-13-sm-s-zolotoj-otdelkoj-podveska/,Снежинки,S (7-14 см),Пластик,синий / голубой,стандарт,Нет,Нет,0.04,0.0004,Китай,Нидерланды
1681,5513,"Стеклянная елочная игрушка Птичка Квайти - Морозное Утро 8 см, подвеска",1680.0,/goods/steklyannaya-elochnaya-igrushka-ptichka-kvajti---moroznoe-utro-8-sm-podveska/,Птицы,S (7-14 см),Стекло,синий / голубой,премиум,Нет,Нет,0.02,0.0001,Китай,Нидерланды
1682,5520,"Пуансеттия Испанская Кокетка 20 см, клипса",430.0,/goods/puansettiya-ispanskaya-koketka-20-sm-klipsa/,Пуансеттии,M (15-30 см),Текстиль,розовый,стандарт,Нет,Нет,0.02,0.0002,Китай,Италия
1683,5521,Декоративная ветка Caulfield 79 см розовое золото,350.0,/goods/dekorativnaya-vetka-caulfield-79-sm-rozovoe-zoloto/,"Растения, Листья",XL (51-80 см),Пластик,золото,стандарт,Нет,Нет,0.03,0.0014,Китай,Нидерланды
1684,5522,"Елочная игрушка Ключ Снежной королевы со снежинкой 15 см, подвеска",440.0,/goods/elochnaya-igrushka-klyuch-snezhnoj-korolevy-so-snezhinkoj-15-sm-podveska/,Миниатюры,M (15-30 см),Акрил,прозрачный,стандарт,Нет,Нет,0.02,0.0002,Китай,Россия
1685,5524,Декоративная гирлянда Creamy Boho 120 см,660.0,/goods/dekorativnaya-girlyanda-creamy-boho-120-sm/,Текстильные игрушки,XXL (81 см и более),Текстиль,белый,стандарт,Нет,Нет,0.11,0.0012,Китай,Нидерланды
1686,5527,"Стеклянная елочная игрушка Сосулька Монкальво 8 см, подвеска",550.0,/goods/steklyannaya-elochnaya-igrushka-sosulka-monkalvo-8-sm-podveska/,Изысканные подвески,S (7-14 см),Стекло,серебро,премиум,Нет,Нет,0.03,0.0002,Китай,Бельгия
1687,5528,Елочная игрушка Шишка 13 см медная с золотым,490.0,/goods/elochnoe-ukrashenie-shishka-13-sm-zoloto-s-medyu-podveska/,Шишки и желуди,S (7-14 см),Акрил,шоколадный / коричневый,стандарт,Нет,Нет,0.07,0.0011,Китай,Россия
1688,5530,"Декоративный бант Charette 13*12 см красный, 2 шт",240.0,/goods/dekorativnyj-bant-charette-13-sm-krasnyj-2-sht/,Банты на елку,S (7-14 см),Текстиль,красный / бордовый,стандарт,Да,Нет,0.06,0.0012,Китай,Нидерланды
1689,5531,"Декоративное украшение Angel Wings 16 см белые, подвеска",210.0,/goods/dekorativnoe-ukrashenie-angel-wings-16-sm-belye-podveska/,Ангелы и Феи,M (15-30 см),Перья,белый,стандарт,Нет,Нет,0.02,0.0003,Китай,Нидерланды
1690,5532,"Елочная игрушка Лягушонок Роланд 11 см, подвеска",1820.0,/goods/elochnaya-igrushka-lyagushonok-roland-11-sm-podveska/,Морские обитатели,S (7-14 см),Полистоун,зеленый,премиум,Нет,Нет,0.11,0.0004,Китай,Нидерланды
1691,5533,Подвесное украшение Цыпленок из Цветочной Страны 9 см,2180.0,/goods/podvesnoe-ukrashenie-cyplenok-iz-cvetochnoj-strany-9-sm/,Птицы,S (7-14 см),Полистоун,желтый / оранжевый,премиум,Нет,Нет,0.77,0.0005,Китай,Бельгия
1692,5541,"Искусственная пуансеттия Shambren 8 см, 4 шт, розовое золото, клипса",260.0,/goods/iskusstvennaya-puansettiya-shambren-8-sm-rozovoe-zoloto-klipsa/,Пуансеттии,S (7-14 см),Пластик,розовый,стандарт,Да,Нет,0.04,0.0011,Китай,Нидерланды
1693,5542,Декоративный лист Ажурная Калатея 67 см бургунди,120.0,/goods/dekorativnyj-list-azhurnaya-kalateya-67-sm-burgundi/,"Растения, Листья",XL (51-80 см),Пластик,красный / бордовый,стандарт,Нет,Нет,0.01,0.0017,Китай,Нидерланды
1694,5549,Бант на елку Feira 24*20 см красный,330.0,/goods/bant-na-elku-feira-24-sm-krasnyj/,Банты на елку,M (15-30 см),Текстиль,красный / бордовый,стандарт,Нет,Нет,0.04,0.0012,Китай,Нидерланды
1695,5551,"Елочная игрушка Ангелочек с Музыкальным Инструментом 6 см матово-золотой, подвеска",280.0,/goods/elochnaya-igrushka-angelochek-s-muzykalnym-instrumentom-65-sm-matovo-zolotoj-podveska/,Ангелы и Феи,XS (до 6 см),Акрил,золото,стандарт,Нет,Нет,0.02,0.0003,Китай,Россия
1696,5553,"Стеклянная елочная игрушка Сом - Океан Самоцветов 16 см, подвеска",2390.0,/goods/steklyannaya-elochnaya-igrushka-som---okean-samocvetov-16-sm-podveska/,Морские обитатели,M (15-30 см),Стекло,разноцветные,премиум,Нет,Нет,0.06,0.0013,Китай,Нидерланды
1697,5558,"Декоративные прищепки Merry Bells 5 см, 6 шт",260.0,/goods/dekorativnye-prishhepki-merry-bells-5-sm-6-sht/,"Пряники, конфеты, сладости",XS (до 6 см),Дерево,красный / бордовый,стандарт,Да,Нет,0.07,0.0005,Китай,Нидерланды
1698,5561,"Искусственный цветок Магнолия Folgaria 23 см зеленый, клипса",600.0,/goods/iskusstvennyj-cvetok-magnoliya-folgaria-23-sm-zelenyj-klipsa/,Цветы,M (15-30 см),Текстиль,зеленый,стандарт,Нет,Нет,0.07,0.0028,Китай,Россия
1699,5562,"Искусственный цветок Магнолия Marinella 20 см шампань, клипса",190.0,/goods/iskusstvennyj-cvetok-magnoliya-marinella-20-sm-shampan-klipsa/,Цветы,M (15-30 см),Текстиль,кремовый / светлое дерево,эконом,Нет,Нет,0.04,0.0006,Китай,Россия
1700,5563,"Пуансеттия Contessa Rosa 32 см, клипса",300.0,/goods/puansettiya-contessa-rosa-32-sm-klipsa/,Пуансеттии,L (31-50 см),Текстиль,розовый,стандарт,Нет,Нет,0.04,0.0008,Китай,Италия
1701,5567,"Елочная игрушка Сапожок миссис Клаус 12 см, изумрудный, подвеска",280.0,/goods/elochnaya-igrushka-sapozhok-missis-klaus-12-sm-izumrudnyj-podveska/,Миниатюры,S (7-14 см),Текстиль,зеленый,стандарт,Нет,Нет,0.01,0.0004,Китай,Италия
1702,5571,"Набор стеклянных елочных игрушек Шишки 6 см перламутровый mix, 12 шт",470.0,/goods/nabor-steklyannyh-elochnyh-igrushek-shishki-6-sm-perlamutrovyj-mix-12-sht-podveska/,Шишки и желуди,XS (до 6 см),Стекло,кремовый / светлое дерево,стандарт,Да,Нет,0.08,0.0007,Китай,Россия
1703,5574,"Елочная игрушка Белочка Сьюзи с грибочком и улиткой 12 см, подвеска",730.0,/goods/elochnaya-igrushka-belochka-syuzi-s-gribochkom-i-ulitkoj-12-sm-podveska/,Животные,S (7-14 см),Полистоун,шоколадный / коричневый,стандарт,Нет,Нет,0.18,0.0008,Китай,Нидерланды
1704,5580,"Набор стеклянных елочных игрушек Север 9 см, 4 шт, подвеска",11160.0,/goods/nabor-steklyannyh-elochnyh-igrushek-sever-9-sm-4-sht-podveska/,Люди,S (7-14 см),Стекло,разноцветные,стандарт,Да,Нет,0.52,0.0049,Россия,Россия
1705,5581,"Стеклянная елочная игрушка Торт со снеговичком - Dolce Invernale 9 см, подвеска",2990.0,/goods/steklyannaya-elochnaya-igrushka-tort-so-snegovichkom---dolce-invernale-9-sm-podveska/,"Пряники, конфеты, сладости",S (7-14 см),Стекло,кремовый / светлое дерево,премиум,Нет,Нет,0.07,0.0008,Китай,Бельгия
1706,5592,"Стеклянная елочная игрушка Сосулька - Зима 11 см, голубая, подвеска",710.0,/goods/steklyannaya-elochnaya-igrushka-sosulka-zima-11-sm-golubaya-podveska/,Сосульки,S (7-14 см),Стекло,синий / голубой,стандарт,Нет,Нет,0.02,0.0003,Россия,Россия
1707,5595,"Елочная игрушка Шишка Элти 9 см золото, 2 шт",260.0,/goods/elochnaya-igrushka-shishka-jelti-9-sm-shokolad-2-sht-podveska/,Шишки и желуди,S (7-14 см),Пластик,золото,стандарт,Нет,Нет,0.02,0.0005,Китай,Нидерланды
1708,5599,"Елочная игрушка Honey Bee - Фея Мелисса 13 см, подвеска",2310.0,/goods/elochnaya-igrushka-honey-bee-feya-melissa-13-sm-podveska/,Ангелы и Феи,S (7-14 см),Полистоун,желтый / оранжевый,премиум,Нет,Нет,0.07,0.0004,Китай,Нидерланды
1709,5600,"Елочная игрушка Птичка Лазоревка 11 см, 2 шт, клипса",760.0,/goods/elochnaya-igrushka-ptichka-lazorevka-11-sm-2-sht-klipsa/,Птицы,S (7-14 см),Перья,синий / голубой,стандарт,Да,Нет,0.02,0.0007,Китай,Нидерланды
1710,5606,"Елочная игрушка Балерина Кэндис - Perfection 17 см, подвеска",1760.0,/goods/elochnaya-igrushka-balerina-kjendis---perfection-17-sm-podveska/,Балет,M (15-30 см),Полистоун,синий / голубой,премиум,Нет,Нет,0.06,0.0006,Тайвань,Италия
1712,5616,"Светодиодная гирлянда Звезда: Red Riegel 1.7 м, 10 теплых белых LED ламп, прозрачный ПВХ, на батарейках, IP20",1690.0,/goods/svetodiodnaya-girlyanda-zvezda-red-riegel-na-batarejkah--10-teplyh-belyh-led-lamp-prozrachnyj-pvh-ip20/,Звездочки,S (7-14 см),Бумага,красный / бордовый,стандарт,Нет,Да,0.12,0.0021,Китай,Германия
1713,5617,"Стеклянная елочная игрушка Лисичка Лакки 6 см, подвеска",410.0,/goods/steklyannaya-elochnaya-igrushka-lisichka-lakki-6-sm-podveska/,Животные,XS (до 6 см),Стекло,желтый / оранжевый,стандарт,Нет,Нет,0.06,0.0002,Россия,Россия
1714,5626,"Елочная игрушка Балерина Лея - Зимняя пьеса 19 см, подвеска",1930.0,/goods/elochnaya-igrushka-balerina-leya---zimnyaya-pesa-19-sm-podveska/,Балет,M (15-30 см),Полистоун,розовый,премиум,Нет,Нет,0.06,0.001,Китай,Бельгия
1715,5636,"Елочная игрушка Бабочка Фламанди сапфировая 11 см, подвеска",480.0,/goods/elochnaya-igrushka-babochka-flamandi-sapfirovaya-podveska/,"Бабочки, Жучки",S (7-14 см),Пластик,синий / голубой,стандарт,Нет,Нет,0.04,0.0003,Китай,Нидерланды
1716,5645,"Елочная игрушка Труба 10 см белая, подвеска",470.0,/goods/elochnaya-igrushka-truba-10-sm-belyj-podveska/,Миниатюры,S (7-14 см),Акрил,белый,стандарт,Нет,Нет,0.02,0.0003,Китай,Россия
1717,5653,"Бант кожаный ""Элегантный"", синий",1260.0,/goods/bant-kozhanyj-jelegantnyj-30-sm-sinij/,Банты на елку,L (31-50 см),Эко-кожа,синий / голубой,стандарт,Нет,Нет,0.12,0.005,Россия,Россия
1718,5655,"Елочная игрушка Ежик Келли 8 см, подвеска",410.0,/goods/elochnaya-igrushka-ezhik-kelli-8-sm-podveska/,Животные,S (7-14 см),Полистоун,золото,стандарт,Нет,Нет,0.09,0.0001,Китай,Нидерланды
1719,5658,"Елочная игрушка Бабочка Аурелия 11 см, 2 шт, серебряная, подвеска",460.0,/goods/elochnaya-igrushka-babochka-aureliya-11-sm-2-sht-serebryanaya-podveska/,"Бабочки, Жучки",S (7-14 см),Акрил,серебро,стандарт,Да,Нет,0.11,0.0011,Китай,Нидерланды
1720,5663,"Пуансеттия Azzurra Bella 25 см, клипса",300.0,/goods/puansettiya-azzurra-bella-25-sm-klipsa/,Пуансеттии,M (15-30 см),Текстиль,синий / голубой,стандарт,Нет,Нет,0.02,0.0014,Китай,Италия
1721,5665,"Елочная игрушка Балерина Люсиль - Зимняя пьеса 19 см, подвеска",1930.0,/goods/elochnaya-igrushka-balerina-lyusil---zimnyaya-pesa-19-sm-podveska/,Балет,M (15-30 см),Полистоун,белый,премиум,Нет,Нет,0.06,0.001,Китай,Бельгия
1722,5666,"Елочная игрушка Бархатный Сапожок Росселини 17 см бирюзовый, подвеска",340.0,/goods/elochnaya-igrushka-barhatnyj-sapozhok-rosselini-17-sm-izumrudnyj-podveska/,Миниатюры,M (15-30 см),Текстиль,бирюзовый,стандарт,Нет,Нет,0.01,0.0002,Китай,Италия
1723,5671,"Шишки для декора - Дары Сезона 4 см, 9 шт",140.0,/goods/nabor-shishek-dlya-dekora-4-sm-9-sht/,Шишки и желуди,XS (до 6 см),Натуральные материалы,шоколадный / коричневый,эконом,Да,Нет,0.04,0.0003,Китай,Россия
1724,5672,"Светодиодная гирлянда Звезда: Yellow Riegel 1.7 м, 10 теплых белых LED ламп, прозрачный ПВХ, на батарейках, IP20",1690.0,/goods/svetodiodnaya-girlyanda-zvezda-yellow-riegel-na-batarejkah--10-teplyh-belyh-led-lamp-prozrachnyj-pvh-ip20/,Звездочки,S (7-14 см),Бумага,желтый / оранжевый,стандарт,Нет,Да,0.12,0.0021,Китай,Германия
1725,5675,"Стеклянная елочная игрушка Голубая Синичка Дымка 8 см, клипса",2460.0,/goods/steklyannaya-elochnaya-igrushka-golubaya-sinichka-dymka-8-sm-klipsa/,Птицы,S (7-14 см),Стекло,синий / голубой,премиум,Нет,Нет,0.02,0.0003,Германия,Германия
1726,5679,"Пуансеттия Лимонное Парфе 25 см, клипса",300.0,/goods/puansettiya-limonnoe-parfe-25-sm-klipsa/,Пуансеттии,M (15-30 см),Текстиль,золото,стандарт,Нет,Нет,0.02,0.0009,Китай,Италия
1727,5680,Искусственная ветка Гингко Ольфера 81 см медно-розовая,890.0,/goods/iskusstvennaya-vetka-gingko-olfera-81-sm-medno-rozovaya/,"Растения, Листья",XXL (81 см и более),Текстиль,розовый,премиум,Нет,Нет,0.06,0.0131,Китай,Италия
1728,5682,"Елочная игрушка Волшебное Зеркало - Квадратное 12 см, подвеска",490.0,/goods/elochnaya-igrushka-volshebnoe-zerkalo-kvadratnoe-12-sm-podveska/,Миниатюры,S (7-14 см),Полистоун,серый,стандарт,Нет,Нет,0.02,0.0003,Китай,Нидерланды
1729,5695,"Елочное украшение Бабочка Ария 32 см кофейная, клипса",1280.0,/goods/elochnoe-ukrashenie-babochka-ariya-32-sm-kofejnaya-klipsa/,"Бабочки, Жучки",L (31-50 см),Текстиль,шоколадный / коричневый,стандарт,Нет,Нет,0.02,0.001,Китай,Нидерланды
1730,5698,"Пуансеттия Bienne Crema 28 см, клипса",330.0,/goods/puansettiya-bienne-crema-28-sm-klipsa/,Пуансеттии,M (15-30 см),Текстиль,кремовый / светлое дерево,стандарт,Нет,Нет,0.04,0.0019,Китай,Россия
1731,5700,"Стеклянная елочная игрушка Птичка из сада Ла-Роз 10 см, подвеска",500.0,/goods/steklyannaya-elochnaya-igrushka-ptichka-iz-sada-la-roz-10-sm-podveska/,Птицы,S (7-14 см),Стекло,розовый,стандарт,Нет,Нет,0.09,0.0004,Китай,Нидерланды
1732,5707,"Набор стеклянных елочных игрушек Шишки Сосновый Бор 8 см, 6 шт",1210.0,/goods/nabor-steklyannyh-elochnyh-igrushek-shishki-sosnovyj-bor-6-sht-podveska/,Шишки и желуди,S (7-14 см),Стекло,разноцветные,стандарт,Да,Нет,0.11,0.0021,Россия,Россия
1733,5708,"Светодиодная гирлянда Звезда White Riegel 1.7 м, 10 теплых белых LED ламп, прозрачный ПВХ, на батарейках, IP20",1690.0,/goods/svetodiodnaya-girlyanda-zvezda-white-riegel-na-batarejkah--10-teplyh-belyh-led-lamp-prozrachnyj-pvh-ip20/,Звездочки,S (7-14 см),Бумага,белый,стандарт,Нет,Да,0.12,0.0021,Китай,Германия
1734,5718,"Пуансеттия Bienne Dorato 28 см, клипса",330.0,/goods/puansettiya-bienne-dorato-28-sm-klipsa/,Пуансеттии,M (15-30 см),Текстиль,золото,стандарт,Нет,Нет,0.04,0.0018,Китай,Россия
1735,5723,"Елочная игрушка Бабочка Сильфина - Эквадорское Чудо 16 см, сапфировая, клипса",380.0,/goods/elochnaya-igrushka-babochka-silfina-jekvadorskoe-chudo-16-sm-sapfirovaya-klipsa/,"Бабочки, Жучки",M (15-30 см),Текстиль,синий / голубой,стандарт,Нет,Нет,0.02,0.0005,Китай,Италия
1736,5724,"Елочная игрушка Сапожок миссис Клаус 12 см, синий, подвеска",300.0,/goods/elochnaya-igrushka-sapozhok-missis-klaus-12-sm-sinij-podveska/,Миниатюры,S (7-14 см),Текстиль,синий / голубой,стандарт,Нет,Нет,0.02,0.0007,Китай,Италия
1737,5726,"Деревянная елочная игрушка Снежинка Луиза 7 см, 3 шт",190.0,/goods/derevyannaya-elochnaya-igrushka-snezhinka-luiza-7-sm-6-sht/,Снежинки,S (7-14 см),Дерево,белый,стандарт,Да,Нет,0.02,0.0002,Китай,Германия
1738,5727,"Елочная игрушка Снежинка - Maclaren Silvo 12 см, подвеска",280.0,/goods/elochnaya-igrushka-snezhinka-kristal-11-sm-podveska/,Снежинки,S (7-14 см),Акрил,прозрачный,стандарт,Нет,Нет,0.04,0.0003,Китай,Нидерланды
1739,5738,"Набор елочных игрушек Пряничные Малютки 7 см, 2 шт, подвеска",430.0,/goods/yolochnaya-igrushka-pryanichnaya-malyshka-7-sm-podveska/,"Пряники, конфеты, сладости",S (7-14 см),Полистоун,шоколадный / коричневый,стандарт,Да,Нет,0.09,0.0002,Китай,Германия
1740,5739,"Светодиодная ветка Winkley 90 см белая, 40 теплых белых LED ламп, таймер, IP44",840.0,/goods/svetodiodnaya-vetka-winkley-90-sm-korichnevaya-40-teplyh-belyh-led-lamp-tajmer-ip44/,"Растения, Листья",XXL (81 см и более),Пластик,белый,стандарт,Нет,Да,0.29,0.0038,Китай,Россия
1741,5741,"Елочная игрушка Ключ Снежной королевы с трилистником 15 см, подвеска",440.0,/goods/elochnaya-igrushka-klyuch-snezhnoj-korolevy-s-trilistnikom-15-sm-podveska/,Миниатюры,M (15-30 см),Акрил,серебро,стандарт,Нет,Нет,0.02,0.0002,Китай,Россия
1742,5742,"Набор елочных игрушек Сосульки Жемчужное Барокко 12 см, 2 шт, стекло, подвеска",870.0,/goods/nabor-elochnyh-igrushek-sosulki-zhemchuzhnoe-barokko-12-sm-2-sht-steklo-podveska/,Сосульки,S (7-14 см),Стекло,кремовый / светлое дерево,стандарт,Да,Нет,0.11,0.0017,Китай,Нидерланды
1743,5745,"Набор стеклянных елочных игрушек Blue Lagoon 4-5 см, 12 шт, подвеска",490.0,/goods/nabor-steklyannyh-elochnyh-igrushek-blue-lagoon-4-5-sm-12-sht-podveska/,Стеклянные игрушки,XS (до 6 см),Стекло,синий / голубой,стандарт,Да,Нет,0.04,0.0006,Китай,Россия
1744,5747,"Набор елочных игрушек Сосульки 15 см розовый бархат 6 шт, стекло",740.0,/goods/nabor-elochnyh-igrushek-sosulki-15-sm-rozovyj-barhat-6-sht-steklo/,Сосульки,M (15-30 см),Стекло,розовый,стандарт,Да,Нет,0.09,0.0016,Китай,Нидерланды
1745,5748,Елочная игрушка Barolo - Albanella 16 см,310.0,/goods/elochnaya-igrushka-barolo---albanella-16-sm/,Изысканные подвески,M (15-30 см),Пластик,синий / голубой,стандарт,Нет,Нет,0.02,0.0019,Китай,Нидерланды
1746,5750,"Светодиодная гирлянда Звездочки 20 красных LED ламп 4.5 м, прозрачный ПВХ, IP20",580.0,/goods/jelektrogirlyanda-zvezdochki20-led-lamp45mprozrachnyj-provod/,Звездочки,XS (до 6 см),Пластик,красный / бордовый,стандарт,Нет,Да,0.44,0.001,Китай,Россия
1747,5762,"Елочная игрушка Сова на веточке 15 см прозрачно-серебяная, подвеска",410.0,/goods/elochnaya-igrushka-sova-na-vetochke-15-sm-prozrachno-serebyanaya-podveska/,Птицы,M (15-30 см),Акрил,прозрачный,стандарт,Нет,Нет,0.61,0.0005,Китай,Россия
1748,5766,"Стеклянная елочная игрушка гроздь Еловые Шишки бордовая, подвеска",160.0,/goods/steklyannaya-elochnaya-igrushka-grozd-elovye-shishki-bordovaya-podveska/,Шишки и желуди,XS (до 6 см),Стекло,красный / бордовый,стандарт,Нет,Нет,0.02,0.0002,Китай,Россия
1749,5770,"Набор декоративных украшений Gold Butterfly, 10 шт, клипса",1210.0,/goods/nabor-dekorativnyh-ukrashenij-gold-butterfly-10-sht-klipsa/,"Бабочки, Жучки",S (7-14 см),Перья,желтый / оранжевый,стандарт,Да,Нет,0.08,0.0013,Китай,Нидерланды
1750,5796,"Пуансеттия Таинственная Кремона 20 см, клипса",280.0,/goods/puansettiya-tainstvennaya-kremona-20-sm-klipsa/,Пуансеттии,M (15-30 см),Текстиль,кремовый / светлое дерево,стандарт,Нет,Нет,0.02,0.0005,Китай,Нидерланды
1751,5797,Искусственная ветка Wellington 77*45 см золотая,1190.0,/goods/iskusstvennaya-vetka-wellington-77-sm-zolotaya/,"Растения, Листья",XL (51-80 см),Пластик,золото,стандарт,Нет,Нет,0.09,0.0035,Китай,Италия
1752,5798,"Елочная игрушка Балерина Ариэте: Berceuse 14 см, подвеска",2230.0,/goods/elochnaya-igrushka-balerina-arijete-berceuse-14-sm-podveska/,Балет,S (7-14 см),Полистоун,серебро,премиум,Нет,Нет,0.04,0.0006,Китай,Нидерланды
1753,5802,"Набор стеклянных елочных игрушек Звезды 4.5 см золотой mix, 12 шт",460.0,/goods/nabor-steklyannyh-elochnyh-igrushek-zvezdy-45-sm-zolotoj-mix-12-sht-podveska/,Звездочки,XS (до 6 см),Стекло,золото,стандарт,Да,Нет,0.07,0.0006,Китай,Россия
1754,5804,"Стеклянная елочная игрушка - сосулька Елочка 11 см красная, подвеска",350.0,/goods/steklyannaya-elochnaya-igrushka---sosulka-elochka-11-sm-krasnaya-podveska/,Сосульки,S (7-14 см),Стекло,красный / бордовый,стандарт,Нет,Нет,0.04,0.0006,Россия,Россия
1755,5812,"Елочное украшение Бабочки-Мотыльки из Перышек 10 см, 6 шт, перламутровые на проволоке",420.0,/goods/elochnoe-ukrashenie-babochki-motylki-iz-peryshek-perlamutr-10-sm-6-sht/,"Бабочки, Жучки",S (7-14 см),Перья,кремовый / светлое дерево,стандарт,Да,Нет,0.07,0.0008,Китай,Нидерланды
1756,5820,"Новогодние прищепки Рождественские Пряники - Домики 6 см, 4 шт",200.0,/goods/novogodnie-prishhepki-rozhdestvenskie-pryaniki---domiki-6-sm-4-sht/,"Пряники, конфеты, сладости",XS (до 6 см),Дерево,шоколадный / коричневый,стандарт,Да,Нет,0.02,0.0003,Китай,Нидерланды
1757,5829,"Елочная игрушка Арктическая Бабочка Эстефани 11 см белая, подвеска",220.0,/goods/elochnaya-igrushka-arkticheskaya-babochka-jestefani-11-sm-belaya-podveska/,"Бабочки, Жучки",S (7-14 см),Пластик,белый,эконом,Нет,Нет,0.02,0.0002,Китай,Нидерланды
1758,5830,"Стеклянная елочная игрушка Сосулька - Зима 11 см, синяя, подвеска",710.0,/goods/steklyannaya-elochnaya-igrushka-sosulka---zima-11-sm-podveska/,Сосульки,S (7-14 см),Стекло,синий / голубой,стандарт,Нет,Нет,0.02,0.0003,Россия,Россия
1759,5840,Стеклянная елочная игрушка Гроздь сверкающих Шишек красная,140.0,/goods/steklyannaya-elochnaya-igrushka-grozd-sverkayushhih-shishek-krasnaya-podveska/,Шишки и желуди,XS (до 6 см),Стекло,красный / бордовый,стандарт,Нет,Нет,0.02,0.0002,Китай,Россия
1760,5843,"Набор декоративных украшений Бабочки Орвальдо 12 см, 3 шт, клипса",580.0,/goods/nabor-dekorativnyh-ukrashenij-babochki-orvaldo-12-sm-3-sht-klipsa/,"Бабочки, Жучки",S (7-14 см),Перья,кремовый / светлое дерево,стандарт,Да,Нет,0.01,0.0005,Китай,Нидерланды
1761,5857,Декоративная фигура Сова Франсис 15 см,750.0,/goods/dekorativnaya-figura-sova-fransis-15-sm/,Птицы,M (15-30 см),Искусственный мех,кремовый / светлое дерево,стандарт,Нет,Нет,0.02,0.0005,Китай,Нидерланды
1762,5860,Искусственная лиана Сверкающий Торонто 120 см,1480.0,/goods/girlyanda-sverkayushhij-toronto-120-sm/,"Растения, Листья",XXL (81 см и более),Текстиль,розовый,стандарт,Нет,Нет,0.07,0.0023,Китай,Нидерланды
1763,5861,"Елочная игрушка Сапожок Сильвердейл 11 см, подвеска",220.0,/goods/elochnaya-igrushka-sapozhok-silverdejl-11-sm-podveska/,Миниатюры,S (7-14 см),Текстиль,серый,эконом,Нет,Нет,0.02,0.0004,Россия,Россия
1764,5863,"Елочные игрушки Звезды 4.5 см персиковый mix, 12 шт, стекло",460.0,/goods/nabor-steklyannyh-elochnyh-igrushek-zvezdy-45-sm-persikovyj-mix-12-sht/,Звездочки,XS (до 6 см),Стекло,кремовый / светлое дерево,стандарт,Да,Нет,0.09,0.0006,Китай,Россия
1765,5866,"Елочная игрушка кисть Le Rouge Cabaret 28 см, подвеска",1190.0,/goods/elochnaya-igrushka-kist-le-rouge-cabaret-28-sm-podveska/,Изысканные подвески,M (15-30 см),Текстиль,красный / бордовый,премиум,Нет,Нет,0.22,0.0014,Индия,Нидерланды
1766,5868,Коллекционная кукла Мистер Лиандор - Easter Brunch 36 см,16190.0,/goods/kollekcionnaya-kukla-mister-liandor---easter-brunch-36-sm/,Животные,L (31-50 см),Текстиль,розовый,премиум,Нет,Нет,0.55,0.0079,Китай,США
1767,5870,"Елочная игрушка Птичка Терри 10 см, подвеска",630.0,/goods/elochnaya-igrushka-ptichka-terri-10-sm-podveska/,Птицы,S (7-14 см),Полистоун,желтый / оранжевый,стандарт,Нет,Нет,0.11,0.0004,Китай,Нидерланды
1768,5874,"Набор декоративных украшений Весенняя Верба 12 см, 2 шт, клипса",390.0,/goods/dekorativnoe-ukrashenie-vesennyaya-verba-12-sm-rozovaya-klipsa/,"Растения, Листья",S (7-14 см),Перья,розовый,стандарт,Да,Нет,0.02,0.0004,Китай,Нидерланды
1769,5875,"Елочная игрушка Балерина Падме - Perla Caprici Silve 17 см, подвеска",2120.0,/goods/elochnaya-igrushka-balerina-padme---perla-caprici-silve-17-sm-podveska/,Балет,M (15-30 см),Полистоун,кремовый / светлое дерево,премиум,Нет,Нет,0.02,0.0007,Китай,Бельгия
1770,5887,"Елочная игрушка Чаровница Эсмахан на Венецианском Балу 14 см, подвеска",2090.0,/goods/elochnaya-igrushka-charovnica-jesmahan-na-venecianskom-balu-14-sm-podveska/,Люди,S (7-14 см),Полистоун,разноцветные,премиум,Нет,Нет,0.09,0.0003,Китай,Бельгия
1771,5890,"Искусственная пуансеттия Флоренс 28 см, клипса",430.0,/goods/iskusstvennaya-puansettiya-florens-28-sm-klipsa/,Пуансеттии,M (15-30 см),Текстиль,розовый,стандарт,Нет,Нет,0.07,0.0015,Китай,Нидерланды
1772,5894,"Елочная игрушка Снежинка Сиф - Секреты Скандинавии 12 см, подвеска",610.0,/goods/elochnaya-igrushka-snezhinka-sif-sekrety-skandinavii-12-sm-podveska/,Снежинки,S (7-14 см),Акрил,золото,стандарт,Нет,Нет,0.06,0.0003,Китай,Россия
1773,5902,"Стеклянная елочная игрушка Енот Дарби 9 см, подвеска",890.0,/goods/steklyannaya-elochnaya-igrushka-enot-darbi-9-sm-podveska/,Животные,S (7-14 см),Стекло,красный / бордовый,стандарт,Нет,Нет,0.03,0.0005,Россия,Россия
1774,5905,"Набор елочных игрушек Птички в шапках-ушанках 7 см, 2 шт, подвеска",580.0,/goods/nabor-elochnyh-igrushek-ptichki-v-shapkah-ushankah-7-sm-2-sht-podveska/,Птицы,S (7-14 см),Керамика / Фарфор,шоколадный / коричневый,стандарт,Да,Нет,0.15,0.0009,Китай,Нидерланды
1775,5912,Стеклянная елочная игрушка Гроздь сверкающих Шишек оливковый бархат,140.0,/goods/steklyannaya-elochnaya-igrushka-grozd-sverkayushhih-shishek-olivkovyj-barhat-podveska/,Шишки и желуди,XS (до 6 см),Стекло,зеленый,стандарт,Нет,Нет,0.01,0.0002,Китай,Россия
1776,5914,"Елочная игрушка Сова - Лорд Грей в цилиндре 10 см, подвеска",1100.0,/goods/elochnaya-igrushka-sova---lord-grej-v-cilindre-10-sm-podveska/,Птицы,S (7-14 см),Полистоун,золото,премиум,Нет,Нет,0.1,0.0003,Китай,Нидерланды
1777,5917,"Елочная игрушка Siciliano Dama - Сеньорита Федерика 10 см розовая, подвеска",1920.0,/goods/elochnaya-igrushka-siciliano-dama---senorita-federika-10-sm-rozovaya-podveska/,Люди,S (7-14 см),Полистоун,розовый,премиум,Нет,Нет,0.15,0.0005,Китай,Италия
1778,5918,"Новогодние прищепки Пряничные Ангелочки 5 см, 6 шт",320.0,/goods/novogodnie-prishhepki-pryanichnye-angelochki-5-sm-6-sht/,"Пряники, конфеты, сладости",XS (до 6 см),Дерево,шоколадный / коричневый,стандарт,Да,Нет,0.06,0.0001,Китай,Германия
1779,5920,"Декоративная ветка Сверкающий лист Филодендрона 78 см, шампань",440.0,/goods/dekorativnaya-vetka-sverkayushhij-list-filodendrona-78-sm-shampan/,"Растения, Листья",XL (51-80 см),Пластик,золото,стандарт,Нет,Нет,0.04,0.0019,Китай,Нидерланды
1780,5923,"Декоративная фигура Павлин Ферранте 37 см, рубиновая, клипса",440.0,/goods/dekorativnaya-figura-pavlin-ferrante-37-sm-rubinovaya-klipsa/,Птицы,L (31-50 см),Текстиль,розовый,стандарт,Нет,Нет,0.02,0.0015,Китай,Италия
1781,5925,"Елочная игрушка Снежинка Grandavio 10 см золотая, подвеска",790.0,/goods/elochnaya-igrushka-snezhinka-grandavio-10-sm-zolotaya-podveska/,Снежинки,S (7-14 см),Акрил,золото,стандарт,Нет,Нет,0.02,0.0001,Китай,Нидерланды
1782,5932,"Елочная игрушка Колибри Shiny Amber 10 см, подвеска",610.0,/goods/elochnaya-igrushka-kolibri-shiny-amber-10-sm-podveska/,Птицы,S (7-14 см),Пластик,желтый / оранжевый,стандарт,Нет,Нет,0.04,0.0007,Китай,Нидерланды
1783,5939,Декоративная ветка Искристое Золото 78 см,430.0,/goods/dekorativnaya-vetka-iskristoe-serebro-78-sm/,"Растения, Листья",XL (51-80 см),Пластик,золото,стандарт,Нет,Нет,0.07,0.0053,Китай,Нидерланды
1784,5941,"Елочная игрушка Коляска - Ледяные кружева 10 см, подвеска",550.0,/goods/elochnaya-igrushka-kolyaska-ledyanye-kruzheva-10-sm-podveska/,Миниатюры,S (7-14 см),Акрил,прозрачный,стандарт,Нет,Нет,0.07,0.0002,Китай,Россия
1785,5943,"Набор елочных игрушек Сосульки 15 см голубая карамель, 6 шт",740.0,/goods/nabor-elochnyh-igrushek-sosulki-15-sm-golubaya-karamel-6-sht/,Сосульки,M (15-30 см),Стекло,синий / голубой,стандарт,Да,Нет,0.09,0.0016,Китай,Нидерланды
1786,5946,Стеклянная елочная игрушка Гроздь сверкающих Шишек молочная,140.0,/goods/steklyannaya-elochnaya-igrushka-grozd-sverkayushhih-shishek-molochnaya-podveska/,Шишки и желуди,XS (до 6 см),Стекло,белый,стандарт,Нет,Нет,0.02,0.0001,Китай,Россия
1787,5947,Коллекционная кукла Миссис Флорайн - Easter Brunch 33 см,18550.0,/goods/kollekcionnaya-kukla-missis-florajn---easter-brunch-33-sm/,Животные,L (31-50 см),Текстиль,зеленый,премиум,Нет,Нет,0.66,0.0077,Китай,США
1788,5951,"Елочная игрушка Кавалерист Ланзо из Тирольского Графства 20 см, подвеска",2000.0,/goods/elochnaya-igrushka-kavalerist-lanzo-iz-tirolskogo-grafstva-20-sm-podveska/,Люди,M (15-30 см),Полистоун,синий / голубой,премиум,Нет,Нет,0.09,0.0019,Таиланд,Нидерланды
1789,5956,"Набор елочных игрушек из фетра Шарики Nancy 13 см, 2 шт, подвеска",980.0,/goods/nabor-elochnyh-igrushek-iz-fetra-shariki-nancy-13-sm-2-sht-podveska/,Текстильные игрушки,S (7-14 см),Текстиль,красный / бордовый,стандарт,Да,Нет,0.11,0.0007,Китай,Нидерланды
1790,5960,"Елочная игрушка Шишка Alto - Малиновая Фуксия 8 см, 6 шт, пластик",480.0,/goods/elochnaya-igrushka-shishka-alto---malinovaya-fuksiya-8-sm-6-sht-plastik-podveska/,Шишки и желуди,S (7-14 см),Пластик,розовый,эконом,Да,Нет,0.09,0.0014,Китай,Нидерланды
1791,5961,"Елочная игрушка Fabulous Forest - Зайчик Степа 10 см, подвеска",680.0,/goods/elochnaya-igrushka-fabulous-forest---zajchik-stepa-10-sm-podveska/,Животные,S (7-14 см),Полистоун,кремовый / светлое дерево,стандарт,Нет,Нет,0.11,0.0004,Индия,Нидерланды
1792,5963,"Елочная игрушка Бабочка Фонтенбло 12 см белая, клипса",800.0,/goods/elochnaya-igrushka-babochka-fontenblo-12-sm-belaya-klipsa/,"Бабочки, Жучки",S (7-14 см),Текстиль,белый,премиум,Нет,Нет,0.01,0.0002,Таиланд,Нидерланды
1793,5969,"Пуансеттия White Velvet 26 см, клипса",350.0,/goods/puansettiya-white-velvet-26-sm-klipsa/,Пуансеттии,M (15-30 см),Текстиль,белый,стандарт,Нет,Нет,0.06,0.0032,Китай,Нидерланды
1794,5971,"Елочная игрушка Балерина Королевского театра 18 см, подвеска",530.0,/goods/elochnaya-igrushka-balerina-korolevskogo-teatra-18-sm-podveska/,Балет,M (15-30 см),Акрил,розовый,стандарт,Нет,Нет,0.06,0.0017,Китай,Россия
1795,5972,Гирлянда Боа из перьев 184 см желтый,620.0,/goods/girlyanda-boa-iz-perev-184-sm-zheltyj/,Текстильные игрушки,XXL (81 см и более),Перья,желтый / оранжевый,стандарт,Нет,Нет,0.04,0.0032,Китай,Нидерланды
1796,5975,"Стеклянная елочная игрушка Кружевница 13 см синяя, подвеска",590.0,/goods/steklyannaya-elochnaya-igrushka-kruzhevnica-11-sm-golubaya-podveska/,Сосульки,S (7-14 см),Стекло,синий / голубой,стандарт,Нет,Нет,0.02,0.0006,Россия,Россия
1797,5978,"Набор елочных игрушек Звезды 8 см перламутровый, 6 шт, подвеска",350.0,/goods/nabor-elochnyh-igrushek-zvezdy-8-sm-perlamutrovyj-6-sht-podveska/,Звездочки,S (7-14 см),Пластик,кремовый / светлое дерево,стандарт,Да,Нет,0.11,0.0006,Китай,Россия
1798,5981,"Елочная игрушка Сова Арнолиа - Гостья из белоснежной пурги 10 см, подвеска",410.0,/goods/elochnaya-igrushka-sova-arnolia---gostya-iz-belosnezhnoj-purgi-10-sm-podveska/,Птицы,S (7-14 см),Полистоун,белый,стандарт,Нет,Нет,0.18,0.002,Китай,Нидерланды
1799,5982,"Набор декоративных украшений Бабочки Эрмерун 12 см, 3 шт, клипса",580.0,/goods/nabor-dekorativnyh-ukrashenij-babochki-jermerun-12-sm-3-sht-klipsa/,"Бабочки, Жучки",S (7-14 см),Перья,белый,стандарт,Да,Нет,0.01,0.0005,Китай,Нидерланды
1800,5986,"Искусственная пуансеттия Danielius 12 см, 3 шт, белая, клипса",290.0,/goods/iskusstvennaya-puansettiya-danielius-12-sm-belaya-klipsa/,Пуансеттии,S (7-14 см),Пластик,белый,стандарт,Да,Нет,0.04,0.0014,Китай,Нидерланды
1801,5987,"Елочная игрушка Балерина Бритни - Rose Paradise 19 см, подвеска",1880.0,/goods/elochnaya-igrushka-balerina-britni---rose-paradise-19-sm-podveska/,Балет,M (15-30 см),Полистоун,розовый,премиум,Нет,Нет,0.04,0.0003,Китай,Бельгия
1802,5991,"Набор стеклянных елочных игрушек Звезды 4.5 см белый mix, 12 шт",460.0,/goods/nabor-steklyannyh-elochnyh-igrushek-zvezdy-45-sm-belyj-mix-12-sht-podveska/,Звездочки,XS (до 6 см),Стекло,белый,стандарт,Да,Нет,0.07,0.0006,Китай,Россия
1803,5992,"Набор елочных игрушек Сосульки Маячок 13 см голубые, 4 шт, стекло, подвеска",1100.0,/goods/nabor-elochnyh-igrushek-sosulki-mayachok-13-sm-golubye-4-sht-steklo-podveska/,Сосульки,S (7-14 см),Стекло,синий / голубой,стандарт,Да,Нет,0.04,0.0019,Россия,Россия
1804,5996,"Стеклянная елочная игрушка Императорский пингвин 9 см, подвеска",2920.0,/goods/steklyannaya-elochnaya-igrushka-imperatorskij-pingvin-9-sm-podveska/,Птицы,S (7-14 см),Стекло,черный,премиум,Нет,Нет,0.02,0.0003,Германия,Германия
1805,5999,"Елочная игрушка Балерина Лили - Танец Лауренсии 16 см, подвеска",1930.0,/goods/elochnaya-igrushka-balerina-lili---tanec-laurensii-16-sm-podveska/,Балет,M (15-30 см),Полистоун,кремовый / светлое дерево,премиум,Нет,Нет,0.03,0.0004,Китай,Бельгия
1806,6000,Деревянная елочная игрушка Новогодние Часы - Сказочная история,200.0,/goods/derevyannaya-elochnaya-igrushka-novogodnie-chasy---skazochnaya-istoriya-10-sm/,Миниатюры,S (7-14 см),Дерево,красный / бордовый,стандарт,Нет,Нет,0.03,0.0001,Россия,Россия
1807,6001,Деревянная елочная игрушка Барабан гвардейца - Сказочная история,200.0,/goods/derevyannaya-elochnaya-igrushka-baraban-gvardejca---skazochnaya-istoriya-10-sm/,Миниатюры,S (7-14 см),Дерево,красный / бордовый,стандарт,Нет,Нет,0.03,0.0001,Россия,Россия
1808,6014,"Пуансеттия Рубиновый Бархат 22 см, клипса",230.0,/goods/puansettiya-rubinovyj-barhat-22-sm-klipsa/,Пуансеттии,M (15-30 см),Текстиль,красный / бордовый,стандарт,Нет,Нет,0.04,0.0008,Китай,Италия
1809,6016,"Набор елочных игрушек Эльфы Аэлиан и Тианна - Valley of Dreams 8 см, 2 шт",3200.0,/goods/nabor-elochnyh-igrushek-jelfy-ajelian-i-tianna---valley-of-dreams-8-sm-2-sht/,Гномы и Эльфы,S (7-14 см),Полистоун,золото,премиум,Да,Нет,0.08,0.0006,Китай,Бельгия
1810,6018,Деревянная елочная игрушка Юла - Краски детства,200.0,/goods/derevyannaya-elochnaya-igrushka-yula---kraski-detstva-10-sm/,Миниатюры,S (7-14 см),Дерево,разноцветные,эконом,Нет,Нет,0.03,0.0001,Россия,Россия
1811,6019,Деревянная елочная игрушка Пирамидка - Краски детства,200.0,/goods/derevyannaya-elochnaya-igrushka-piramidka---kraski-detstva-10-sm/,Миниатюры,S (7-14 см),Дерево,разноцветные,эконом,Нет,Нет,0.03,0.0001,Россия,Россия
1812,6022,Елочная игрушка Снежная Сосулька 26 см,120.0,/goods/elochnaya-igrushka-snezhnaya-sosulka-26-sm/,Сосульки,M (15-30 см),Пенополистирол,белый,эконом,Нет,Нет,0.02,0.0003,Китай,Нидерланды
1813,6024,Стеклянная елочная игрушка гроздь Еловых Шишек 14 см белая,230.0,/goods/steklyannaya-elochnaya-igrushka-grozd-elovyh-shishek-belaya-podveska/,Шишки и желуди,S (7-14 см),Стекло,белый,стандарт,Нет,Нет,0.02,0.0002,Китай,Нидерланды
1814,6025,"Стеклянная елочная игрушка Олень Шатриан - Lost Paradise 14 см, подвеска",2290.0,/goods/steklyannaya-elochnaya-igrushka-olen-shatrian-lost-paradise-14-sm-podveska/,Животные,S (7-14 см),Стекло,кремовый / светлое дерево,премиум,Нет,Нет,0.07,0.0015,Китай,Бельгия
1815,6031,"Искусственная пуансеттия Брандмари 14 см, клипса",160.0,/goods/iskusstvennaya-puansettiya-brandmari-14-sm-klipsa/,Пуансеттии,S (7-14 см),Пластик,красный / бордовый,стандарт,Нет,Нет,0.06,0.0009,Китай,Нидерланды
1816,6032,Гирлянда Кленовая Роскошь 110 см красная,1460.0,/goods/girlyanda-klenovaya-roskosh-110-sm-krasnaya/,"Растения, Листья",XXL (81 см и более),Текстиль,красный / бордовый,стандарт,Нет,Нет,0.11,0.0033,Китай,Нидерланды
1817,6033,"Набор елочных игрушек Эльфы Лианор и Лунария - Fairytale Orchestra 10 см, 2 шт",2960.0,/goods/nabor-elochnyh-igrushek-jelfy-lianor-i-lunariya---fairytale-orchestra-10-sm-2-sht/,Гномы и Эльфы,S (7-14 см),Полистоун,красный / бордовый,премиум,Да,Нет,0.12,0.0009,Китай,Бельгия
1818,6041,"Елочная игрушка Белочка Сьюзи на сиреневом грибочке 12 см, подвеска",730.0,/goods/elochnaya-igrushka-belochka-syuzi-na-sirenevom-gribochke-12-sm-podveska/,Животные,S (7-14 см),Полистоун,шоколадный / коричневый,стандарт,Нет,Нет,0.18,0.0008,Китай,Нидерланды
1819,6044,"Набор елочных игрушек Бабочка Элоиса 23 см, 3 шт, на клипсе",4240.0,/goods/nabor-elochnyh-igrushek-babochka-jeloisa-3-sht-na-klipse/,"Бабочки, Жучки",M (15-30 см),Текстиль,шоколадный / коричневый,премиум,Да,Нет,0.11,0.0042,Китай,США
1820,6049,Деревянная елочная игрушка Свеча - Сказочная история,430.0,/goods/derevyannaya-elochnaya-igrushka-svecha---skazochnaya-istoriya-15-sm/,Деревянные игрушки,M (15-30 см),Дерево,красный / бордовый,стандарт,Нет,Нет,0.02,0.0001,Россия,Россия
1821,6051,"Набор стеклянных елочных игрушек Звезды 4.5 см красный mix, 12 шт",460.0,/goods/nabor-steklyannyh-elochnyh-igrushek-zvezdy-45-sm-krasnyj-mix-12-sht-podveska/,Звездочки,XS (до 6 см),Стекло,красный / бордовый,стандарт,Да,Нет,0.07,0.0006,Китай,Россия
1822,6056,"Елочная игрушка Шишка Alto - Розовый Бархат 8 см, 6 шт, пластик",580.0,/goods/plastikovaya-elochnaya-igrushka-shishka-elovaya-8-sm-rozovyj-barhat-6-sht-podveska/,Шишки и желуди,S (7-14 см),Пластик,розовый,эконом,Да,Нет,0.09,0.0015,Китай,Нидерланды
1823,6057,"Елочная игрушка Белочка Сьюзи с грибочком и бабочкой 12 см, подвеска",730.0,/goods/elochnaya-igrushka-belochka-syuzi-s-gribochkom-i-babochkoj-12-sm-podveska/,Животные,S (7-14 см),Полистоун,шоколадный / коричневый,стандарт,Нет,Нет,0.18,0.0008,Китай,Нидерланды
1824,6061,"Елочное украшение Танцовщица Лайза Бернар - Кабаре Chat Noir 14 см, подвеска",4390.0,/goods/elochnoe-ukrashenie-tancovshhica-lajza-bernar-kabare-chat-noir-14-sm-podveska/,Люди,S (7-14 см),Полистоун,розовый,премиум,Нет,Нет,0.11,0.0011,Китай,Бельгия
1825,6063,Декоративная ветка с перьями Gerdiway 80 см фуксия,790.0,/goods/dekorativnaya-vetka-s-peryami-gerdiway-80-sm-bordovaya/,"Растения, Листья",XL (51-80 см),Пластик,красный / бордовый,стандарт,Нет,Нет,0.07,0.0012,Китай,Нидерланды
1826,6079,"Елочная игрушка Балерина Иветт - Spettacolo Burlesque, подвеска",970.0,/goods/elochnaya-igrushka-balerina-ivett---spettacolo-burlesque-podveska/,Балет,S (7-14 см),Пластик,красный / бордовый,премиум,Нет,Нет,0.03,0.001,Китай,Нидерланды
1827,6085,"Елочная игрушка Precioso de Nieve 10 см серебряная, подвеска",680.0,/goods/elochnaya-igrushka-precioso-de-nieve-10-sm-serebryanaya-podveska/,Снежинки,S (7-14 см),Акрил,серебро,стандарт,Нет,Нет,0.02,0.0005,Китай,Нидерланды
1828,6094,"Пуансеттия Коралловый Розамунд 28 см, клипса",290.0,/goods/puansettiya-korallovyj-rozamund-28-sm-klipsa/,Пуансеттии,M (15-30 см),Текстиль,розовый,стандарт,Нет,Нет,0.04,0.0015,Китай,Италия
1829,6096,"Елочная игрушка Балерина Франческа - Marble Maiden 14 см, подвеска",1510.0,/goods/elochnaya-igrushka-balerina-francheska---marble-maiden-14-sm-podveska/,Балет,S (7-14 см),Полистоун,белый,премиум,Нет,Нет,0.03,0.0004,Китай,Нидерланды
1830,6097,"Елочная игрушка Кисть Тьерри Шампань 30 см, подвеска",1080.0,/goods/elochnaya-igrushka-kist-terri-shampan-30-sm-podveska/,Изысканные подвески,M (15-30 см),Текстиль,кремовый / светлое дерево,стандарт,Нет,Нет,0.13,0.0006,Китай,Нидерланды
1831,6101,Коллекционная кукла Миссис Лиандор - Easter Brunch 36 см,16190.0,/goods/kollekcionnaya-kukla-missis-liandor---easter-brunch-36-sm/,Животные,L (31-50 см),Текстиль,розовый,премиум,Нет,Нет,0.55,0.0079,Китай,США
1832,6104,"Елочная игрушка Бабочка Фонтенбло 12 см дымчатая, клипса",800.0,/goods/elochnaya-igrushka-babochka-fontenblo-12-sm-dymchataya-klipsa/,"Бабочки, Жучки",S (7-14 см),Текстиль,серый,премиум,Нет,Нет,0.01,0.0002,Таиланд,Нидерланды
1833,6106,"Стеклянная елочная игрушка Леди Маргарет с веером 15 см, подвеска",1150.0,/goods/steklyannaya-elochnaya-igrushka-ledi-margaret-s-veerom-15-sm-podveska/,Люди,M (15-30 см),Стекло,кремовый / светлое дерево,стандарт,Нет,Нет,0.06,0.001,Китай,Нидерланды
1834,6107,"Пуансеттия Марсельская Вьюга 22 см, клипса",230.0,/goods/puansettiya-marselskaya-vyuga-22-sm-klipsa/,Пуансеттии,M (15-30 см),Текстиль,серебро,стандарт,Нет,Нет,0.02,0.0003,Китай,Италия
1835,6109,"Елочная игрушка Балерина Анна-Мари - танцовщица из Ливерпуля 11 см, подвеска",540.0,/goods/elochnaya-igrushka-balerina-anna-mari-tancovshhica-iz-liverpulya-11-sm-podveska/,Балет,S (7-14 см),Полистоун,белый,стандарт,Нет,Нет,0.02,0.0002,Китай,Нидерланды
1836,6112,"Елочная игрушка Кисть Тьерри Миндаль 30 см, подвеска",1080.0,/goods/elochnaya-igrushka-kist-terri-mindal-30-sm-podveska/,Изысканные подвески,M (15-30 см),Текстиль,шоколадный / коричневый,стандарт,Нет,Нет,0.13,0.0006,Китай,Нидерланды
1837,6113,"Набор елочных игрушек Сосульки 15 см золотая охра, 6 шт, стекло",740.0,/goods/nabor-elochnyh-igrushek-sosulki-15-sm-zolotaya-ohra-6-sht-steklo/,Сосульки,M (15-30 см),Стекло,желтый / оранжевый,стандарт,Да,Нет,0.07,0.0023,Китай,Нидерланды
1838,6115,"Винтажная елочная игрушка Желудь Lorette Rouge 12 см, стекло, подвеска",790.0,/goods/vintazhnaya-elochnaya-igrushka-zhelud-lorette-rouge-12-sm-steklo-podveska/,Шишки и желуди,S (7-14 см),Стекло,красный / бордовый,премиум,Нет,Нет,0.09,0.0003,Индия,Нидерланды
1839,6116,Коллекционная кукла Мистер Флорайн - Easter Brunch 33 см,18550.0,/goods/kollekcionnaya-kukla-mister-florajn---easter-brunch-33-sm/,Животные,L (31-50 см),Текстиль,бирюзовый,премиум,Нет,Нет,0.66,0.0077,Китай,США
1840,6121,"Елочная игрушка Маленькая Леди Мирель в ярко-розовом платье 13 см, подвеска",3310.0,/goods/elochnaya-igrushka-malenkaya-ledi-mirel-v-yarko-rozovom-plate-13-sm-podveska/,Люди,S (7-14 см),Полистоун,розовый,премиум,Нет,Нет,0.06,0.0009,Филиппины,Бельгия
1841,6122,"Пуансеттия Реджина Россо 25 см, клипса",300.0,/goods/puansettiya-redzhina-rosso-25-sm-klipsa/,Пуансеттии,M (15-30 см),Текстиль,розовый,стандарт,Нет,Нет,0.01,0.0003,Китай,Италия
1842,6123,"Елочная игрушка Балерина Стефи - Danse des Flocons 19 см, подвеска",1930.0,/goods/elochnaya-igrushka-balerina-stefi---danse-des-flocons-19-sm-podveska/,Балет,M (15-30 см),Полистоун,белый,премиум,Нет,Нет,0.06,0.0013,Китай,Бельгия
1843,6136,"Стеклянная елочная игрушка Леди Маргарет с зонтиком 15 см, подвеска",1150.0,/goods/steklyannaya-elochnaya-igrushka-ledi-margaret-s-zontikom-15-sm-podveska/,Люди,M (15-30 см),Стекло,розовый,стандарт,Нет,Нет,0.06,0.001,Китай,Нидерланды
1844,6137,"Пуансеттия Сверкающая 14 см шампань, клипса",160.0,/goods/puansettiya-sverkayushhaya-14-sm-shampan-klipsa/,Пуансеттии,S (7-14 см),Пластик,золото,стандарт,Нет,Нет,0.02,0.0012,Китай,Нидерланды
1845,6139,"Елочная игрушка Балерина Металина - Perla Caprici Silve 17 см, подвеска",2120.0,/goods/elochnaya-igrushka-balerina-metalina---perla-caprici-silve-17-sm-podveska/,Балет,M (15-30 см),Полистоун,кремовый / светлое дерево,премиум,Нет,Нет,0.02,0.0007,Китай,Бельгия
1846,6141,Гирлянда Боа из перьев Элион 184 см,1120.0,/goods/girlyanda-boa-iz-perev-jelion-184-sm/,Текстильные игрушки,XXL (81 см и более),Перья,розовый,стандарт,Нет,Нет,0.07,0.0029,Китай,Нидерланды
1847,6148,"Светодиодная гирлянда на батарейках Розовые Бабочки 1.1 м, 12 теплых белых LED ламп, серебряная проволока, IP20",490.0,/goods/svetodiodnaya-girlyanda-na-batarejkah-rozovye-babochki-11-m-12-teplyh-belyh-led-lamp-serebryanaya-provoloka-ip20/,"Бабочки, Жучки",XS (до 6 см),Металл,розовый,стандарт,Нет,Да,0.02,0.0001,Китай,Швеция
1848,6151,"Елочная игрушка Модница Диана - Шоппинг в Лондоне 15 см, подвеска",2440.0,/goods/elochnaya-igrushka-modnica-diana---shopping-v-londone-15-sm-podveska/,Люди,M (15-30 см),Полистоун,розовый,премиум,Нет,Нет,0.04,0.0004,Китай,Нидерланды
1849,6153,Декоративная ветка Belle de Rose 88 см,1390.0,/goods/dekorativnaya-vetka-belle-de-rose-88-sm/,"Растения, Листья",XXL (81 см и более),Текстиль,розовый,премиум,Нет,Нет,0.07,0.0043,Китай,Нидерланды
1850,6160,"Набор шишек для декора Дары Золотого Леса, 6 шт",140.0,/goods/nabor-shishek-dlya-dekora-dary-zolotogo-lesa-6-sht/,Шишки и желуди,XS (до 6 см),Натуральные материалы,шоколадный / коричневый,стандарт,Да,Нет,0.07,0.0006,Китай,Россия
1851,6163,"Светодиодная гирлянда на батарейках Стрекозы 1.35 м, 10 теплых белых ламп, прозрачный ПВХ, IP20",850.0,/goods/svetodiodnaya-girlyanda-strekozy-135-m-10-teplyh-belyh-lamp-prozrachnyj-pvh-ip20/,"Бабочки, Жучки",S (7-14 см),Пластик,разноцветные,стандарт,Нет,Да,0.15,0.0201,Китай,Швеция
1852,6167,Декоративная ветка Севилья 72 см темное золото,850.0,/goods/dekorativnaya-vetka-sevilya-72-sm-temnoe-zoloto/,"Растения, Листья",XL (51-80 см),Пластик,золото,стандарт,Нет,Нет,0.04,0.0027,Китай,Нидерланды
1853,6182,"Елочная игрушка Балерина Кармен 13 см, подвеска",1730.0,/goods/elochnaya-igrushka-tancuyushhaya-devushka-v-krasnom-naryade-1-13-sm-podveska/,Балет,S (7-14 см),Полистоун,красный / бордовый,премиум,Нет,Нет,0.07,0.0002,Китай,Бельгия
1854,6187,"Елочная игрушка Шишка Alto - Перламутровая 8 см, 6 шт, пластик, подвеска",480.0,/goods/plastikovaya-elochnaya-igrushka-shishka-elovaya-8-sm-perlamutrovaya-6-sht-podveska/,Шишки и желуди,S (7-14 см),Пластик,кремовый / светлое дерево,стандарт,Да,Нет,0.09,0.0015,Китай,Россия
1855,6192,"Искусственная пуансеттия Delizia Rosa 29 см, клипса",790.0,/goods/iskusstvennaya-puansettiya-delizia-rosa-29-sm-klipsa/,Пуансеттии,M (15-30 см),Текстиль,розовый,премиум,Нет,Нет,0.06,0.0008,Китай,Бельгия
1856,6193,Декоративная ветка Lauro Duarte 98 см розовая,730.0,/goods/dekorativnaya-vetka-lauro-duarte-98-sm-rozovaya/,"Растения, Листья",XXL (81 см и более),Пластик,розовый,стандарт,Нет,Нет,0.07,0.0021,Китай,Нидерланды
1857,6194,"Елочная игрушка Балерина Санти - Dance of Juliard 11 см, подвеска",830.0,/goods/elochnaya-igrushka-balerina-santi---dance-of-juliard-11-sm-podveska/,Балет,S (7-14 см),Полистоун,золото,премиум,Нет,Нет,0.03,0.0002,Китай,Бельгия
1858,6195,Декоративная гирлянда Pastel Boho 120 см,660.0,/goods/dekorativnaya-girlyanda-pastel-boho-120-sm/,Текстильные игрушки,XXL (81 см и более),Текстиль,серый,стандарт,Нет,Нет,0.11,0.0012,Китай,Нидерланды
1859,6200,Елочная игрушка Шишка 13 см золотая,420.0,/goods/elochnoe-ukrashenie-shishka-13-sm-zoloto-podveska/,Шишки и желуди,S (7-14 см),Акрил,золото,стандарт,Нет,Нет,0.07,0.0011,Китай,Россия
1860,6202,"Стеклянная елочная игрушка Лебедушка из Бискайи 10 см кремовая, подвеска",1930.0,/goods/steklyannaya-elochnaya-igrushka-lebedushka-iz-biskaji-10-sm-kremovaya-podveska/,Птицы,S (7-14 см),Стекло,кремовый / светлое дерево,премиум,Нет,Нет,0.03,0.0004,Китай,Бельгия
1861,6205,"Елочная игрушка Siciliano Dama - Сеньорита Федерика 10 см зеленая, подвеска",1920.0,/goods/elochnaya-igrushka-siciliano-dama---senorita-federika-10-sm-zelenaya-podveska/,Люди,S (7-14 см),Полистоун,зеленый,премиум,Нет,Нет,0.15,0.0005,Китай,Италия
1862,6208,"Елочная игрушка Балерина Диллия: Quelle surprise 17 см, подвеска",1830.0,/goods/elochnaya-igrushka-balerina-dilliya-quelle-surprise-17-sm-podveska/,Балет,M (15-30 см),Полистоун,розовый,премиум,Нет,Нет,0.02,0.0007,Китай,Нидерланды
1863,6213,"Набор шишек для декора Дары Снежного Леса, 6 шт",140.0,/goods/nabor-shishek-dlya-dekora-dary-snezhnogo-lesa-6-sht/,Шишки и желуди,XS (до 6 см),Натуральные материалы,шоколадный / коричневый,стандарт,Да,Нет,0.07,0.0006,Китай,Россия
1864,6215,Стеклянная елочная игрушка Собачка - Кавалер Кинг Чарльз 14 см,1940.0,/goods/steklyannaya-elochnaya-igrushka-sobachka---kavaler-king-charlz-14-sm/,Животные,S (7-14 см),Стекло,шоколадный / коричневый,премиум,Нет,Нет,0.04,0.001,Китай,Бельгия
1865,6220,"Елочное украшение Танцовщица Иветта Дюпон - Кабаре Chat Noir 14 см, подвеска",4390.0,/goods/elochnoe-ukrashenie-tancovshhica-ivetta-dyupon-kabare-chat-noir-14-sm-podveska/,Люди,S (7-14 см),Полистоун,красный / бордовый,премиум,Нет,Нет,0.11,0.0011,Китай,Бельгия
1866,6221,"Пуансеттия Bienne Rose 28 см, клипса",490.0,/goods/puansettiya-bienne-rose-28-sm-klipsa/,Пуансеттии,M (15-30 см),Текстиль,розовый,стандарт,Нет,Нет,0.02,0.0015,Китай,Нидерланды
1867,6223,"Елочная игрушка Балерина Амина Кея - Opera de Vienne 19 см, подвеска",1930.0,/goods/elochnaya-igrushka-balerina-amina-keya---opera-de-vienne-19-sm-podveska/,Балет,M (15-30 см),Полистоун,кремовый / светлое дерево,премиум,Нет,Нет,0.06,0.0005,Китай,Бельгия
1868,6231,Стеклянная елочная игрушка Собака Йорк 8 см,1580.0,/goods/steklyannaya-elochnaya-igrushka-sobaka-jork-8-sm/,Животные,S (7-14 см),Стекло,кремовый / светлое дерево,премиум,Нет,Нет,0.02,0.0001,Германия,Германия
1869,6237,"Елочная игрушка Кавалерист Штефан из Тирольского Графства 20 см, подвеска",2000.0,/goods/elochnaya-igrushka-kavalerist-shtefan-iz-tirolskogo-grafstva-20-sm-podveska/,Люди,M (15-30 см),Полистоун,разноцветные,премиум,Нет,Нет,0.09,0.0019,Таиланд,Нидерланды
1870,6239,"Декоративный лист Сияющий Мантерис 33 см, золотой",360.0,/goods/dekorativnyj-list-siyayushhij-manteris-33-sm-zolotoj/,"Растения, Листья",L (31-50 см),Пластик,золото,стандарт,Нет,Нет,0.02,0.001,Китай,Нидерланды
1871,6241,Гирлянда Боа из перьев Мэрикруз 184 см красная,1120.0,/goods/girlyanda-boa-iz-perev-mjerikruz-184-sm-krasnaya/,Текстильные игрушки,XXL (81 см и более),Перья,красный / бордовый,стандарт,Нет,Нет,0.11,0.004,Китай,Нидерланды
1872,6247,Елочная игрушка Шишка с Хрустальной ветви 8 см серебряная,830.0,/goods/akrilovaya-elochnaya-igrushka-shishka-s-hrustalnoj-vetvi-8-sm-serebryanaya-podveska/,Шишки и желуди,S (7-14 см),Акрил,серебро,премиум,Нет,Нет,0.06,0.0002,Китай,Нидерланды
1873,6252,"Елочная игрушка Лягушонок Рональд 11 см, подвеска",1820.0,/goods/elochnaya-igrushka-lyagushonok-ronald-11-sm-podveska/,Морские обитатели,S (7-14 см),Полистоун,зеленый,премиум,Нет,Нет,0.11,0.0004,Китай,Нидерланды
1874,6256,Пуансеттия на стебле Гигантская 64*74 см золотая,1440.0,/goods/puansettiya-na-steble-gigantskaya-64x74-sm-zolotaya/,Пуансеттии,XL (51-80 см),Текстиль,желтый / оранжевый,стандарт,Нет,Нет,0.19,0.0351,Китай,Нидерланды
1875,6259,"Набор деревянных елочных игрушек Снежинки Монфальконе 6 см, 24 шт, подвеска",1980.0,/goods/nabor-derevyannyh-elochnyh-igrushek-snezhinki-monfalkone-6-sm-24-sht-podveska/,Снежинки,XS (до 6 см),Дерево,белый,стандарт,Да,Нет,0.11,0.0006,Китай,Германия
1876,6268,"Именная елочная игрушка Золотой венок с голубками 8 см, подвеска",1570.0,/goods/imennaya-elochnaya-igrushka-zolotoj-venok-s-golubkami-8-sm-podveska/,Птицы,S (7-14 см),Полистоун,кремовый / светлое дерево,стандарт,Нет,Нет,0.09,0.0004,Китай,Нидерланды
1877,6270,"Искусственный цветок Jaralla 27 см терракотовый, клипса",480.0,/goods/iskusstvennyj-cvetok-jaralla-27-sm-terrakotovyj-klipsa/,Пуансеттии,M (15-30 см),Текстиль,розовый,стандарт,Нет,Нет,0.07,0.0015,Китай,Нидерланды
1878,6273,"Елочная игрушка Филин Кристиан 7 см, подвеска",290.0,/goods/elochnaya-igrushka-filin-7-sm-podveska/,Птицы,XS (до 6 см),Искусственный мех,серый,стандарт,Нет,Нет,0.02,0.0006,Китай,Нидерланды
1879,6281,"Елочная игрушка Мишка Белоснежный Огюст Луи 11 см, подвеска",1830.0,/goods/elochnaya-igrushka-mishka-belosnezhnyj-ogyust-lui-11-sm-podveska/,Животные,S (7-14 см),Искусственный мех,белый,премиум,Нет,Нет,0.02,0.0004,Китай,Нидерланды
1880,6283,"Елочная игрушка Siciliano Dama - Сеньорита Алессия 10 см розовая, подвеска",1920.0,/goods/elochnaya-igrushka-siciliano-dama---senorita-alessiya-10-sm-rozovaya-podveska/,Люди,S (7-14 см),Полистоун,розовый,премиум,Нет,Нет,0.15,0.0005,Китай,Италия
1881,6284,"Искусственная пуансеттия Остилия 16 см светло-оранжевая, клипса",440.0,/goods/iskusstvennaya-puansettiya-ostiliya-16-sm-oranzhevaya/,Пуансеттии,M (15-30 см),Текстиль,желтый / оранжевый,премиум,Нет,Нет,0.02,0.0019,Китай,Италия
1882,6285,Искусственная ветка-лиана Ljubljana 95 см золотая,990.0,/goods/iskusstvennaya-vetka-liana-ljubljana-95-sm-zolotaya/,"Растения, Листья",XXL (81 см и более),Пластик,золото,стандарт,Нет,Нет,0.06,0.0057,Китай,Италия
1883,6286,Гирлянда Боа из перьев Amelina 184 см коралловая,1120.0,/goods/girlyanda-boa-iz-perev-amelina-184-sm-korallovaya/,Текстильные игрушки,XXL (81 см и более),Перья,розовый,стандарт,Нет,Нет,0.11,0.004,Китай,Нидерланды
1884,6290,Елочная игрушка Barolo - Albavilla 16 см,310.0,/goods/elochnaya-igrushka-barolo---albavilla-16-sm/,Изысканные подвески,M (15-30 см),Пластик,синий / голубой,стандарт,Нет,Нет,0.02,0.0019,Китай,Нидерланды
1885,6291,Стеклянная елочная игрушка гроздь Еловые Шишки 14 см синий бархат,230.0,/goods/steklyannaya-elochnaya-igrushka-grozd-elovye-shishki-sinij-barhat-podveska/,Шишки и желуди,S (7-14 см),Стекло,синий / голубой,стандарт,Нет,Нет,0.02,0.0002,Китай,Нидерланды
1886,6294,"Елочная игрушка Дюймовочка в Розовом 10 см, подвеска",400.0,/goods/elochnaya-igrushka-dyujmovochka-10-sm/,Персонажи сказок,S (7-14 см),Полистоун,розовый,стандарт,Нет,Нет,0.17,0.0002,Китай,Нидерланды
1887,6295,"Пуансеттия Bienne Borgogna 28 см, клипса",330.0,/goods/puansettiya-bienne-borgogna-28-sm-klipsa/,Пуансеттии,M (15-30 см),Текстиль,красный / бордовый,стандарт,Нет,Нет,0.04,0.0014,Китай,Россия
1888,6296,"Декоративная гирлянда Wellington заснеженная 150 см, 150 теплых белых LED ламп, IP44",2320.0,/goods/dekorativnaya-girlyanda-wellington-zasnezhennaya-150-sm-150-teplyh-belyh-led-lamp-ip44/,"Растения, Листья",XXL (81 см и более),Пластик,шоколадный / коричневый,премиум,Нет,Да,0.41,0.0038,Китай,Россия
1889,6297,"Стеклянная елочная игрушка - сосулька Елочка 11 см золотая, подвеска",350.0,/goods/steklyannaya-elochnaya-igrushka---sosulka-elochka-11-sm-zolotaya-podveska/,Сосульки,S (7-14 см),Стекло,желтый / оранжевый,стандарт,Нет,Нет,0.04,0.0006,Россия,Россия
1890,6302,"Стеклянная елочная игрушка Медвежонок с бантиком 9 см, подвеска",280.0,/goods/steklyannaya-elochnaya-igrushka-medvezhonok-s-bantikom-9-sm-podveska/,Животные,S (7-14 см),Стекло,черный,стандарт,Нет,Нет,0.06,0.0003,Россия,Россия
1891,6303,"Елочная игрушка Птичка Арабелла 10 см, клипса",560.0,/goods/elochnaya-igrushka-ptichka-arabella-10-sm-klipsa/,Птицы,S (7-14 см),Пенополистирол,белый,стандарт,Нет,Нет,0.02,0.0004,Китай,Нидерланды
1892,6304,"Елочная игрушка Чаровница Нилюфер на Венецианском Балу 14 см, подвеска",2090.0,/goods/elochnaya-igrushka-charovnica-nilyufer-na-venecianskom-balu-14-sm-podveska/,Люди,S (7-14 см),Полистоун,золото,премиум,Нет,Нет,0.09,0.0003,Китай,Бельгия
1893,6305,Искусственная пуансеттия на стебле Celine Delacour 23*14 см рубиновая,190.0,/goods/iskusstvennaya-puansettiya-na-steble-celine-delacour-23x14-sm-rubinovaya/,Пуансеттии,S (7-14 см),Пластик,красный / бордовый,стандарт,Нет,Нет,0.02,0.0054,Китай,Нидерланды
1894,6307,"Стеклянная елочная игрушка - сосулька Коралл 11 см красная, подвеска",330.0,/goods/steklyannaya-elochnaya-igrushka---sosulka-korall-11-sm-krasnaya-podveska/,Сосульки,S (7-14 см),Стекло,красный / бордовый,стандарт,Нет,Нет,0.09,0.0005,Россия,Россия
1895,6308,"Елочная игрушка Ласточка Лейден 11 см, подвеска",660.0,/goods/elochnaya-igrushka-lastochka-lejden-11-sm-podveska/,Птицы,S (7-14 см),Акрил,прозрачный,стандарт,Нет,Нет,0.06,0.0003,Китай,Россия
1896,6315,"Елочная игрушка Мишка Белоснежный Луи Жан 11 см, подвеска",1830.0,/goods/elochnaya-igrushka-mishka-belosnezhnyj-lui-zhan-11-sm-podveska/,Животные,S (7-14 см),Искусственный мех,кремовый / светлое дерево,премиум,Нет,Нет,0.02,0.0004,Китай,Нидерланды
1897,6317,"Елочная игрушка Леди Николетта - Let's Go to the Christmas Party 11 см, подвеска",2790.0,/goods/elochnaya-igrushka-ledi-nikoletta---lets-go-to-the-christmas-party-11-sm-podveska/,Люди,S (7-14 см),Полистоун,кремовый / светлое дерево,премиум,Нет,Нет,0.06,0.0004,Китай,Нидерланды
1898,6318,"Искусственная пуансеттия Johanna 12 см, 3 шт, красная, клипса",290.0,/goods/iskusstvennaya-puansettiya-johanna-12-sm-krasnaya-klipsa/,Пуансеттии,S (7-14 см),Пластик,красный / бордовый,стандарт,Да,Нет,0.04,0.0014,Китай,Нидерланды
1899,6319,"Елочная игрушка Балерина Жозефина - Прима Пале-Рояль 18 см, подвеска",1660.0,/goods/elochnaya-igrushka-balerina-zhozefina---prima-pale-royal-18-sm-podveska/,Балет,M (15-30 см),Полистоун,белый,премиум,Нет,Нет,0.03,0.0003,Китай,Бельгия
1900,6320,"Стеклянная елочная игрушка - сосулька Коралл 11 см золотая, подвеска",330.0,/goods/steklyannaya-elochnaya-igrushka---sosulka-korall-11-sm-zolotaya-podveska/,Сосульки,S (7-14 см),Стекло,желтый / оранжевый,стандарт,Нет,Нет,0.09,0.0005,Россия,Россия
1901,6331,"Пуансеттия Рассвет в Каннах 22 см, клипса",230.0,/goods/puansettiya-rassvet-v-kannah-22-sm-klipsa/,Пуансеттии,M (15-30 см),Текстиль,розовый,стандарт,Нет,Нет,0.02,0.0003,Китай,Италия
1902,6333,"Елочная игрушка Балерина в белоснежном платье 13 см, подвеска",400.0,/goods/elochnaya-igrushka-balerina-v-belosnezhnom-plate-13-sm-podveska/,Балет,S (7-14 см),Акрил,белый,стандарт,Нет,Нет,0.04,0.0006,Китай,Россия
1903,6341,"Шишки для декора - Лесной Клад 5 см, 6 шт",140.0,/goods/nabor-shishek-5-sm-6-sht/,Шишки и желуди,XS (до 6 см),Дерево,шоколадный / коричневый,эконом,Да,Нет,0.06,0.0005,Китай,Россия
1904,6349,"Стеклянная елочная игрушка - сосулька Лика 11 см золотая, подвеска",420.0,/goods/steklyannaya-elochnaya-igrushka---sosulka-lika-11-sm-zolotaya-podveska/,Сосульки,S (7-14 см),Стекло,желтый / оранжевый,стандарт,Нет,Нет,0.02,0.0003,Россия,Россия
1905,6350,Елочная игрушка Снежинка Frozen Glory 13 см,690.0,/goods/elochnaya-igrushka-snezhinka-frozen-glory-13-sm-podveska/,Снежинки,S (7-14 см),Акрил,зеленый,стандарт,Нет,Нет,0.03,0.0006,Китай,Нидерланды
1906,6354,"Винтажная елочная игрушка Желудь Cholet Rouge 12 см, стекло, подвеска",790.0,/goods/vintazhnaya-elochnaya-igrushka-zhelud-cholet-rouge-12-sm-steklo-podveska/,Шишки и желуди,S (7-14 см),Стекло,красный / бордовый,премиум,Нет,Нет,0.09,0.0003,Индия,Нидерланды
1907,6355,Коллекционная кукла Клементина Рэббитсон - Хранитель Страны Чудес 36 см,15770.0,/goods/kollekcionnaya-kukla-klementina-rjebbitson---hranitel-strany-chudes-36-sm/,Животные,L (31-50 см),Текстиль,фиолетовый,премиум,Нет,Нет,0.5,0.0077,Китай,США
1908,6360,"Искусственная пуансеттия Cecilia 12 см, 3 шт, розовое золото, клипса",280.0,/goods/iskusstvennaya-puansettiya-cecilia-12-sm-rozovoe-zoloto-klipsa/,Пуансеттии,S (7-14 см),Пластик,розовый,стандарт,Да,Нет,0.07,0.002,Китай,Нидерланды
1909,6361,"Стеклянная елочная игрушка - сосулька Лика 11 см васильковая, подвеска",420.0,/goods/steklyannaya-elochnaya-igrushka---sosulka-lika-11-sm-vasilkovaya-podveska/,Сосульки,S (7-14 см),Стекло,синий / голубой,стандарт,Нет,Нет,0.02,0.0003,Россия,Россия
1910,6363,Елочная игрушка Колибри - Grisignano di Zocco 9 см розовая,720.0,/goods/elochnaya-igrushka-kolibri---grisignano-di-zocco-9-sm-rozovaya/,Птицы,S (7-14 см),Акрил,розовый,премиум,Нет,Нет,0.06,0.0012,Китай,Нидерланды
1911,6368,"Ёлочная игрушка Мышка Габби в предвкушении праздника 13 см, подвеска",660.0,/goods/yolochnaya-igrushka-myshka-gabbi-v-predvkushenii-prazdnika-13-sm-podveska/,Животные,S (7-14 см),Полистоун,бирюзовый,стандарт,Нет,Нет,0.04,0.0009,Китай,Россия
1912,6370,"Елочная игрушка Лебедь сказочный 8 см, подвеска",340.0,/goods/elochnaya-igrushka-lebed-skazochnyj-8-sm-s-opushhennoj-golovoj-podveska/,Птицы,S (7-14 см),Акрил,синий / голубой,стандарт,Нет,Нет,0.03,0.0006,Китай,Россия
1913,6371,Интерьерное украшение Месяц Клод де Нил 43 см,9090.0,/goods/interernoe-ukrashenie-mesyac-klod-de-nil-43-sm/,Персонажи сказок,L (31-50 см),Полистоун,кремовый / светлое дерево,премиум,Нет,Нет,1.05,0.0256,Таиланд,Бельгия
1914,6373,"Елочная игрушка Маленькая Леди Мирель в кремовом платье 13 см, подвеска",3310.0,/goods/elochnaya-igrushka-malenkaya-ledi-mirel-v-kremovom-plate-13-sm-podveska/,Люди,S (7-14 см),Полистоун,кремовый / светлое дерево,премиум,Нет,Нет,0.06,0.0009,Филиппины,Бельгия
1915,6375,"Декоративная ветка Сверкающий лист Филодендрона 78 см, серебряный",290.0,/goods/dekorativnaya-vetka-sverkayushhij-list-filodendrona-78-sm-serebryanyj/,"Растения, Листья",XL (51-80 см),Пластик,серебро,стандарт,Нет,Нет,0.04,0.018,Китай,Нидерланды
1916,6376,Деревянная елочная игрушка Шишка золотая,210.0,/goods/derevyannaya-elochnaya-igrushka-shishka-15-sm-zolotaya/,Шишки и желуди,M (15-30 см),Дерево,золото,стандарт,Нет,Нет,0.02,0.0003,Россия,Россия
1917,6377,"Елочная игрушка Elmiwud 17 см белая, подвеска",480.0,/goods/elochnaya-igrushka-elmiwud-17-sm-belaya-podveska/,Текстильные игрушки,M (15-30 см),Перья,белый,стандарт,Нет,Нет,0.01,0.0001,Китай,Нидерланды
1918,6378,"Набор елочных игрушек Балерины Эльза и Герда - Кристальные Пуанты 15 см, 2 шт, подвеска",700.0,/goods/nabor-elochnyh-igrushek-baleriny-jelza-i-gerda---kristalnye-puanty-15-sm-2-sht-podveska/,Балет,M (15-30 см),Акрил,розовый,стандарт,Да,Нет,0.09,0.0011,Китай,Россия
1919,6385,Елочная игрушка Белка - Графиня Монбельяр 30 см,2340.0,/goods/elochnaya-igrushka-belka---grafinya-monbelyar/,Животные,M (15-30 см),Текстиль,зеленый,премиум,Нет,Нет,0.07,0.0012,Таиланд,Россия
1920,6390,"Искусственная пуансеттия Danielius 12 см, 3 шт, красная, клипса",290.0,/goods/iskusstvennaya-puansettiya-danielius-12-sm-krasnaya-klipsa/,Пуансеттии,S (7-14 см),Пластик,красный / бордовый,стандарт,Да,Нет,0.04,0.0014,Китай,Нидерланды
1921,6404,"Пуансеттия Giovanna 25 см красная, на стебле",180.0,/goods/puansettiya-giovanna-25-sm-krasnaya-na-steble/,Пуансеттии,M (15-30 см),Пластик,красный / бордовый,стандарт,Нет,Нет,0.02,0.0003,Китай,Италия
1922,6405,"Елочная игрушка Лебединая Песня 12 см белая с перламутровым, подвеска",480.0,/goods/elochnaya-igrushka-lebedinaya-pesnya-12-sm-belaya-s-perlamutrovym-podveska/,Птицы,S (7-14 см),Акрил,белый,стандарт,Нет,Нет,0.09,0.0013,Китай,Россия
1923,6410,"Винтажное украшение на магните Сны Адилин 23 см, розовый",1660.0,/goods/elochnaya-igrushka-kist-cvetok-amazonki-rozovyj-23-sm/,Изысканные подвески,M (15-30 см),Текстиль,розовый,премиум,Нет,Нет,0.06,0.0016,Китай,США
1924,6411,"Елочная игрушка Шишка Alto - Луговой Зеленый 8 см, 6 шт, пластик",480.0,/goods/elochnaya-igrushka-shishka-alto---lugovoj-zelenyj-8-sm-6-sht-plastik-podveska/,Шишки и желуди,S (7-14 см),Пластик,зеленый,эконом,Да,Нет,0.09,0.0014,Китай,Нидерланды
1925,6412,Коллекционная кукла Мистер Бернардо Коттонтейл из Сказочной Долины 33 см,17560.0,/goods/kollekcionnaya-kukla-mister-bernardo-kottontejl-iz-skazochnoj-doliny-33-sm/,Животные,L (31-50 см),Текстиль,розовый,премиум,Нет,Нет,0.55,0.0077,Китай,США
1926,6414,"Елочная игрушка Золотистый Птенчик на желуде 6 см, подвеска",440.0,/goods/elochnaya-igrushka-zolotistyj-ptenchik-na-zhelude-6-sm-podveska/,Птицы,XS (до 6 см),Полистоун,шоколадный / коричневый,стандарт,Нет,Нет,0.03,0.0001,Китай,Нидерланды
1927,6418,"Елочная игрушка Снежинка - Maclaren Gold 12 см, подвеска",280.0,/goods/elochnaya-igrushka-snezhinka-reznaya-12-sm-zolotaya-podveska/,Снежинки,S (7-14 см),Акрил,золото,стандарт,Нет,Нет,0.04,0.0003,Китай,Нидерланды
1928,6426,"Пуансеттия Bienne Argento 30 см, клипса",330.0,/goods/puansettiya-bienne-argento-30-sm-klipsa/,Пуансеттии,M (15-30 см),Текстиль,серебро,стандарт,Нет,Нет,0.04,0.0014,Китай,Россия
1929,6427,Декоративная ветка Dandelion 55 см бежевая,350.0,/goods/dekorativnaya-vetka-dandelion-55-sm-bezhevaya/,"Растения, Листья",XL (51-80 см),Пластик,кремовый / светлое дерево,стандарт,Нет,Нет,0.03,0.0003,Китай,Нидерланды
1930,6432,"Елочная игрушка Кисть Кессельтон 13 см фуксия, подвеска",2420.0,/goods/elochnaya-igrushka-kist-kesselton-13-sm-fuksiya-podveska/,Изысканные подвески,S (7-14 см),Текстиль,розовый,премиум,Нет,Нет,0.06,0.0002,Индия,Бельгия
1931,6435,Коллекционная кукла Мистер Мартинес - Весенний Бал в Стране Чудес 66 см,44460.0,/goods/kollekcionnaya-kukla-mister-martines---vesennij-bal-v-strane-chudes-66-sm/,Животные,XL (51-80 см),Текстиль,фиолетовый,премиум,Нет,Нет,1.87,0.0245,Китай,США
1932,6438,"Елочная игрушка Маленькая Леди Мирель в нежно-розовом платье 13 см, подвеска",3310.0,/goods/elochnaya-igrushka-malenkaya-ledi-mirel-v-nezhno-rozovom-plate-13-sm-podveska/,Люди,S (7-14 см),Полистоун,розовый,стандарт,Нет,Нет,0.06,0.0009,Филиппины,Бельгия
1933,6440,Искусственная ветка Аэльфред 69 см белая,680.0,/goods/iskusstvennaya-vetka-ajelfred-69-sm-belaya/,"Растения, Листья",XL (51-80 см),Пластик,белый,стандарт,Нет,Нет,0.09,0.0011,Китай,Нидерланды
1934,6443,Елочная игрушка Шишка из Таинственной Рощи 10 см золотая,860.0,/goods/elochnaya-igrushka-shishka-iz-tainstvennoj-roshhi-10-sm-podveska/,Шишки и желуди,S (7-14 см),Пластик,золото,премиум,Нет,Нет,0.07,0.0005,Китай,Нидерланды
1935,6444,Коллекционная кукла Миссис Мартина Коттонтейл из Сказочной Долины 33 см,17560.0,/goods/kollekcionnaya-kukla-missis-martina-kottontejl-iz-skazochnoj-doliny-33-sm/,Животные,L (31-50 см),Текстиль,розовый,премиум,Нет,Нет,0.55,0.0077,Китай,США
1936,6449,"Искусственный цветок Vetraud 29 см, клипса",600.0,/goods/iskusstvennyj-cvetok-vetraud-29-sm-klipsa/,Пуансеттии,M (15-30 см),Текстиль,серый,стандарт,Нет,Нет,0.04,0.0017,Китай,Нидерланды
1937,6454,"Набор елочных игрушек Сосульки 15 см малиновая фуксия, 6 шт, стекло",740.0,/goods/nabor-elochnyh-igrushek-sosulki-15-sm-malinovaya-fuksiya-6-sht-steklo/,Сосульки,M (15-30 см),Стекло,красный / бордовый,стандарт,Да,Нет,0.12,0.0023,Китай,Нидерланды
1938,6460,"Искусственная пуансеттия Candelaria 12 см, 3 шт, розовое золото, клипса",280.0,/goods/iskusstvennaya-puansettiya-candelaria-12-sm-rozovoe-zoloto-klipsa/,Пуансеттии,S (7-14 см),Пластик,розовый,стандарт,Да,Нет,0.07,0.002,Китай,Нидерланды
1939,6461,"Елочная игрушка Балерина Чарманди - Изящное Па 12 см, подвеска",1040.0,/goods/elochnaya-igrushka-balerina-charmandi---izyashhnoe-pa-12-sm-podveska/,Балет,S (7-14 см),Полистоун,кремовый / светлое дерево,премиум,Нет,Нет,0.01,0.0002,Китай,Бельгия
1940,6462,"Набор елочных игрушек Снежинка - Verde Pino 9-11 см красный, 12 шт",730.0,/goods/nabor-elochnyh-igrushek-snezhinka---verde-pino-krasnyj-12-sht-podveska/,Снежинки,S (7-14 см),Пластик,красный / бордовый,эконом,Да,Нет,0.13,0.001,Китай,Нидерланды
1941,6463,"Набор стеклянных елочных игрушек Звезды 4.5 см туманный альбион, 12 шт",460.0,/goods/nabor-steklyannyh-elochnyh-igrushek-zvezdy-45-sm-tumannyj-albion-12-sht/,Звездочки,XS (до 6 см),Стекло,серый,стандарт,Да,Нет,0.08,0.0006,Китай,Нидерланды
1942,6467,"Елочная игрушка Лебединая Песня 12 см серебристая с бирюзовым, подвеска",520.0,/goods/elochnaya-igrushka-lebedinaya-pesnya-12-sm-serebristaya-s-biryuzovym-podveska/,Птицы,S (7-14 см),Акрил,бирюзовый,стандарт,Нет,Нет,0.09,0.0013,Китай,Россия
1943,6471,"Елочная игрушка Балерина Эсмеральда 13 см, подвеска",1730.0,/goods/elochnaya-igrushka-tancuyushhaya-devushka-v-svetlom-naryade-3-13-sm-podveska/,Балет,S (7-14 см),Полистоун,золото,премиум,Нет,Нет,0.07,0.0006,Китай,Бельгия
1944,6472,Деревянная елочная игрушка Снежинка - Снежная Корона золотая,230.0,/goods/derevyannaya-elochnaya-igrushka-snezhinka---snezhnaya-korona-15-sm-zolotaya/,Снежинки,M (15-30 см),Дерево,золото,стандарт,Нет,Нет,0.04,0.0001,Россия,Россия
1945,6478,Коллекционная кукла Миссис Мартинес - Весенний Бал в Стране Чудес 66 см,44460.0,/goods/kollekcionnaya-kukla-missis-martines---vesennij-bal-v-strane-chudes-66-sm/,Животные,XL (51-80 см),Текстиль,фиолетовый,премиум,Нет,Нет,1.87,0.0245,Китай,США
1946,6481,Искусственная ветка с перьями Брондрика 61 см розовая,950.0,/goods/iskusstvennaya-vetka-s-peryami-brondrika-61-sm-rozovaya/,"Растения, Листья",XL (51-80 см),Пластик,розовый,стандарт,Нет,Нет,0.03,0.0019,Китай,Нидерланды
1947,6487,Елочная игрушка Шишка 13 см шампань,480.0,/goods/elochnaya-igrushka-shishka-13-sm-shampan-podveska/,Шишки и желуди,S (7-14 см),Акрил,золото,стандарт,Нет,Нет,0.07,0.0012,Китай,Россия
1948,6490,Декоративная ветка Dandelion 55 см коричневая,310.0,/goods/dekorativnaya-vetka-dandelion-55-sm-korichnevaya/,"Растения, Листья",XL (51-80 см),Пластик,шоколадный / коричневый,стандарт,Нет,Нет,0.03,0.0003,Китай,Нидерланды
1949,6493,Деревянная елочная игрушка Самолет - Краски детства 10 см,200.0,/goods/derevyannaya-elochnaya-igrushka-samolet---kraski-detstva-10-sm/,Деревянные игрушки,S (7-14 см),Дерево,разноцветные,эконом,Нет,Нет,0.02,0.0001,Россия,Россия
1950,6503,Гирлянда Боа из перьев Сигмор 160 см темный шампань,3640.0,/goods/girlyanda-boa-iz-perev-sigmor-160-sm-temnyj-shampan/,Текстильные игрушки,XXL (81 см и более),Перья,шоколадный / коричневый,стандарт,Нет,Нет,0.08,0.0023,Китай,Нидерланды
1951,6508,"Винтажная елочная игрушка Желудь Matisse 9 см голубой, стекло, подвеска",430.0,/goods/vintazhnaya-elochnaya-igrushka-zhelud-matisse-9-sm-goluboj-steklo-podveska/,Шишки и желуди,S (7-14 см),Стекло,синий / голубой,премиум,Нет,Нет,0.09,0.0003,Индия,Нидерланды
1952,6514,"Елочная игрушка Мудрая Сова 13 см золотая, подвеска",410.0,/goods/elochnaya-igrushka-mudraya-sova-13-sm-zolotaya-podveska/,Птицы,S (7-14 см),Акрил,золото,стандарт,Нет,Нет,0.07,0.0004,Китай,Россия
1953,6518,"Набор елочных игрушек Aureate Galileo 7-13 см, 4 шт, подвеска",560.0,/goods/nabor-elochnyh-igrushek-aureate-galileo-11-sm-4-sht/,Сосульки,S (7-14 см),Пластик,красный / бордовый,стандарт,Да,Нет,0.02,0.001,Китай,Нидерланды
1954,6522,Декоративная фигура Сова Луни 16 см,1440.0,/goods/dekorativnaya-figura-sova-luni-16-sm/,Птицы,M (15-30 см),Искусственный мех,розовый,стандарт,Нет,Нет,0.04,0.0015,Китай,Нидерланды
1955,6523,Декоративная ветка с перьями Инфламаре 61 см трюфельная,590.0,/goods/dekorativnaya-vetka-s-peryami-inflamare-61-sm-tryufelnaya/,"Растения, Листья",XL (51-80 см),Перья,шоколадный / коричневый,стандарт,Нет,Нет,0.04,0.0022,Китай,Нидерланды
1956,6530,"Стеклянная елочная игрушка с композицией Белочка 8 см, подвеска",250.0,/goods/steklyannaya-elochnaya-igrushka-s-kompoziciej-belochka-8-sm-podveska/,Животные,S (7-14 см),Стекло,кремовый / светлое дерево,стандарт,Нет,Нет,0.04,0.0002,Китай,Нидерланды
1957,6534,"Елочная игрушка Балерина Джули - Танец Лауренсии 16 см, подвеска",1930.0,/goods/elochnaya-igrushka-balerina-dzhuli---tanec-laurensii-16-sm-podveska/,Балет,M (15-30 см),Полистоун,кремовый / светлое дерево,премиум,Нет,Нет,0.03,0.0004,Китай,Бельгия
1958,6538,"Набор елочных игрушек Сосульки Джованни: Gold Aurora 30 см, 4 шт, подвеска",6320.0,/goods/nabor-elochnyh-igrushek-sosulki-dzhovanni-gold-aurora-30-sm-4-sht-podveska/,Изысканные подвески,M (15-30 см),Пластик,золото,премиум,Да,Нет,0.26,0.0103,Китай,Нидерланды
1959,6545,"Светодиодная гирлянда Шишки - Cristal Perfecto 1.75 м, 8 теплых белых LED ламп, прозрачный ПВХ, на батарейках, IP20",830.0,/goods/svetodiodnaya-girlyanda-shishki-silver-perfecto-175-m-8-teplyh-belyh-led-lamp-prozrachnyj-pvh-na-batarejkah-ip20/,Шишки и желуди,XXL (81 см и более),Пластик,прозрачный,стандарт,Нет,Да,0.29,0.0027,Китай,Нидерланды
1960,6550,"Елочная игрушка Королевская Голубка Айла 13 см, подвеска",1580.0,/goods/elochnaya-igrushka-korolevskaya-golubka-ajla-13-sm-podveska/,Птицы,S (7-14 см),Полистоун,белый,премиум,Нет,Нет,0.09,0.0005,Китай,Нидерланды
1961,6553,"Елочная игрушка Танцовщица Симона - Грандиозный балет Голдблюма 15 см, подвеска",1670.0,/goods/elochnaya-igrushka-tancovshhica-simona---grandioznyj-balet-goldblyuma-15-sm-podveska/,Балет,M (15-30 см),Полистоун,золото,премиум,Нет,Нет,0.06,0.0005,Китай,Нидерланды
1962,6555,"Набор елочных игрушек Снежинки - Lourel Gold 12 см, 3 шт",820.0,/goods/nabor-elochnyh-igrushek-snezhinki-crystal-12-sm-3-sht/,Снежинки,S (7-14 см),Акрил,прозрачный,стандарт,Да,Нет,0.19,0.0008,Китай,Нидерланды
1963,6556,"Набор стеклянных елочных игрушек Сосульки - Sally 12 см, 12 шт, подвеска",2460.0,/goods/nabor-elochnyh-igrushek-perlamutrovye-sosulki-12-sm-12-sht/,Сосульки,S (7-14 см),Стекло,розовый,стандарт,Да,Нет,0.61,0.0071,Китай,Нидерланды
1965,6563,"Декоративная ветка Сверкающий лист Филодендрона 78 см, красный",290.0,/goods/dekorativnaya-vetka-sverkayushhij-list-filodendrona-78-sm-krasnyj/,"Растения, Листья",XL (51-80 см),Пластик,красный / бордовый,стандарт,Нет,Нет,0.04,0.0019,Китай,Нидерланды
1966,6568,"Светодиодная гирлянда Шишки - Silver Perfecto 1.75 м, 8 теплых белых LED ламп, прозрачный ПВХ, на батарейках, IP20",920.0,/goods/svetodiodnaya-girlyanda-shishki-silver-perfecto-175-m-8-teplyh-belyh-led-lamp-prozrachnyj-pvh-na-batarejkah-ip20-1746526174/,Шишки и желуди,XXL (81 см и более),Пластик,белый,стандарт,Нет,Да,0.3,0.0039,Китай,Нидерланды
1968,6581,"Набор стеклянных елочных игрушек Звезды 4.5 см серебряный mix, 12 шт",460.0,/goods/nabor-steklyannyh-elochnyh-igrushek-zvezdy-45-sm-serebryanyj-mix-12-sht-podveska/,Звездочки,XS (до 6 см),Стекло,серебро,стандарт,Да,Нет,0.07,0.0006,Китай,Россия
1970,6587,"Елочная игрушка Балерина Парижского театра 18 см, подвеска",530.0,/goods/elochnaya-igrushka-balerina-parizhskogo-teatra-18-sm-podveska/,Балет,M (15-30 см),Акрил,розовый,стандарт,Нет,Нет,0.06,0.0017,Китай,Россия
1971,6595,"Елочная игрушка Балерина Коллетт: Quelle surprise 17 см, подвеска",1830.0,/goods/elochnaya-igrushka-balerina-kollett-quelle-surprise-17-sm-podveska/,Балет,M (15-30 см),Полистоун,розовый,премиум,Нет,Нет,0.02,0.0007,Китай,Нидерланды
1972,6600,"Елочная игрушка Шишка Элти 9 см серебро, 2 шт",260.0,/goods/elochnaya-igrushka-shishka-jelti-9-sm-serebro-2-sht-podveska/,Шишки и желуди,S (7-14 см),Пластик,серебро,эконом,Да,Нет,0.02,0.0005,Китай,Нидерланды
1974,6609,"Елочная игрушка Птичка Далмация - Пламенное Чудо 14 см, клипса",490.0,/goods/elochnaya-igrushka-ptichka-dalmaciya---plamennoe-chudo-14-sm-klipsa/,Птицы,S (7-14 см),Перья,красный / бордовый,премиум,Нет,Нет,0.02,0.0003,Китай,Бельгия
1975,6613,"Елочная игрушка Шишка Alto синяя 8 см, 6 шт, пластик",480.0,/goods/elochnaya-igrushka-shishka-alto---korolevskij-sinij-8-sm-6-sht-plastik-podveska/,Шишки и желуди,S (7-14 см),Пластик,синий / голубой,эконом,Да,Нет,0.09,0.0014,Китай,Нидерланды
1977,6627,"Набор стеклянных елочных игрушек Звезды 4.5 см перламутровый mix, 12 шт",460.0,/goods/nabor-steklyannyh-elochnyh-igrushek-zvezdy-45-sm-perlamutrovyj-mix-12-sht-podveska/,Звездочки,XS (до 6 см),Стекло,кремовый / светлое дерево,стандарт,Да,Нет,0.07,0.0006,Китай,Россия
1978,6635,"Набор стеклянных елочных игрушек Звезды 4.5 см бордовый mix, 12 шт",460.0,/goods/nabor-steklyannyh-elochnyh-igrushek-zvezdy-45-sm-bordovyj-mix-12-sht-podveska/,Звездочки,XS (до 6 см),Стекло,красный / бордовый,стандарт,Да,Нет,0.07,0.0006,Китай,Россия
1980,6643,"Набор елочных игрушек Фигурный, 7 см, 24 шт, пластик, подвеска",700.0,/goods/nabor-elochnyh-igrushek-figurnyj-7-sm-24-sht-plastik-podveska/,Небьющиеся игрушки,S (7-14 см),Пластик,разноцветные,эконом,Да,Нет,0.17,0.0028,Китай,Россия
1981,6645,"Светодиодная гирлянда Шишки 4 м, 20 холодных белых LED ламп, прозрачный ПВХ, IP20",530.0,/goods/svetodiodnaya-girlyanda-shishki-4-m-20-holodnyh-belyh-led-lamp-prozrachnyj-pvh-ip20/,Шишки и желуди,XXL (81 см и более),Пластик,белый,стандарт,Нет,Да,0.14,0.0009,Китай,Россия
1982,6655,Елочная подвеска Этнические мотивы 28 см бордовая,260.0,/goods/elochnaya-podveska-jetnicheskie-motivy-bordo-28-sm/,Текстильные игрушки,M (15-30 см),Перья,фиолетовый,стандарт,Нет,Нет,0.01,0.0003,Китай,Нидерланды
1983,6660,"Стеклянная елочная игрушка Медведь Шамбрен - Lost Paradise 11 см, подвеска",2290.0,/goods/steklyannaya-elochnaya-igrushka-medved-shambren-lost-paradise-14-sm-podveska/,Животные,S (7-14 см),Стекло,кремовый / светлое дерево,премиум,Нет,Нет,0.07,0.0015,Китай,Бельгия
1984,6664,"Набор елочных игрушек Звезды 8 см folk blue, 6 шт",350.0,/goods/nabor-elochnyh-igrushek-biryuzovye-zvezdy-8-sm-6-sht-podveska/,Звездочки,S (7-14 см),Пластик,бирюзовый,стандарт,Да,Нет,0.07,0.0008,Китай,Россия
1985,6665,Елочная игрушка Снежинка Frozen Grace 13 см,690.0,/goods/elochnaya-igrushka-snezhinka-frozen-grace-13-sm-podveska/,Снежинки,S (7-14 см),Акрил,зеленый,стандарт,Нет,Нет,0.03,0.0006,Китай,Нидерланды
1986,6666,"Набор елочных игрушек Сосульки 15 см пряная тыква, 6 шт",740.0,/goods/nabor-elochnyh-igrushek-sosulki-15-sm-pryanaya-tykva-6-sht/,Сосульки,M (15-30 см),Стекло,желтый / оранжевый,стандарт,Да,Нет,0.09,0.0016,Китай,Нидерланды
1987,6667,Деревянная елочная игрушка Шишка красная,210.0,/goods/derevyannaya-elochnaya-igrushka-shishka-15-sm-krasnaya/,Шишки и желуди,M (15-30 см),Дерево,красный / бордовый,стандарт,Нет,Нет,0.02,0.0003,Россия,Россия
1988,6672,"Набор стеклянных елочных игрушек Звезды 4.5 см бирюзовый mix, 12 шт",460.0,/goods/nabor-steklyannyh-elochnyh-igrushek-zvezdy-45-sm-biryuzovyj-mix-12-sht-podveska/,Звездочки,XS (до 6 см),Стекло,бирюзовый,стандарт,Да,Нет,0.07,0.0006,Китай,Россия
1989,6674,"Елочная игрушка Шишка Элти 9 см шампань, 2 шт",260.0,/goods/elochnaya-igrushka-shishka-jelti-9-sm-shampan-2-sht-podveska/,Шишки и желуди,S (7-14 см),Пластик,золото,стандарт,Да,Нет,0.02,0.0005,Китай,Нидерланды
1991,6679,Искусственная ветка с перьями Брондрика 61 см синяя,650.0,/goods/iskusstvennaya-vetka-s-peryami-brondrika-61-sm-sinyaya/,"Растения, Листья",XL (51-80 см),Пластик,синий / голубой,стандарт,Нет,Нет,0.03,0.0011,Китай,Нидерланды
1992,6680,"Елочная игрушка Балерина Селеста - Dance of Juliard 11 см, подвеска",830.0,/goods/elochnaya-igrushka-balerina-selesta---dance-of-juliard-11-sm-podveska/,Балет,S (7-14 см),Полистоун,розовый,премиум,Нет,Нет,0.03,0.0003,Китай,Бельгия
1993,6690,Елочная игрушка Королева Снежных Просторов на олене 10 см,1870.0,/goods/elochnaya-igrushka-koroleva-snezhnyh-prostorov-na-olene-10-sm/,Ангелы и Феи,S (7-14 см),Полистоун,золото,премиум,Нет,Нет,0.09,0.0005,Китай,Бельгия
1995,6696,Искусственная лиана Лазурные листики 120 см,1760.0,/goods/dekorativnaya-girlyanda-lazurnye-listiki-120-sm/,"Растения, Листья",XXL (81 см и более),Пластик,синий / голубой,стандарт,Нет,Нет,0.09,0.0044,Китай,Нидерланды
1996,6702,"Набор елочных игрушек Звезды 8 см арктический голубой, 6 шт, подвеска",350.0,/goods/nabor-elochnyh-igrushek-zvezdy-8-sm-arkticheskij-goluboj-6-sht-podveska/,Звездочки,S (7-14 см),Пластик,бирюзовый,стандарт,Да,Нет,0.07,0.0008,Китай,Россия
1997,6706,Стеклянная елочная игрушка Олень Фредо - Wittland 10 см,2320.0,/goods/steklyannaya-elochnaya-igrushka-olen-fredo---wittland-10-sm/,Животные,S (7-14 см),Стекло,желтый / оранжевый,премиум,Нет,Нет,0.02,0.0001,Германия,Германия
1998,6708,Елочная игрушка Олененок Фин из Зачарованного Леса 10 см,1210.0,/goods/elochnaya-igrushka-olenenok-fin-iz-zacharovannogo-lesa-10-sm/,Животные,S (7-14 см),Полистоун,кремовый / светлое дерево,премиум,Нет,Нет,0.09,0.0003,Китай,Нидерланды
1999,6709,Елочная игрушка Олененок Руди из Зачарованного Леса 10 см,1210.0,/goods/elochnaya-igrushka-olenenok-rudi-iz-zacharovannogo-lesa-10-sm/,Животные,S (7-14 см),Полистоун,шоколадный / коричневый,премиум,Нет,Нет,0.09,0.0003,Китай,Нидерланды
2000,6711,Подвесное украшение Королевский Месяц Эрида 43 см,8660.0,/goods/podvesnoe-ukrashenie-korolevskij-mesyac-jerida-43-sm/,Персонажи сказок,L (31-50 см),Полистоун,кремовый / светлое дерево,премиум,Нет,Нет,1.43,0.024,Китай,Бельгия
2002,6714,"Елочное украшение ветка Gautier Silver 36 см на проволоке, 12 шт",1100.0,/goods/elochnoe-ukrashenie-vetka-gautier-silver-36-sm-na-provoloke-12-sht/,"Растения, Листья",L (31-50 см),Пластик,серебро,стандарт,Да,Нет,0.22,0.0027,Китай,Нидерланды
2003,6717,"Набор елочных игрушек Сосульки Рифленые 15 см серебряные с фиолетовым, 4 шт, стекло, подвеска",870.0,/goods/nabor-elochnyh-igrushek-sosulki-riflenye-15-sm-serebryanye-s-fioletovym-4-sht-steklo-podveska/,Сосульки,M (15-30 см),Стекло,фиолетовый,стандарт,Да,Нет,0.09,0.0019,Россия,Россия
2004,6720,Елочная игрушка Олененок Принц Бамби - Enchanted Forest 10 см,1210.0,/goods/elochnaya-igrushka-olenenok-princ-bambi---enchanted-forest-10-sm/,Животные,S (7-14 см),Полистоун,золото,премиум,Нет,Нет,0.09,0.0004,Китай,Нидерланды
2005,6721,Елочная игрушка Олененок Леди Тиара - Enchanted Forest 10 см,1210.0,/goods/elochnaya-igrushka-olenenok-ledi-tiara---enchanted-forest-10-sm/,Животные,S (7-14 см),Полистоун,кремовый / светлое дерево,премиум,Нет,Нет,0.09,0.0004,Китай,Нидерланды
2006,6723,Елочная игрушка Олень Эридан из Сумеречной Лощины 9 см,1230.0,/goods/elochnaya-igrushka-olen-jeridan-iz-sumerechnoj-loshhiny-9-sm/,Животные,S (7-14 см),Полистоун,зеленый,премиум,Нет,Нет,0.06,0.0002,Китай,Нидерланды
2007,6724,Елочная игрушка Олень Эльдориан из Сумеречной Лощины 9 см,1230.0,/goods/elochnaya-igrushka-olen-jeldorian-iz-sumerechnoj-loshhiny-9-sm/,Животные,S (7-14 см),Полистоун,зеленый,премиум,Нет,Нет,0.06,0.0002,Китай,Нидерланды
2008,6725,Стеклянная елочная игрушка Улитка Вита 6 см,2540.0,/goods/steklyannaya-elochnaya-igrushka-ulitka-vita-6-sm/,Животные,XS (до 6 см),Стекло,шоколадный / коричневый,премиум,Нет,Нет,0.02,0.0001,Германия,Германия
2009,6730,"Декоративная ветка с перьями Коко Пальмьери 100 см, персиковая",690.0,/goods/dekorativnaya-vetka-s-peryami-koko-palmeri-100-sm-sirenevaya/,"Растения, Листья",XXL (81 см и более),Пластик,розовый,премиум,Нет,Нет,0.04,0.0011,Китай,Италия
2010,6732,"Стеклянная елочная игрушка Воробушек Дамиан 11 см, подвеска",830.0,/goods/steklyannaya-elochnaya-igrushka-vorobushek-damian-11-sm-podveska/,Птицы,S (7-14 см),Стекло,желтый / оранжевый,стандарт,Нет,Нет,0.07,0.0008,Россия,Россия
2011,6735,"Набор елочных игрушек Сосульки 15 см аметистовый, 6 шт, стекло",740.0,/goods/nabor-elochnyh-igrushek-sosulki-15-sm-ametistovyj-6-sht-steklo/,Сосульки,M (15-30 см),Стекло,фиолетовый,стандарт,Да,Нет,0.07,0.0016,Китай,Нидерланды
2012,6738,Стеклянная елочная игрушка Лиса Фокс 7 см,2380.0,/goods/steklyannaya-elochnaya-igrushka-lisa-foks-7-sm/,Животные,S (7-14 см),Стекло,желтый / оранжевый,премиум,Нет,Нет,0.02,0.0002,Германия,Германия
2013,6739,Елочная игрушка Рождественский Олень Альфредо 12 см,1790.0,/goods/elochnaya-igrushka-rozhdestvenskij-olen-alfredo-12-sm/,Животные,S (7-14 см),Полистоун,белый,премиум,Нет,Нет,0.07,0.0004,Китай,Нидерланды
2014,6740,Елочная игрушка Рождественский Олень Рудольфо 12 см,1790.0,/goods/elochnaya-igrushka-rozhdestvenskij-olen-rudolfo-12-sm/,Животные,S (7-14 см),Полистоун,белый,премиум,Нет,Нет,0.07,0.0004,Китай,Нидерланды
2015,6741,Стеклянная елочная игрушка Мышь Лори 10 см,2540.0,/goods/steklyannaya-elochnaya-igrushka-mysh-lori-10-sm/,Животные,S (7-14 см),Стекло,серый,премиум,Нет,Нет,0.02,0.0002,Германия,Германия
2016,6744,Стеклянная елочная игрушка Лиса Патриция 10 см,2540.0,/goods/steklyannaya-elochnaya-igrushka-lisa-patriciya-10-sm/,Животные,S (7-14 см),Стекло,желтый / оранжевый,премиум,Нет,Нет,0.03,0.0004,Германия,Германия
2017,6749,"Елочная игрушка Балерина Лили - Danza di Toulouse 18 см, подвеска",1930.0,/goods/elochnaya-igrushka-balerina-lili---danza-di-toulouse-18-sm-podveska/,Балет,M (15-30 см),Полистоун,розовый,премиум,Нет,Нет,0.06,0.001,Китай,Бельгия
2018,6755,Стеклянная елочная игрушка Заяц Шуня 12 см,2700.0,/goods/steklyannaya-elochnaya-igrushka-zayac-shunya-12-sm/,Животные,S (7-14 см),Стекло,синий / голубой,премиум,Нет,Нет,0.03,0.0004,Германия,Германия
2019,6761,Стеклянная елочная игрушка Сова Сладкие Сны 9 см,3600.0,/goods/steklyannaya-elochnaya-igrushka-sova-sladkie-sny-9-sm/,Птицы,S (7-14 см),Стекло,желтый / оранжевый,премиум,Нет,Нет,0.03,0.0004,Германия,Германия
2020,6764,"Елочная игрушка Балерина Лирия - Лавандовый Вальс 15 см, подвеска",2550.0,/goods/elochnaya-igrushka-balerina-liriya-lavandovyj-vals-15-sm-podveska/,Балет,M (15-30 см),Полистоун,фиолетовый,премиум,Нет,Нет,0.07,0.0006,Китай,Нидерланды
2021,6766,"Светодиодная гирлянда Шишки - Gold Perfecto 1.75 м, 8 теплых белых LED ламп, прозрачный ПВХ, на батарейках, IP20",830.0,/goods/svetodiodnaya-girlyanda-shishki-gold-perfecto-175-m-8-teplyh-belyh-led-lamp-prozrachnyj-pvh-na-batarejkah-ip20/,Шишки и желуди,XXL (81 см и более),Пластик,золото,стандарт,Нет,Да,0.3,0.0039,Китай,Нидерланды
2022,6767,Стеклянная елочная игрушка Бобр Платон 9 см,2380.0,/goods/steklyannaya-elochnaya-igrushka-bobr-platon-9-sm/,Животные,S (7-14 см),Стекло,шоколадный / коричневый,премиум,Нет,Нет,0.03,0.0002,Германия,Германия
2023,6768,Стеклянная елочная игрушка Заяц Руфус 12 см,2320.0,/goods/steklyannaya-elochnaya-igrushka-zayac-rufus-12-sm/,Животные,S (7-14 см),Стекло,шоколадный / коричневый,премиум,Нет,Нет,0.02,0.0003,Германия,Германия
2024,6770,Стеклянная елочная игрушка Волк 11 см,2800.0,/goods/steklyannaya-elochnaya-igrushka-volk-11-sm/,Животные,S (7-14 см),Стекло,кремовый / светлое дерево,премиум,Нет,Нет,0.03,0.0003,Германия,Германия
2025,6771,Стеклянная елочная игрушка Медведица Нико - Ice Country 12 см,2540.0,/goods/steklyannaya-elochnaya-igrushka-medvedica-niko---ice-country-12-sm/,Животные,S (7-14 см),Стекло,белый,премиум,Нет,Нет,0.03,0.0007,Германия,Германия
2026,6776,Декоративный лист Ажурная Калатея 67 см серебристый,190.0,/goods/dekorativnyj-list-azhurnaya-kalateya-67-sm-serebristyj/,"Растения, Листья",XL (51-80 см),Пластик,серебро,стандарт,Нет,Нет,0.02,0.0016,Китай,Нидерланды
2027,6777,"Елочная игрушка Юная балерина-принцесса Лира 13 см, подвеска",1030.0,/goods/elochnaya-igrushka-yunaya-balerina-princessa-lira-13-sm-podveska/,Балет,S (7-14 см),Полистоун,белый,премиум,Нет,Нет,0.04,0.0002,Китай,Бельгия
2028,6778,Деревянная елочная игрушка Снежинка - Морозная Геометрия золотая,230.0,/goods/derevyannaya-elochnaya-igrushka-snezhinka---moroznaya-geometriya-15-sm-zolotaya/,Снежинки,M (15-30 см),Дерево,золото,стандарт,Нет,Нет,0.04,0.0001,Россия,Россия
2029,6780,"Набор стеклянных елочных игрушек Capottera 13 см розовый, 2 шт, подвеска",740.0,/goods/nabor-steklyannyh-elochnyh-igrushek-capottera-13-sm-rozovyj-2-sht-podveska/,Сосульки,S (7-14 см),Стекло,розовый,стандарт,Да,Нет,0.11,0.002,Китай,Нидерланды
2030,6782,"Елочные игрушки Мишки Бэйли - Уютная Зима 6 см, 2 шт",720.0,/goods/nabor-elochnyh-igrushek-mishki-bjejli---uyutnaya-zima-6-sm-2-sht/,Животные,XS (до 6 см),Полистоун,красный / бордовый,стандарт,Да,Нет,0.13,0.0005,Китай,Германия
2031,6783,Стеклянная елочная игрушка Летучая Мышь - Winchester 9 см,2160.0,/goods/steklyannaya-elochnaya-igrushka-letuchaya-mysh---winchester-9-sm/,Животные,S (7-14 см),Стекло,шоколадный / коричневый,премиум,Нет,Нет,0.02,0.0002,Германия,Германия
2032,6787,Искусственная ветка Папоротник Кейнела 82 см,790.0,/goods/iskusstvennaya-vetka-keyneela-82-sm/,"Растения, Листья",XXL (81 см и более),Текстиль,золото,премиум,Нет,Нет,0.02,0.0029,Китай,Италия
2033,6790,Елочная игрушка Колибри - Grisignano di Zocco 9 см оранжевая,720.0,/goods/elochnaya-igrushka-kolibri---grisignano-di-zocco-9-sm-oranzhevaya/,Птицы,S (7-14 см),Акрил,желтый / оранжевый,премиум,Нет,Нет,0.03,0.0013,Китай,Нидерланды
2034,6792,"Набор стеклянных елочных игрушек Campo de Quaro 13 см розовый, 2 шт",960.0,/goods/nabor-steklyannyh-elochnyh-igrushek-campo-de-quaro-13-sm-rozovyj-2-sht-podveska/,Сосульки,S (7-14 см),Стекло,розовый,стандарт,Да,Нет,0.06,0.0021,Китай,Нидерланды
2035,6803,Елочная игрушка Мышка Луи - Карета для Золушки 12 см,970.0,/goods/elochnaya-igrushka-myshka-lui---kareta-dlya-zolushki-12-sm/,Животные,S (7-14 см),Текстиль,желтый / оранжевый,премиум,Нет,Нет,0.04,0.0017,Китай,Нидерланды
2036,6804,Елочная игрушка Мышка Реми - Карета для Золушки 12 см,970.0,/goods/elochnaya-igrushka-myshka-remi---kareta-dlya-zolushki-12-sm/,Животные,S (7-14 см),Текстиль,шоколадный / коричневый,премиум,Нет,Нет,0.04,0.0017,Китай,Нидерланды
2037,6811,"Набор стеклянных елочных игрушек Capottera 13 см бордовый, 2 шт, подвеска",740.0,/goods/nabor-steklyannyh-elochnyh-igrushek-capottera-13-sm-bordovyj-2-sht-podveska/,Сосульки,S (7-14 см),Стекло,красный / бордовый,стандарт,Да,Нет,0.11,0.002,Китай,Нидерланды
2038,6818,"Набор елочных игрушек Снежинки - Fastnacht di Magonza 7 см, 3 шт, подвеска",2850.0,/goods/nabor-elochnyh-igrushek-snezhinki---fastnacht-di-magonza-7-sm-3-sht-podveska/,Снежинки,S (7-14 см),Пластик,розовый,премиум,Да,Нет,0.17,0.001,Китай,Нидерланды
2039,6820,"Елочная игрушка Мишка Гектор с Пингвиненком - Веселые Каникулы 8 см, подвеска",1830.0,/goods/elochnaya-igrushka-mishka-gektor-s-pingvinenkom---veselye-kanikuly-8-sm-podveska/,Животные,S (7-14 см),Полистоун,красный / бордовый,премиум,Нет,Нет,0.1,0.0003,Китай,Нидерланды
2040,6821,"Стеклянная елочная игрушка Птичка - Green Feather 7 см, клипса",2960.0,/goods/steklyannaya-elochnaya-igrushka-ptichka---green-feather-7-sm-klipsa/,Птицы,S (7-14 см),Стекло,зеленый,премиум,Нет,Нет,0.02,0.0002,Германия,Германия
2041,6826,Декоративная фигура Императорский Павлин 46 см,3020.0,/goods/dekorativnaya-figura-imperatorskij-pavlin-46-sm/,Птицы,L (31-50 см),Перья,красный / бордовый,премиум,Нет,Нет,0.07,0.0127,Китай,Нидерланды
2042,6828,"Елочная игрушка Рыбка Цветная 30 см зеленая с красным, подвеска",420.0,/goods/elochnaya-igrushka-rybka-cvetnaya-30-sm-zelenyj-s-krasnym-podveska/,Морские обитатели,M (15-30 см),Пенополистирол,зеленый,стандарт,Нет,Нет,0.02,0.0044,Китай,Нидерланды
2043,6830,Гирлянда - хвост из ягод Нордберрис 145 см ежевичная,980.0,/goods/girlyanda-hvost-iz-yagod-nordberris-145-sm-ezhevichnaya/,"Растения, Листья",XXL (81 см и более),Пенополистирол,фиолетовый,премиум,Нет,Нет,0.02,0.0036,Китай,Германия
2044,6833,Декоративная фигурка Малышка Джессика в красных башмачках 40 см,2860.0,/goods/dekorativnaya-figurka-malyshka-dzhessika-v-krasnyh-bashmachkah-40-sm/,Куклы на елку,L (31-50 см),Текстиль,красный / бордовый,стандарт,Нет,Нет,0.5,0.0094,Китай,Нидерланды
2045,6835,Елочная игрушка Снежинка - Snow Diamond 13 см прозрачная с красным,530.0,/goods/elochnaya-igrushka-snezhinka-snow-diamond-13-sm-prozrachnaya-s-krasnym-podveska/,Снежинки,S (7-14 см),Акрил,красный / бордовый,стандарт,Нет,Нет,0.06,0.0003,Китай,Россия
2046,13682,Елочная подвеска Этнические мотивы 28 см серебряная,260.0,/goods/elochnaya-podveska-jetnicheskie-motivy-serebryanyj-28-sm/,Текстильные игрушки,M (15-30 см),Перья,серебро,стандарт,Нет,Нет,0.01,0.0003,Китай,Нидерланды
2047,13685,"Набор стеклянных елочных игрушек Птички Vercelli 7 см, 2 шт, клипса",1100.0,/goods/nabor-steklyannyh-elochnyh-igrushek-ptichki-vercelli-7-sm-2-sht/,Птицы,S (7-14 см),Стекло,синий / голубой,стандарт,Да,Нет,0.11,0.0004,Китай,Нидерланды
2048,13686,Декоративный лист Ажурная Калатея 67 см пудрово-розовый,120.0,/goods/dekorativnyj-list-azhurnaya-kalateya-67-sm-pudrovo-rozovyj/,"Растения, Листья",XL (51-80 см),Пластик,розовый,стандарт,Нет,Нет,0.01,0.0017,Китай,Нидерланды
2049,13689,"Набор елочных игрушек Сосульки 15 см синий королевский, 6 шт, стекло",740.0,/goods/nabor-elochnyh-igrushek-sosulki-15-sm-sinij-korolevskij-6-sht-steklo/,Сосульки,M (15-30 см),Стекло,синий / голубой,стандарт,Да,Нет,0.12,0.0023,Китай,Нидерланды
2050,13693,Декоративная ветка Искристый Рубин 78 см,430.0,/goods/dekorativnaya-vetka-iskristyj-rubin-78-sm/,"Растения, Листья",XL (51-80 см),Пластик,красный / бордовый,стандарт,Нет,Нет,0.09,0.0059,Китай,Нидерланды
2051,13697,Декоративная фигурка Сова Амандин 15 см,1240.0,/goods/dekorativnaya-figurka-sova-amandin-15-sm/,Птицы,M (15-30 см),Искусственный мех,кремовый / светлое дерево,стандарт,Нет,Нет,0.04,0.0019,Китай,Нидерланды
2052,13699,Искусственная ветка Аэльфред 69 см розовая,680.0,/goods/iskusstvennaya-vetka-ajelfred-69-sm-rozovaya/,"Растения, Листья",XL (51-80 см),Пластик,розовый,стандарт,Нет,Нет,0.09,0.0011,Китай,Нидерланды
2053,13703,Стеклянная елочная игрушка Жемчужный Павлин - 14 см,2280.0,/goods/steklyannaya-elochnaya-igrushka-zhemchuzhnyj-pavlin---14-sm/,Птицы,S (7-14 см),Стекло,синий / голубой,премиум,Нет,Нет,0.07,0.0008,Китай,Бельгия
2054,13708,"Набор елочных игрушек Сосульки 15 см smoke blue, 6 шт",740.0,/goods/nabor-elochnyh-igrushek-sosulki-15-sm-smoke-blue-6-sht/,Сосульки,M (15-30 см),Стекло,синий / голубой,стандарт,Да,Нет,0.09,0.0016,Китай,Нидерланды
2055,13709,"Набор елочных игрушек Звезды 8 см синий королевский, 6 шт, подвеска",350.0,/goods/nabor-elochnyh-igrushek-zvezdy-8-sm-sinij-korolevskij-6-sht-podveska/,Звездочки,S (7-14 см),Пластик,синий / голубой,стандарт,Да,Нет,0.07,0.0008,Китай,Россия
2056,13716,Елочная игрушка Голубь - Weatherly 9 см,220.0,/goods/elochnaya-igrushka-golub---weatherly-9-sm/,Птицы,S (7-14 см),Керамика / Фарфор,белый,эконом,Нет,Нет,0.04,0.0001,Китай,Нидерланды
2057,13718,"Елочная игрушка Балерина Китана - Danse des Flocons 19 см, подвеска",1930.0,/goods/elochnaya-igrushka-balerina-kitana---danse-des-flocons-19-sm-podveska/,Балет,M (15-30 см),Полистоун,белый,премиум,Нет,Нет,0.06,0.0013,Китай,Бельгия
2058,13720,"Набор елочных игрушек Снежинки - Barcadero Gold 13 см, 3 шт",810.0,/goods/nabor-elochnyh-igrushek-snezhinki-reznye-12-sm-3-sht/,Снежинки,S (7-14 см),Акрил,золото,стандарт,Да,Нет,0.19,0.0008,Китай,Нидерланды
2059,13724,"Елочная игрушка Балерина Дженис - Perfection 17 см, подвеска",1760.0,/goods/elochnaya-igrushka-balerina-dzhenis---perfection-17-sm-podveska/,Балет,M (15-30 см),Полистоун,синий / голубой,премиум,Нет,Нет,0.06,0.0006,Тайвань,Италия
2060,13730,Елочная игрушка Радужная Птичка - Ciels de Nacre 13 см,1720.0,/goods/elochnaya-igrushka-raduzhnaya-ptichka---ciels-de-nacre-13-sm/,Птицы,S (7-14 см),Полистоун,розовый,премиум,Нет,Нет,0.08,0.0005,Китай,Бельгия
2061,13733,"Елочная игрушка Балерина Мария - Marble Maiden 14 см, подвеска",1510.0,/goods/elochnaya-igrushka-balerina-mariya---marble-maiden-14-sm-podveska/,Балет,S (7-14 см),Полистоун,серебро,премиум,Нет,Нет,0.03,0.0004,Китай,Нидерланды
2062,13735,Верхушка на елку Звезда Ажурная 15 см серебряная,520.0,/goods/verhushka-na-elku-zvezda-azhurnaya-15-sm-serebryanaya/,Игрушки для настольных елок,M (15-30 см),Акрил,серебро,стандарт,Нет,Нет,0.07,0.0003,Китай,Россия
2063,13738,Декоративная ветка Filovelia 53 см,1140.0,/goods/dekorativnaya-vetka-filovelia-53-sm/,"Растения, Листья",XL (51-80 см),Пластик,золото,премиум,Нет,Нет,0.06,0.0012,Таиланд,Россия
2064,13746,"Елочная игрушка Танцовщица Камилла - Ласточкин балет 15 см, подвеска",2000.0,/goods/elochnaya-igrushka-tancovshhica-kamilla---lastochkin-balet-15-sm-podveska/,Балет,M (15-30 см),Полистоун,серебро,премиум,Нет,Нет,0.06,0.0003,Китай,Нидерланды
2065,13751,"Набор елочных игрушек Сосульки 15 см оранжевый шелк, 6 шт, стекло",740.0,/goods/nabor-elochnyh-igrushek-sosulki-15-sm-oranzhevyj-shelk-6-sht-steklo/,Сосульки,M (15-30 см),Стекло,желтый / оранжевый,стандарт,Да,Нет,0.07,0.0023,Китай,Нидерланды
2066,13759,Гирлянда Боа из перьев 184 см мраморный розовый,820.0,/goods/girlyanda-boa-iz-perev-184-sm-mramornyj-rozovyj/,Текстильные игрушки,XXL (81 см и более),Перья,розовый,стандарт,Нет,Нет,0.09,0.002,Китай,Нидерланды
2067,13762,Елочная игрушка Колибри Делис - Azure Wonders 6 см,970.0,/goods/elochnaya-igrushka-kolibri-jevelin-6-sm-podveska/,Птицы,XS (до 6 см),Пластик,красный / бордовый,премиум,Нет,Нет,0.04,0.0007,Китай,Нидерланды
2068,13765,Декоративный лист Ажурная Калатея 67 см красный,130.0,/goods/dekorativnyj-list-azhurnaya-kalateya-67-sm-krasnyj/,"Растения, Листья",XL (51-80 см),Пластик,красный / бордовый,стандарт,Нет,Нет,0.11,0.0016,Китай,Нидерланды
2069,13770,"Елочная игрушка Сосулька Серебристая Капелька 26 см, 2 шт, подвеска",320.0,/goods/elochnaya-igrushka-sosulka-serebristaya-kapelka-26-sm-2-sht-podveska/,Сосульки,M (15-30 см),Пластик,серебро,эконом,Нет,Нет,0.02,0.0003,Китай,Нидерланды
2070,13772,"Елочная игрушка Птичка Джанни - Autumn Forest 12 см, подвеска",1680.0,/goods/elochnaya-igrushka-ptichka-dzhanni---autumn-forest-12-sm-podveska/,Птицы,S (7-14 см),Полистоун,красный / бордовый,премиум,Нет,Нет,0.09,0.0005,Китай,Нидерланды
2071,13774,Искусственная ветка Miada 98 см шампань,1900.0,/goods/iskusstvennaya-vetka-miada-98-sm-shampan/,"Растения, Листья",XXL (81 см и более),Пластик,золото,стандарт,Нет,Нет,0.35,0.0173,Китай,Нидерланды
2072,13775,"Елочная игрушка Балерина Уочиви - Spettacolo Burlesque 18 см, подвеска",970.0,/goods/elochnaya-igrushka-balerina-uochivi---spettacolo-burlesque-podveska/,Балет,S (7-14 см),Пластик,красный / бордовый,премиум,Нет,Нет,0.03,0.001,Китай,Нидерланды
2073,13781,Искусственная ветка Liaruld Gingko 78 см,1420.0,/goods/iskusstvennaya-vetka-liaruld-gingko-78-sm/,"Растения, Листья",XL (51-80 см),Пластик,золото,премиум,Нет,Нет,0.06,0.0019,Китай,Бельгия
2074,13782,"Елочное украшение Духи Lady Coco - Danse du Parfum 16 см, подвеска",4390.0,/goods/elochnoe-ukrashenie-duhi-lady-coco-danse-du-parfum-16-sm-podveska/,Балет,M (15-30 см),Полистоун,кремовый / светлое дерево,премиум,Нет,Нет,0.07,0.0007,Китай,Бельгия
2075,13784,"Елочная игрушка Колибри Shiny White 9 см, подвеска",700.0,/goods/elochnaya-igrushka-kolibri-shiny-white-9-sm-podveska/,Птицы,S (7-14 см),Пластик,белый,премиум,Нет,Нет,0.07,0.0012,Китай,Нидерланды
2076,13789,Декоративный лист Ажурная Калатея 67 см светло-золотой,190.0,/goods/dekorativnyj-list-azhurnaya-kalateya-67-sm-svetlo-zolotoj/,"Растения, Листья",XL (51-80 см),Пластик,золото,стандарт,Нет,Нет,0.07,0.0016,Китай,Нидерланды
2077,13790,"Елочная игрушка Балерина Металина - Perla Caprici Golde 17 см, подвеска",2100.0,/goods/elochnaya-igrushka-balerina-metalina---perla-caprici-golde-17-sm-podveska/,Балет,M (15-30 см),Полистоун,золото,премиум,Нет,Нет,0.07,0.0007,Китай,Бельгия
2078,13792,"Елочная игрушка Снежинка Монтиньямо 15 см, подвеска",970.0,/goods/elochnaya-igrushka-snezhinka-montinyamo-15-sm-podveska/,Снежинки,M (15-30 см),Пластик,золото,стандарт,Нет,Нет,0.02,0.0005,Китай,Нидерланды
2079,13800,"Набор елочных игрушек Балерины Лисбет и Жаклин - Кристальные Пуанты 15 см, 2 шт, подвеска",760.0,/goods/nabor-elochnyh-igrushek-baleriny-lisbet-i-zhaklin---kristalnye-puanty-15-sm-2-sht-podveska/,Балет,M (15-30 см),Акрил,розовый,стандарт,Да,Нет,0.09,0.0011,Китай,Россия
2080,13803,"Декоративное украшение Птичка Дженнифер 17 см, 2 шт, клипса",430.0,/goods/dekorativnoe-ukrashenie-ptichka-dzhennifer-17-sm-2-sht-klipsa/,Птицы,M (15-30 см),Текстиль,красный / бордовый,стандарт,Да,Нет,0.02,0.0018,Китай,Нидерланды
2081,13805,"Елочная игрушка Балерина Дороти 13 см, подвеска",1550.0,/goods/elochnaya-igrushka-tancuyushhaya-devushka-v-svetlom-naryade-2-13-sm-podveska/,Балет,S (7-14 см),Полистоун,золото,премиум,Нет,Нет,0.07,0.0006,Китай,Бельгия
2082,13809,"Набор елочных игрушек Сосульки Мозаика 15 см, 4 шт, стекло, подвеска",910.0,/goods/nabor-elochnyh-igrushek-sosulki-mozaika-4-sht-steklo-podveska/,Сосульки,M (15-30 см),Стекло,разноцветные,стандарт,Да,Нет,0.09,0.0026,Россия,Россия
2083,13813,Декоративная ветка Caulfield 79 см бордо,240.0,/goods/dekorativnaya-vetka-caulfield-79-sm-bordo/,"Растения, Листья",XL (51-80 см),Пластик,красный / бордовый,стандарт,Нет,Нет,0.11,0.0017,Китай,Нидерланды
2084,13816,"Елочное украшение Птичка Сероголовая 12 см, 2 шт, клипса",320.0,/goods/elochnoe-ukrashenie-ptichka-serogolovaya-12-sm-2-sht-klipsa/,Птицы,S (7-14 см),Перья,шоколадный / коричневый,стандарт,Да,Нет,0.03,0.0008,Китай,Нидерланды
2085,13819,Елочная игрушка Сова Джемма - Winter Baroque 10 см,3440.0,/goods/elochnaya-igrushka-sova-dzhemma---winter-baroque-10-sm/,Птицы,S (7-14 см),Полистоун,кремовый / светлое дерево,премиум,Нет,Нет,0.06,0.0002,Филиппины,Бельгия
2086,13823,"Елочная игрушка Сова на Веточке 12 см серебряно-золотая, подвеска",380.0,/goods/elochnaya-igrushka-sova-na-vetochke12-sm-serebryano-zolotaya-podveska/,Птицы,S (7-14 см),Акрил,серебро,стандарт,Нет,Нет,0.03,0.0006,Китай,Россия
2087,13824,"Набор елочных игрушек Снежинка - Verde Pino золотой, 12 шт, подвеска",730.0,/goods/nabor-elochnyh-igrushek-snezhinka---verde-pino-zolotoj-12-sht-podveska/,Снежинки,S (7-14 см),Пластик,золото,эконом,Да,Нет,0.13,0.001,Китай,Нидерланды
2088,13825,Елочная игрушка Белка Венья с Желудями - Enchanted Forest 11 см,1570.0,/goods/elochnaya-igrushka-belka-venya-s-zheludyami---enchanted-forest-11-sm/,Животные,S (7-14 см),Полистоун,шоколадный / коричневый,премиум,Нет,Нет,0.09,0.0003,Китай,Нидерланды
2089,13826,Елочная игрушка Белка Гайя с Желудями - Enchanted Forest 11 см,1570.0,/goods/elochnaya-igrushka-belka-gajya-s-zheludyami---enchanted-forest-11-sm/,Животные,S (7-14 см),Полистоун,шоколадный / коричневый,премиум,Нет,Нет,0.09,0.0003,Китай,Нидерланды
2090,13829,Искусственная ветка Мадейра 86 см медно-розовая,1210.0,/goods/iskusstvennaya-vetka-madejra-86-sm-medno-rozovaya/,"Растения, Листья",XXL (81 см и более),Текстиль,розовый,премиум,Нет,Нет,0.09,0.0096,Китай,Италия
2091,13831,"Елочные игрушки Шишки 6 см персиковый mix, 12 шт, стекло",470.0,/goods/nabor-steklyannyh-elochnyh-igrushek-shishki-6-sm-persikovyj-mix-12-sht/,Шишки и желуди,XS (до 6 см),Стекло,розовый,стандарт,Да,Нет,0.07,0.0007,Китай,Россия
2092,13833,"Светодиодная гирлянда для дома Мармеладные Мишки 2.4 м, 30 разноцветных LED, прозрачный ПВХ, контроллер, IP20",900.0,/goods/svetodiodnaya-girlyanda-dlya-doma-medvezhata-24-m-30-raznocvetnyh-led-prozrachnyj-pvh-kontroller/,Животные,XS (до 6 см),Пластик,разноцветные,стандарт,Нет,Да,0.26,0.0012,Китай,Россия
2093,13846,Декоративный лист Ажурная Калатея 67 см золотой,180.0,/goods/dekorativnyj-list-azhurnaya-kalateya-67-sm-zolotoj/,"Растения, Листья",XL (51-80 см),Пластик,золото,стандарт,Нет,Нет,0.01,0.0017,Китай,Нидерланды
2094,13855,"Елочная игрушка Балерина Амелия - Balletto Magico 9 см, подвеска",760.0,/goods/elochnaya-igrushka-balerina-ameliya---balletto-magico-9-sm-podveska/,Балет,S (7-14 см),Полистоун,белый,стандарт,Нет,Нет,0.02,0.0001,Китай,Бельгия
2095,13858,"Елочная игрушка Птичка Анисса 7 см, клипса",330.0,/goods/elochnaya-igrushka-ptichka-anissa-7-sm-klipsa/,Птицы,S (7-14 см),Пенополистирол,шоколадный / коричневый,премиум,Нет,Нет,0.01,0.0001,Китай,Бельгия
2096,13873,"Елочная игрушка Балерина Жаклин - Dance of Juliard 11 см, подвеска",830.0,/goods/elochnaya-igrushka-balerina-zhaklin---dance-of-juliard-11-sm-podveska/,Балет,S (7-14 см),Полистоун,розовый,премиум,Нет,Нет,0.03,0.0003,Китай,Бельгия
2097,13875,Деревянная елочная игрушка Снежинка - Зимний Цветок золотая,230.0,/goods/derevyannaya-elochnaya-igrushka-snezhinka---zimnij-cvetok-15-sm-zolotaya/,Снежинки,M (15-30 см),Дерево,золото,эконом,Нет,Нет,0.04,0.0001,Россия,Россия
2098,13877,Елочная игрушка Снежинка Грейс 20 см,300.0,/goods/elochnaya-igrushka-snezhinka-grejs-20-sm/,Снежинки,M (15-30 см),Пенополистирол,белый,стандарт,Нет,Нет,0.02,0.001,Китай,Нидерланды
2099,13878,"Набор елочных игрушек Сосульки Маячок 13 см сиреневые, 4 шт, стекло, подвеска",1100.0,/goods/nabor-elochnyh-igrushek-sosulki-mayachok-13-sm-sirenevye-4-sht-steklo-podveska/,Сосульки,S (7-14 см),Стекло,фиолетовый,стандарт,Да,Нет,0.04,0.0019,Россия,Россия
2100,13880,"Стеклянная елочная игрушка Зимородок Скай 10 см, клипса",2220.0,/goods/steklyannaya-elochnaya-igrushka-zimorodok-skaj-10-sm-klipsa/,Птицы,S (7-14 см),Стекло,синий / голубой,премиум,Нет,Нет,0.03,0.0003,Германия,Германия
2101,13885,"Елочная игрушка Снежинка Драгоценная 10 см янтарная, подвеска",500.0,/goods/elochnoe-ukrashenie-snezhinka-dragocennaya-10-sm-yantar-podveska/,Снежинки,S (7-14 см),Акрил,шоколадный / коричневый,стандарт,Нет,Нет,0.04,0.0002,Китай,Россия
2102,13890,"Искусственный лист Ажурная Монстера 78 см, красная",380.0,/goods/iskusstvennyj-list-azhurnaya-monstera-78-sm-krasnaya/,"Растения, Листья",XL (51-80 см),Пластик,красный / бордовый,стандарт,Нет,Нет,0.07,0.0015,Китай,Нидерланды
2103,13900,"Елочное украшение Балерина Мари-Франсуаз - Кабаре Chat Noir 15 см в пудровом платье, подвеска",3500.0,/goods/elochnoe-ukrashenie-balerina-mari-fransuaz-15-sm-v-pudrovom-plate-podveska/,Балет,M (15-30 см),Полистоун,розовый,премиум,Нет,Нет,0.07,0.0006,Китай,Бельгия
2104,13902,"Набор елочных игрушек Снежинка - Ori Sendore 9-12 см темно-красный, 12 шт",730.0,/goods/nabor-elochnyh-igrushek-snezhinka---ori-sendore-temno-krasnyj-12-sht-podveska/,Снежинки,S (7-14 см),Пластик,красный / бордовый,эконом,Да,Нет,0.13,0.0011,Китай,Нидерланды
2105,13903,"Набор елочных игрушек Сосульки 15 см рождественский зеленый, 6 шт, стекло",740.0,/goods/nabor-elochnyh-igrushek-sosulki-15-sm-rozhdestvenskij-zelenyj-6-sht-steklo/,Сосульки,M (15-30 см),Стекло,зеленый,стандарт,Да,Нет,0.12,0.0023,Китай,Нидерланды
2106,13908,Декоративная ветка Летняя Свежесть 23 см,120.0,/goods/dekorativnaya-vetka-letnyaya-svezhest-23-sm/,"Растения, Листья",M (15-30 см),Пластик,зеленый,стандарт,Нет,Нет,0.02,0.0012,Китай,Швеция
2107,13910,"Елочная игрушка Kristal Колибри 10 см бирюзовая, подвеска",720.0,/goods/elochnaya-igrushka-hrustalnaya-kolibri-10-sm-biryuzovaya-podveska/,Птицы,S (7-14 см),Акрил,бирюзовый,стандарт,Нет,Нет,0.03,0.0012,Китай,Нидерланды
2108,13914,"Елочное украшение Балерина-Прелестница-1 15 см белый с золотым, подвеска",310.0,/goods/elochnoe-ukrashenie-balerina-prelestnica-15-sm-serebro-s-zolotom-podveska/,Балет,M (15-30 см),Акрил,золото,стандарт,Нет,Нет,0.04,0.0005,Китай,Россия
2109,13915,Деревянная елочная игрушка Снежинка - Морозная Геометрия серебряная,230.0,/goods/derevyannaya-elochnaya-igrushka-snezhinka---moroznaya-geometriya-15-sm-serebryanaya/,Снежинки,M (15-30 см),Дерево,серебро,стандарт,Нет,Нет,0.04,0.0001,Россия,Россия
2110,13916,"Елочная игрушка Солнечная Птичка Колибри 13 см бирюзовая, подвеска",640.0,/goods/elochnaya-igrushka-solnechnaya-ptichka-kolibri-13-sm-biryuzovaya-podveska/,Птицы,S (7-14 см),Акрил,бирюзовый,стандарт,Нет,Нет,0.06,0.0008,Китай,Россия
2111,13919,"Набор елочных игрушек Птички - Spring Тunes 5 см, 4 шт",3110.0,/goods/nabor-elochnyh-igrushek-ptichki---spring-tunes-5-sm-4-sht/,Птицы,XS (до 6 см),Полистоун,серый,премиум,Да,Нет,0.16,0.0009,Китай,Бельгия
2112,13923,"Новогодние прищепки Золотые Снежинки 5 см, 8 шт",420.0,/goods/novogodnie-prishhepki-zolotye-snezhinki-5-sm-8-sht/,Снежинки,XS (до 6 см),Дерево,золото,стандарт,Да,Нет,0.06,0.0002,Китай,Германия
2113,13933,"Стеклянная елочная игрушка Снеговик Лорри с друзьями 14 см, подвеска",2410.0,/goods/steklyannaya-elochnaya-igrushka-snegovik-lorri-s-druzyami-14-sm-podveska/,"Дед Мороз, Снегурочка и Снеговик",14 см.,Стекло,разноцветные,премиум,Нет,Нет,0.1,0.0018,Китай,Нидерланды
2114,13940,"Елочная игрушка с перьями Кисточка Альтео 22 см синяя, подвеска",400.0,/goods/elochnaya-igrushka-s-peryami-kistochka-alteo-22-sm-sinyaya-podveska/,Текстильные игрушки,M (15-30 см),Перья,синий / голубой,стандарт,Нет,Нет,0.04,0.0004,Китай,Нидерланды
2115,13941,"Набор елочных мини-украшений Christmas Gift: Warm Glow, 30 шт, пластик",500.0,/goods/nabor-elochnyh-mini-ukrashenij-christmas-gift-warm-glow-30-sht-plastik/,Игрушки для настольных елок,XS (до 6 см),Пластик,золото,стандарт,Да,Нет,0.11,0.0033,Китай,Нидерланды
2117,13957,"Елочная игрушка Царевна-Лебедь, 12 см, шампань, подвеска",310.0,/goods/elochnaya-igrushka-carevna-lebed-12-sm-shampan-podveska/,Птицы,S (7-14 см),Акрил,прозрачный,стандарт,Нет,Нет,0.02,0.0008,Китай,Россия
2118,13970,"Елочная игрушка Балерина Тирелия - Balletto Magico 9 см, подвеска",760.0,/goods/elochnaya-igrushka-balerina-tireliya---balletto-magico-9-sm-podveska/,Балет,S (7-14 см),Полистоун,белый,стандарт,Нет,Нет,0.02,0.0001,Китай,Бельгия
2119,13978,"Елочная игрушка Балерина Мари Роуз 17 см в танце, подвеска",1510.0,/goods/elochnaya-igrushka-balerina-mari-rouz-17-sm-v-tance-podveska/,Балет,M (15-30 см),Полистоун,белый,стандарт,Нет,Нет,0.07,0.0004,Китай,Нидерланды
2120,13990,Деревянная елочная игрушка Снежинка - Снежная Корона серебряная,230.0,/goods/derevyannaya-elochnaya-igrushka-snezhinka---snezhnaya-korona-15-sm-serebryanaya/,Снежинки,M (15-30 см),Дерево,серебро,стандарт,Нет,Нет,0.04,0.0001,Россия,Россия
2121,13992,"Именная елочная игрушка Белый венок с голубками 8 см, подвеска",1570.0,/goods/imennaya-elochnaya-igrushka-belyj-venok-s-golubkami-8-sm-podveska/,Птицы,S (7-14 см),Полистоун,белый,стандарт,Нет,Нет,0.09,0.0004,Китай,Нидерланды
2122,14000,"Елочная игрушка с перьями Кисточка Альтео 22 см желтая, подвеска",400.0,/goods/elochnaya-igrushka-s-peryami-kistochka-alteo-22-sm-zheltaya-podveska/,Текстильные игрушки,M (15-30 см),Перья,золото,стандарт,Нет,Нет,0.04,0.0004,Китай,Нидерланды
2123,14004,Декоративная фигурка Сова Оттавиа - Gufo Saggio 24 см,1280.0,/goods/dekorativnaya-figurka-sova-diana-24-sm/,Птицы,M (15-30 см),Искусственный мех,шоколадный / коричневый,стандарт,Нет,Нет,0.03,0.004,Китай,Нидерланды
2124,14012,"Елочная игрушка Павлин Карло из поместья Сан Сальваторе 22 см, подвеска",3140.0,/goods/elochnaya-igrushka-pavlin-karlo-iz-pomestya-san-salvatore-22-sm-podveska/,Птицы,M (15-30 см),Полистоун,белый,премиум,Нет,Нет,0.19,0.0025,Китай,Бельгия
2125,14018,"Елочная игрушка Балерина Колетт - Grand de Pazhe 19 см, подвеска",1880.0,/goods/elochnaya-igrushka-balerina-kolett---grand-de-pazhe-19-sm-podveska/,Балет,M (15-30 см),Полистоун,белый,премиум,Нет,Нет,0.06,0.0005,Китай,Бельгия
2126,14022,Деревянная елочная игрушка Снежинка - Зимний Цветок синяя,230.0,/goods/derevyannaya-elochnaya-igrushka-snezhinka---zimnij-cvetok-15-sm-sinyaya/,Снежинки,M (15-30 см),Дерево,синий / голубой,стандарт,Нет,Нет,0.04,0.0001,Россия,Россия
2127,14030,"Елочные игрушки Звезды 4.5 см folk blue mix, 12 шт, стекло",460.0,/goods/nabor-steklyannyh-elochnyh-igrushek-zvezdy-45-sm-folk-blue-mix-12-sht/,Звездочки,XS (до 6 см),Стекло,синий / голубой,стандарт,Да,Нет,0.09,0.0006,Китай,Россия
2128,14037,"Елочная игрушка с перьями Кисточка Альтео 22 см оранжевая, подвеска",400.0,/goods/elochnaya-igrushka-s-peryami-kistochka-alteo-22-sm-oranzhevaya-podveska/,Текстильные игрушки,M (15-30 см),Перья,желтый / оранжевый,стандарт,Нет,Нет,0.04,0.0004,Китай,Нидерланды
2129,14042,Деревянная елочная игрушка Снежинка - Зимний Цветок серебряная,230.0,/goods/derevyannaya-elochnaya-igrushka-snezhinka---zimnij-cvetok-15-sm-serebryanaya/,Снежинки,M (15-30 см),Дерево,серебро,стандарт,Нет,Нет,0.04,0.0001,Россия,Россия
2130,14044,Стеклянная елочная игрушка Снеговички - Sledding Fun 11 см,4440.0,/goods/steklyannaya-elochnaya-igrushka-snegovik---sledding-fun-11-sm/,"Дед Мороз, Снегурочка и Снеговик",S (7-14 см),Стекло,кремовый / светлое дерево,премиум,Нет,Нет,0.03,0.0003,Германия,Германия
2131,14045,Стеклянная елочная игрушка Снеговик Кардинал 10 см,3100.0,/goods/steklyannaya-elochnaya-igrushka-snegovik-kardinal-10-sm/,"Дед Мороз, Снегурочка и Снеговик",S (7-14 см),Стекло,белый,премиум,Нет,Нет,0.02,0.0002,Германия,Германия
2132,14046,Стеклянная елочная игрушка Санта Альбус 12 см,4760.0,/goods/steklyannaya-elochnaya-igrushka-santa-albus-12-sm/,"Дед Мороз, Снегурочка и Снеговик",S (7-14 см),Стекло,черный,премиум,Нет,Нет,0.03,0.0004,Германия,Германия
2133,14050,"Елочная игрушка Балерина Оливия - Grand de Pazhe 19 см, подвеска",1880.0,/goods/elochnaya-igrushka-balerina-oliviya---grand-de-pazhe-19-sm-podveska/,Балет,M (15-30 см),Полистоун,белый,премиум,Нет,Нет,0.06,0.0005,Китай,Бельгия
2134,14054,"Елочные игрушки Банты Фрейлины Розали 12 см, 3 шт",1100.0,/goods/nabor-elochnyh-igrushek-banty-frejliny-rozali-12-sm-3-sht/,Банты на елку,S (7-14 см),Пластик,красный / бордовый,стандарт,Да,Нет,0.07,0.0009,Китай,Нидерланды
2135,14055,Елочная игрушка Enchanted Forest Snowman 8 см,1100.0,/goods/elochnaya-igrushka-enchanted-forest-snowman-8-sm/,"Дед Мороз, Снегурочка и Снеговик",S (7-14 см),Полистоун,шоколадный / коричневый,премиум,Нет,Нет,0.03,0.0002,Китай,Нидерланды
2136,14056,Елочная игрушка Magical Forest Snowman 8 см,1100.0,/goods/elochnaya-igrushka-magical-forest-snowman-8-sm/,"Дед Мороз, Снегурочка и Снеговик",S (7-14 см),Полистоун,шоколадный / коричневый,премиум,Нет,Нет,0.03,0.0002,Китай,Нидерланды
2137,14057,Елочная игрушка Санта с Сердцем из Омеловой Долины 13 см,2170.0,/goods/elochnaya-igrushka-santa-s-serdcem-iz-omelovoj-doliny-13-sm/,"Дед Мороз, Снегурочка и Снеговик",S (7-14 см),Полистоун,разноцветные,премиум,Нет,Нет,0.13,0.0006,Китай,Нидерланды
2138,14058,Елочная игрушка Санта с Венком из Омеловой Долины 13 см,2170.0,/goods/elochnaya-igrushka-santa-s-venkom-iz-omelovoj-doliny-13-sm/,"Дед Мороз, Снегурочка и Снеговик",S (7-14 см),Полистоун,зеленый,премиум,Нет,Нет,0.13,0.0006,Китай,Нидерланды
2139,14062,"Елочная игрушка Балерина Кристи - Dance of Juliard 11 см, подвеска",830.0,/goods/elochnaya-igrushka-balerina-kristi---dance-of-juliard-11-sm-podveska/,Балет,S (7-14 см),Полистоун,золото,премиум,Нет,Нет,0.03,0.0002,Китай,Бельгия
2140,14064,"Елочная игрушка с перьями Кисточка Альтео 22 см бордовая, подвеска",400.0,/goods/elochnaya-igrushka-s-peryami-kistochka-alteo-22-sm-bordovaya-podveska/,Текстильные игрушки,M (15-30 см),Перья,красный / бордовый,стандарт,Нет,Нет,0.04,0.0004,Китай,Нидерланды
2141,14065,"Набор елочных мини-украшений Christmas Gift: Розовые Облака, 30 шт, пластик",500.0,/goods/nabor-elochnyh-mini-ukrashenij-christmas-gift-rozovye-oblaka-30-sht-plastik/,Игрушки для настольных елок,XS (до 6 см),Пластик,розовый,стандарт,Да,Нет,0.11,0.0033,Китай,Нидерланды
2142,14076,"Набор елочных игрушек Снежинка - Verde Pino зеленый, 12 шт",730.0,/goods/nabor-elochnyh-igrushek-snezhinka---verde-pino-zelenyj-12-sht-podveska/,Снежинки,S (7-14 см),Пластик,зеленый,эконом,Да,Нет,0.13,0.001,Китай,Нидерланды
2143,14082,Декоративная фигура Сова Бернайс 31 см,6930.0,/goods/dekorativnaya-figura-sova-bernajs-31-sm/,Птицы,M (15-30 см),Искусственный мех,шоколадный / коричневый,премиум,Нет,Нет,0.12,0.0081,Китай,Бельгия
2144,14094,"Набор деревянных елочных игрушек Monticello 10 см черный, 3 шт, подвеска",600.0,/goods/nabor-derevyannyh-elochnyh-igrushek-monticello-10-sm-chernyj-3-sht-podveska/,Деревянные игрушки,S (7-14 см),Дерево,черный,стандарт,Да,Нет,0.11,0.0007,Индия,Нидерланды
2145,14095,"Украшение Снежки, 100 мм, 4 шт",260.0,/goods/ukrashenie-snezhki-100-mm-4sht/,Снежинки,S (7-14 см),Текстиль,белый,стандарт,Да,Нет,0.09,0.0054,Китай,Нидерланды
2146,14101,"Елочная игрушка Золотистый Птенчик на шишке 6 см, подвеска",440.0,/goods/elochnaya-igrushka-zolotistyj-ptenchik-na-shishke-6-sm-podveska/,Птицы,XS (до 6 см),Полистоун,шоколадный / коричневый,стандарт,Нет,Нет,0.03,0.0001,Китай,Нидерланды
2147,14104,"Елочная игрушка с перьями Кисточка Альтео 22 см красная, подвеска",400.0,/goods/elochnaya-igrushka-s-peryami-kistochka-alteo-22-sm-krasnaya-podveska/,Текстильные игрушки,M (15-30 см),Перья,красный / бордовый,стандарт,Нет,Нет,0.04,0.0004,Китай,Нидерланды
2148,14112,Стеклянная елочная игрушка Снеговичок Джэйми - Джентельмен из Энфилда 14 см,1810.0,/goods/steklyannaya-elochnaya-igrushka-snegovichok-dzhjejmi---dzhentelmen-iz-jenfilda-14-sm/,"Дед Мороз, Снегурочка и Снеговик",S (7-14 см),Стекло,синий / голубой,премиум,Нет,Нет,0.04,0.0009,Китай,Нидерланды
2149,14113,Стеклянная елочная игрушка Санта с колокольчиком - Forest Christmas 15 см,1690.0,/goods/steklyannaya-elochnaya-igrushka-santa-s-kolokolchikom---forest-christmas-15-sm/,"Дед Мороз, Снегурочка и Снеговик",M (15-30 см),Стекло,зеленый,премиум,Нет,Нет,0.03,0.0008,Китай,Нидерланды
2150,14116,"Елочная игрушка Балерина Никиша Браун из Дижонской труппы 14 см, подвеска",1790.0,/goods/elochnaya-igrushka-balerina-nikisha-braun-iz-dizhonskoj-truppy-14-sm-podveska/,Балет,S (7-14 см),Полистоун,белый,премиум,Нет,Нет,0.06,0.0006,Китай,Бельгия
2151,14117,"Набор стеклянных елочных игрушек Гранатовый Коктейль, 12 шт, подвеска",490.0,/goods/nabor-steklyannyh-elochnyh-igrushek-granatovyj-koktejl-12-sht-podveska/,Стеклянные игрушки,XS (до 6 см),Стекло,красный / бордовый,стандарт,Да,Нет,0.09,0.0006,Китай,Россия
2152,14123,"Набор стеклянных елочных игрушек Charming Owlets 10 см, 9 шт, подвеска",5130.0,/goods/nabor-steklyannyh-elochnyh-igrushek-charming-owlets-10-sm-9-sht-podveska/,Птицы,S (7-14 см),Стекло,кремовый / светлое дерево,стандарт,Да,Нет,0.48,0.0084,Китай,Нидерланды
2153,14125,"Елочная игрушка Балерина Лукреция - Pas de poisson 13 см, подвеска",600.0,/goods/elochnaya-igrushka-balerina-lukreciya-pas-de-poisson-13-sm-podveska/,Балет,S (7-14 см),Акрил,прозрачный,стандарт,Нет,Нет,0.09,0.0004,Китай,Нидерланды
2154,14126,"Елочная игрушка Kristal Колибри 10 см красная, подвеска",720.0,/goods/elochnaya-igrushka-hrustalnaya-kolibri-10-sm-krasnaya-podveska/,Птицы,S (7-14 см),Акрил,красный / бордовый,стандарт,Нет,Нет,0.04,0.0008,Китай,Нидерланды
2155,14131,Гирлянда боа из перьев Frusten 180 см бордовая,1180.0,/goods/girlyanda-boa-iz-perev-frusten-180-sm-bordovaya/,Текстильные игрушки,XXL (81 см и более),Перья,красный / бордовый,стандарт,Нет,Нет,0.07,0.0037,Китай,Нидерланды
2156,14135,"Елочная игрушка Балерина в белоснежном платье - в поклоне 13 см, подвеска",400.0,/goods/elochnaya-igrushka-balerina-v-belosnezhnom-plate-v-poklone-13-sm-podveska/,Балет,S (7-14 см),Акрил,белый,стандарт,Нет,Нет,0.04,0.0006,Китай,Россия
2157,14136,Верхушка на елку Снежинка Заполярья 13 см золотая,1080.0,/goods/verhushka-na-yolku-snezhinka-zapolyarya-13-sm-zolotaya/,Игрушки для настольных елок,S (7-14 см),Пластик,золото,премиум,Нет,Нет,0.11,0.0015,Китай,Нидерланды
2158,14137,"Елочная игрушка Рыбка Леви - Sultano del Ori Mare 14 см, подвеска",3840.0,/goods/elochnaya-igrushka-rybka-levi---sultano-del-ori-mare-14-sm-podveska/,Морские обитатели,S (7-14 см),Полистоун,золото,премиум,Нет,Нет,0.03,0.0003,Филиппины,Бельгия
2159,14138,"Елочная игрушка Хрустальный Лебедь Корделия 13 см, подвеска",340.0,/goods/elochnaya-igrushka-hrustalnyj-lebed-kordeliya-13-sm-podveska/,Птицы,S (7-14 см),Акрил,белый,стандарт,Нет,Нет,0.04,0.0006,Китай,Россия
2160,14139,"Верхушка на елку Rowanberry Dream 27 см, стекло",670.0,/goods/verhushka-na-elku-rowanberry-dream-27-sm-steklo/,"Растения, Листья",M (15-30 см),Стекло,синий / голубой,стандарт,Нет,Нет,0.09,0.0029,Россия,Россия
2161,14140,"Набор елочных игрушек Brave Soldati 12 см, 6 шт, подвеска",2280.0,/goods/nabor-elochnyh-igrushek-brave-soldati-12-sm-6-sht-podveska/,Деревянные игрушки,S (7-14 см),Дерево,разноцветные,стандарт,Да,Нет,0.3,0.0018,Китай,Италия
2162,14146,"Стеклянная елочная игрушка Попугай Домиано 18 см, желтый, подвеска",1380.0,/goods/steklyannaya-elochnaya-igrushka-popugaj-domiano-zheltyj-podveska/,Птицы,M (15-30 см),Стекло,желтый / оранжевый,премиум,Нет,Нет,0.11,0.001,Польша,Польша
2163,14147,"Елочная игрушка Балерина Офелия - Balletto Magico 9 см, подвеска",760.0,/goods/elochnaya-igrushka-balerina-ofeliya---balletto-magico-9-sm-podveska/,Балет,S (7-14 см),Полистоун,белый,стандарт,Нет,Нет,0.02,0.0001,Китай,Бельгия
2164,14154,Деревянная елочная игрушка Снежинка - Снежная Корона красная,230.0,/goods/derevyannaya-elochnaya-igrushka-snezhinka---snezhnaya-korona-15-sm-krasnaya/,Снежинки,M (15-30 см),Дерево,красный / бордовый,стандарт,Нет,Нет,0.04,0.0001,Россия,Россия
2166,14163,"Стеклянная елочная игрушка Радужный Марлин - Океан Самоцветов 15 см, подвеска",2860.0,/goods/steklyannaya-elochnaya-igrushka-raduzhnyj-marlin---okean-samocvetov-15-sm-podveska/,Морские обитатели,M (15-30 см),Стекло,синий / голубой,премиум,Нет,Нет,0.06,0.0009,Китай,Нидерланды
2167,14168,Деревянная елочная игрушка Снежинка - Снежная Корона синяя,230.0,/goods/igrushka-dlya-ulichnoj-elki-snezhinka---snezhnaya-korona-30-sm-sinyaya-derevo/,Снежинки,L (31-50 см),Дерево,синий / голубой,стандарт,Нет,Нет,0.11,0.0005,Россия,Россия
2168,14170,Деревянная елочная игрушка Снежинка - Морозная Геометрия красная,230.0,/goods/igrushka-dlya-ulichnoj-elki-snezhinka---moroznaya-geometriya-25-sm-krasnaya-derevo/,Снежинки,M (15-30 см),Дерево,красный / бордовый,стандарт,Нет,Нет,0.09,0.0004,Россия,Россия
2169,14173,Гирлянда боа из перьев Frusten 180 см синяя,1180.0,/goods/girlyanda-boa-iz-perev-frusten-180-sm-sinyaya/,Текстильные игрушки,XXL (81 см и более),Перья,синий / голубой,стандарт,Нет,Нет,0.07,0.0023,Китай,Нидерланды
2170,14178,"Набор елочных игрушек Soldato Coraggiosi 12 см, 6 шт, подвеска",2280.0,/goods/nabor-elochnyh-igrushek-soldato-coraggiosi-12-sm-6-sht-podveska/,Деревянные игрушки,S (7-14 см),Дерево,разноцветные,стандарт,Да,Нет,0.3,0.0018,Китай,Италия
2171,14181,"Елочная игрушка Птичка Лазури 12 см, подвеска",350.0,/goods/elochnaya-igrushka-ptichka-lazuri-12-sm-podveska/,Птицы,S (7-14 см),Пластик,синий / голубой,стандарт,Нет,Нет,0.02,0.0003,Китай,Нидерланды
2172,14182,"Елочная игрушка Балерина Арсения - Theatre Royal 15 см, подвеска",1480.0,/goods/elochnaya-igrushka-balerina-arseniya---theatre-royal-15-sm-podveska/,Балет,M (15-30 см),Полистоун,розовый,премиум,Нет,Нет,0.07,0.0006,Китай,Италия
2173,14185,"Елочная игрушка Лебедь Грета - Дива Лесного Озера 10 см, подвеска",620.0,/goods/elochnaya-igrushka-lebed-greta---diva-lesnogo-ozera-10-sm-podveska/,Птицы,S (7-14 см),Акрил,белый,премиум,Нет,Нет,0.08,0.0005,Китай,Нидерланды
2174,14192,"Елочная игрушка Юная балерина-принцесса Эми 13 см, подвеска",1030.0,/goods/elochnaya-igrushka-yunaya-balerina-princessa-jemi-13-sm-podveska/,Балет,S (7-14 см),Полистоун,белый,премиум,Нет,Нет,0.04,0.0002,Китай,Бельгия
2175,14196,"Стеклянная елочная игрушка Птичка Майти - Морозное Утро 8 см, подвеска",1680.0,/goods/steklyannaya-elochnaya-igrushka-ptichka-majti---moroznoe-utro-8-sm-podveska/,Птицы,S (7-14 см),Стекло,синий / голубой,премиум,Нет,Нет,0.02,0.0001,Китай,Нидерланды
2176,14197,"Набор елочных игрушек Птички де Малас Артес - Радужный Всплеск 13 см, 4 шт, клипса",2210.0,/goods/nabor-elochnyh-igrushek-ptichki-de-malas-artes---raduzhnyj-vsplesk-13-sm-4-sht-klipsa/,Птицы,S (7-14 см),Пенополистирол,разноцветные,премиум,Да,Нет,0.02,0.0005,Китай,Бельгия
2177,14202,Деревянная елочная игрушка Снежинка - Морозная Геометрия синяя,230.0,/goods/derevyannaya-elochnaya-igrushka-snezhinka---moroznaya-geometriya-15-sm-sinyaya/,Снежинки,M (15-30 см),Дерево,синий / голубой,стандарт,Нет,Нет,0.04,0.0001,Россия,Россия
2178,14207,Елочная игрушка Снежинка Вивиан 15 см,140.0,/goods/elochnaya-igrushka-snezhinka-vivian-15-sm/,Снежинки,M (15-30 см),Пенополистирол,белый,стандарт,Нет,Нет,0.02,0.0005,Китай,Нидерланды
2179,14219,"Набор елочных игрушек Звезды 8 см пряная тыква, 6 шт",350.0,/goods/nabor-elochnyh-igrushek-zvezdy-8-sm-pryanaya-tykva-6-sht/,Звездочки,S (7-14 см),Пластик,желтый / оранжевый,стандарт,Да,Нет,0.08,0.0005,Китай,Нидерланды
2180,14224,Деревянная елочная игрушка Снежинка - Зимний Цветок 15 см красная,230.0,/goods/derevyannaya-elochnaya-igrushka-snezhinka---zimnij-cvetok-15-sm-krasnaya/,Снежинки,M (15-30 см),Дерево,красный / бордовый,стандарт,Нет,Нет,0.04,0.0001,Россия,Россия
2181,14229,Верхушка на ёлку Снежинка Заполярья 13 см серебряная,1080.0,/goods/verhushka-na-yolku-snezhinka-zapolyarya-13-sm-serebryanaya/,Игрушки для настольных елок,S (7-14 см),Пластик,серебро,премиум,Нет,Нет,0.11,0.0015,Китай,Нидерланды
2182,14232,"Елочная игрушка Белый Лебедь 10 см, пластик, подвеска",320.0,/goods/plastikovaya-elochnaya-igrushka-belyj-lebed-10-sm-podveska/,Птицы,S (7-14 см),Пластик,белый,эконом,Нет,Нет,0.03,0.0005,Китай,Нидерланды
2183,14238,Декоративная фигура Сова Луни 26 см,3480.0,/goods/dekorativnaya-figura-sova-luni-26-sm/,Птицы,M (15-30 см),Искусственный мех,розовый,стандарт,Нет,Нет,0.11,0.0075,Китай,Нидерланды
2184,14246,"Электрогирлянда Голубые Снежинки 140 синих микроламп 7.2 м, зеленый ПВХ, контроллер, IP20",790.0,/goods/jelektrogirlyanda-golubye-snezhinki-140-sinih-mikrolamp-zelenyj-provod-72m-plus-15m/,Снежинки,XS (до 6 см),Пластик,синий / голубой,эконом,Нет,Да,0.33,0.0021,Китай,Россия
2185,14248,"Набор елочных игрушек Птицы - Добрые вестники 11 см, 2 шт, подвеска",780.0,/goods/nabor-elochnyh-igrushek-pticy---dobrye-vestniki-11-sm-podveska/,Птицы,S (7-14 см),Полистоун,розовый,стандарт,Да,Нет,0.2,0.0007,Китай,Нидерланды
2186,14268,"Елочная игрушка Райская Колибри 17 см розовая, подвеска",2570.0,/goods/elochnaya-igrushka-rajskaya-kolibri-17-sm-rozovaya-podveska/,Птицы,M (15-30 см),Полистоун,розовый,премиум,Нет,Нет,0.11,0.0029,Китай,Бельгия
2187,14275,"Светодиодная гирлянда шарики Пушистые Снежки Midi на батарейках 1.9 м, 20 теплых белых LED ламп, серебряная проволока, IP20",610.0,/goods/svetodiodnaya-girlyanda-shariki-pushistye-snezhki-midi-na-batarejkah-19-m-20-teplyh-belyh-led-lamp-serebryanaya-provoloka-ip20/,Снежинки,XS (до 6 см),Металл,серебро,стандарт,Нет,Да,0.11,0.0006,Китай,Нидерланды
2188,14287,Подвесное украшение из бумаги Udaipur 12 см,400.0,/goods/podvesnoe-ukrashenie-iz-bumagi-udaipur-12-sm/,Снежинки,S (7-14 см),Бумага,кремовый / светлое дерево,стандарт,Нет,Нет,0.11,0.0002,Индия,Нидерланды
2189,14291,Подвесное украшение из бумаги Jaisalmer 12 см,400.0,/goods/podvesnoe-ukrashenie-iz-bumagi-jaisalmer-12-sm/,Снежинки,S (7-14 см),Бумага,шоколадный / коричневый,стандарт,Нет,Нет,0.11,0.0002,Индия,Нидерланды
2190,14293,"Деревянная елочная игрушка Забавный Ворон 8 см, 3 шт, подвеска",200.0,/goods/derevyannaya-elochnaya-igrushka-zabavnyj-voron-8-sm-3-sht-podveska/,Птицы,S (7-14 см),Дерево,желтый / оранжевый,стандарт,Да,Нет,0.04,0.0004,Китай,Германия
2191,14296,Подвесное украшение Кролик Джо на Велосипеде 9 см,210.0,/goods/podvesnoe-ukrashenie-krolik-dzho-na-velosipede-9-sm/,Деревянные игрушки,S (7-14 см),Дерево,розовый,стандарт,Нет,Нет,0.02,0.0001,Китай,Германия
2192,14300,"Декоративное украшение Птичка Роберта 17 см, 2 шт, клипса",430.0,/goods/dekorativnoe-ukrashenie-ptichka-roberta-17-sm-2-sht-klipsa/,Птицы,M (15-30 см),Перья,розовый,стандарт,Да,Нет,0.02,0.0018,Китай,Нидерланды
2193,14310,"Елочная игрушка Птичка Этбруно - Piumaggio di Neve 12 см, клипса",340.0,/goods/elochnaya-igrushka-ptichka-jetbruno---piumaggio-di-neve-12-sm-klipsa/,Птицы,S (7-14 см),Перья,белый,премиум,Нет,Нет,0.02,0.0001,Китай,Бельгия
2194,14313,"Елочная игрушка Птичка с серебряной грудкой 28 см, клипса",560.0,/goods/elochnaya-igrushka-ptichka-s-serebryanoj-grudkoj-28-sm-klipsa/,Птицы,M (15-30 см),Перья,шоколадный / коричневый,стандарт,Нет,Нет,0.02,0.0022,Китай,Нидерланды
2195,14318,"Елочная игрушка Сова Гордон - Fresquiste Musice 12 см, подвеска",2360.0,/goods/elochnaya-igrushka-sova-gordon---fresquiste-musice-12-sm-podveska/,Птицы,S (7-14 см),Полистоун,зеленый,премиум,Нет,Нет,0.09,0.0004,Китай,Италия
2196,14326,Елочная игрушка Лазурная Птичка - Ciels de Nacre 13 см,1720.0,/goods/elochnaya-igrushka-lazurnaya-ptichka---ciels-de-nacre-13-sm/,Птицы,S (7-14 см),Полистоун,синий / голубой,премиум,Нет,Нет,0.08,0.0005,Китай,Бельгия
2197,14327,"Елочная игрушка Птичка Пересмешник 11 см, 2 шт, клипса",760.0,/goods/elochnaya-igrushka-ptichka-peresmeshnik-11-sm-2-sht-klipsa/,Птицы,S (7-14 см),Перья,шоколадный / коричневый,стандарт,Да,Нет,0.02,0.0007,Китай,Нидерланды
2198,14330,Елочная игрушка Сова Джун 9 см бирюзовая,1820.0,/goods/elochnaya-igrushka-sova-dzhun-9-sm-biryuzovaya-podveska/,Птицы,S (7-14 см),Полистоун,шоколадный / коричневый,премиум,Нет,Нет,0.09,0.0002,Китай,Нидерланды
2199,14335,"Декоративные прищепки Олени 5 см, 6 шт",440.0,/goods/dekorativnye-prishhepki-oleni-5-sm-8-sht/,Игрушки для настольных елок,XS (до 6 см),Дерево,шоколадный / коричневый,стандарт,Да,Нет,0.06,0.0003,Китай,Германия
2200,14336,"Свечи на елку Acogedora Noche 11 см золотые, 10 шт, теплые белые LED лампы, на клипсе, пульт управления, таймер, на батарейках, IP20",810.0,/goods/svechi-na-elku-11-sm-zolotye-10-sht-na-klipse-pult-upravleniya-na-batarejkah-tajmer-ip20/,Светящиеся игрушки,S (7-14 см),Пластик,золото,стандарт,Да,Да,0.18,0.0016,Китай,Россия
2201,14339,"Свечи на елку Acogedora Noche 11 см серебряные, 10 шт, теплые белые LED лампы, на клипсе, пульт управления, таймер, на батарейках, IP20",810.0,/goods/svechi-na-elku-11-sm-serebryanye-10-sht-na-klipse-pult-upravleniya-na-batarejkah-tajmer-ip20/,Светящиеся игрушки,S (7-14 см),Пластик,серебро,стандарт,Да,Да,0.24,0.0017,Китай,Россия
2202,14343,"Елочная игрушка Птичка - Тансервилльская ласточка 13 см, клипса",760.0,/goods/elochnaya-igrushka-ptichka---tanservillskaya-lastochka-13-sm-klipsa/,Птицы,S (7-14 см),Полистоун,шоколадный / коричневый,премиум,Нет,Нет,0.01,0.0002,Китай,Бельгия
2203,14350,"Елочная игрушка Сова - Мистер Уил во фраке 10 см, подвеска",1100.0,/goods/elochnaya-igrushka-sova---mister-uil-vo-frake-10-sm-podveska/,Птицы,S (7-14 см),Полистоун,золото,стандарт,Нет,Нет,0.1,0.0003,Китай,Нидерланды
2204,14352,"Елочная игрушка Птичка Сильванна де Лонфаль 20 см, клипса",790.0,/goods/elochnaya-igrushka-ptichka-silvanna-de-lonfal-20-sm-klipsa/,Птицы,M (15-30 см),Перья,золото,премиум,Нет,Нет,0.01,0.0003,Китай,Бельгия
2205,14357,"Стеклянная елочная игрушка Попугай Какаду 24 см голубой, подвеска",2230.0,/goods/steklyannaya-elochnaya-igrushka-popugaj-kakadu-goluboj-podveska/,Птицы,M (15-30 см),Стекло,синий / голубой,премиум,Нет,Нет,0.09,0.002,Китай,Нидерланды
2206,14359,"Елочная игрушка Птичка Имогири с Жемчужного острова 13 см, клипса",570.0,/goods/elochnaya-igrushka-ptichka-imogiri-s-zhemchuzhnogo-ostrova-13-sm-klipsa/,Птицы,S (7-14 см),Перья,кремовый / светлое дерево,премиум,Нет,Нет,0.01,0.0002,Китай,Бельгия
2207,14360,"Елочная игрушка Колибри Эвери: Rainbow Forest 7 см, подвеска",440.0,/goods/elochnaya-igrushka-kolibri-jeveri-rainbow-forest-7-sm-podveska/,Птицы,S (7-14 см),Акрил,прозрачный,стандарт,Нет,Нет,0.04,0.0008,Китай,Нидерланды
2208,14362,Елочная игрушка Колибри Этель - Azure Wonders 8 см,970.0,/goods/elochnaya-igrushka-kolibri-zhasmin-8-sm-podveska/,Птицы,S (7-14 см),Пластик,синий / голубой,премиум,Нет,Нет,0.04,0.0007,Китай,Нидерланды
2209,14376,"Елочная игрушка Птичка Роузи из Чащи Цветущей Магнолии 17 см, клипса",490.0,/goods/elochnaya-igrushka-ptichka-rouzi-iz-chashhi-cvetushhej-magnolii-17-sm-klipsa/,Птицы,M (15-30 см),Перья,розовый,премиум,Нет,Нет,0.01,0.0002,Китай,Бельгия
2210,14382,"Стеклянная елочная игрушка Птичка Элиот 14 см, подвеска",640.0,/goods/steklyannaya-elochnaya-igrushka-ptichka-jeliot-14-sm-podveska/,Птицы,S (7-14 см),Стекло,шоколадный / коричневый,стандарт,Нет,Нет,0.03,0.0005,Китай,Нидерланды
2211,14384,"Елочная игрушка Птичка Марлена Пурпуррино 20 см, клипса",950.0,/goods/elochnaya-igrushka-ptichka-marlena-purpurrino-20-sm-klipsa/,Птицы,M (15-30 см),Перья,фиолетовый,премиум,Нет,Нет,0.01,0.0005,Китай,Бельгия
2212,14388,Стеклянная елочная игрушка с композицией Филин 8 см,250.0,/goods/steklyannaya-elochnaya-igrushka-s-kompoziciej-filin-8-sm-podveska/,Птицы,S (7-14 см),Стекло,кремовый / светлое дерево,стандарт,Нет,Нет,0.04,0.0002,Китай,Нидерланды
2213,14390,"Елочная игрушка Птичка Чокко Фабиони 15 см, клипса",820.0,/goods/elochnaya-igrushka-ptichka-chokko-fabioni-15-sm-klipsa/,Птицы,M (15-30 см),Перья,шоколадный / коричневый,премиум,Нет,Нет,0.01,0.0003,Китай,Бельгия
2214,14394,"Елочная игрушка Колибри - Destello Brillante 19 см красная, клипса",740.0,/goods/elochnaya-igrushka-kolibri---destello-brillante-19-sm-krasnaya-klipsa/,Птицы,M (15-30 см),Перья,красный / бордовый,премиум,Нет,Нет,0.01,0.0005,Китай,Бельгия
2215,14395,"Елочная игрушка Солнечная Птичка Колибри 13 см перламутровая, подвеска",760.0,/goods/elochnaya-igrushka-solnechnaya-ptichka-kolibri-13-sm-perlamutrovaya-podveska/,Птицы,S (7-14 см),Акрил,прозрачный,стандарт,Нет,Нет,0.06,0.0008,Китай,Россия
2216,14397,"Елочная игрушка Колибри - Destello Brillante 19 см малиновая, клипса",740.0,/goods/elochnaya-igrushka-kolibri---destello-brillante-19-sm-malinovaya-klipsa/,Птицы,M (15-30 см),Перья,красный / бордовый,премиум,Нет,Нет,0.01,0.0005,Китай,Бельгия
2217,14400,"Елочная игрушка Ловец Снов - Lullaby of Morpheus 16 см, подвеска",830.0,/goods/elochnaya-igrushka-lovec-snov---lullaby-of-morpheus-16-sm-podveska/,Текстильные игрушки,M (15-30 см),Металл,золото,премиум,Нет,Нет,0.02,0.0002,Китай,Бельгия
2218,14402,"Елочная игрушка Птичка с золотой грудкой 28 см, клипса",560.0,/goods/elochnaya-igrushka-ptichka-s-zolotoj-grudkoj-28-sm-klipsa/,Птицы,M (15-30 см),Перья,шоколадный / коричневый,стандарт,Нет,Нет,0.02,0.0022,Китай,Нидерланды
2219,14404,"Елочная игрушка Птичка Линнетта из Сан-Ватари 14 см, клипса",430.0,/goods/elochnaya-igrushka-ptichka-linnetta-iz-san-vatari-14-sm-klipsa/,Птицы,S (7-14 см),Пенополистирол,кремовый / светлое дерево,премиум,Нет,Нет,0.01,0.0003,Китай,Бельгия
2220,14410,"Елочная игрушка Сова Дымка - Suede Forest 8 см, подвеска",320.0,/goods/elochnaya-igrushka-sova-dymka---suede-forest-8-sm-podveska/,Птицы,S (7-14 см),Пластик,серый,стандарт,Нет,Нет,0.02,0.0002,Китай,Нидерланды
2221,14411,"Елочная игрушка Лесная Птичка 15 см шоколадная, подвеска",910.0,/goods/figura-lesnaya-ptichka-shokoladnaya-15-sm/,Птицы,M (15-30 см),Текстиль,шоколадный / коричневый,стандарт,Нет,Нет,0.04,0.0041,Китай,Нидерланды
2222,14412,"Елочная игрушка Птичка Henrietta 17 см изумрудная, клипса",670.0,/goods/elochnaya-igrushka-ptichka-henrietta-17-sm-izumrudnaya-klipsa/,Птицы,M (15-30 см),Перья,шоколадный / коричневый,стандарт,Нет,Нет,0.02,0.0013,Китай,Нидерланды
2223,14414,Декоративная фигура Сова Барбара 15 см,950.0,/goods/dekorativnaya-figura-sova-barbara-15-sm/,Птицы,M (15-30 см),Искусственный мех,шоколадный / коричневый,стандарт,Нет,Нет,0.06,0.0022,Китай,Нидерланды
2224,14415,Декоративная ветка Бабочки Сангрия - Крылья Вдохновения 66 см,1110.0,/goods/dekorativnaya-vetka-babochki-sangriya---krylya-vdohnoveniya-66-sm/,"Бабочки, Жучки",XL (51-80 см),Текстиль,красный / бордовый,премиум,Нет,Нет,0.03,0.0084,Китай,Бельгия
2225,14417,Декоративная ветка Бабочки Индиго - Крылья Вдохновения 66 см,1110.0,/goods/dekorativnaya-vetka-babochki-indigo---krylya-vdohnoveniya-66-sm/,"Бабочки, Жучки",XL (51-80 см),Текстиль,фиолетовый,премиум,Нет,Нет,0.04,0.0134,Китай,Бельгия
2226,14418,"Стеклянная елочная игрушка Колибри с Карибского моря 13 см светло-зеленая, клипса",2100.0,/goods/steklyannaya-elochnaya-igrushka-kolibri-s-karibskogo-morya-13-sm-svetlo-zelenaya-klipsa/,Птицы,S (7-14 см),Стекло,зеленый,премиум,Нет,Нет,0.04,0.0009,Китай,Нидерланды
2227,14419,"Елочная игрушка Бабочка Офелия 24 см, клипса",610.0,/goods/elochnaya-igrushka-babochka-ofeliya-24-sm-klipsa/,"Бабочки, Жучки",M (15-30 см),Пенополистирол,фиолетовый,премиум,Нет,Нет,0.03,0.001,Китай,Бельгия
2228,14421,"Елочная игрушка Бабочка Мирабель 19 см, клипса",570.0,/goods/elochnaya-igrushka-babochka-mirabel-19-sm-klipsa/,"Бабочки, Жучки",M (15-30 см),Пенополистирол,розовый,премиум,Нет,Нет,0.02,0.0007,Китай,Бельгия
2229,14422,Декоративная ветка Бабочки Балмиди - Крылья Вдохновения 66 см,1110.0,/goods/dekorativnaya-vetka-s-babochkami-butterfly-field-66-sm/,"Бабочки, Жучки",XL (51-80 см),Текстиль,золото,премиум,Нет,Нет,0.04,0.0134,Китай,Бельгия
2230,14424,"Елочная игрушка Бабочка Ариандель 21 см, голубая, клипса",530.0,/goods/elochnaya-igrushka-babochka-ariandel-21-sm-golubaya-klipsa/,"Бабочки, Жучки",M (15-30 см),Полистоун,синий / голубой,премиум,Нет,Нет,0.02,0.0008,Китай,Бельгия
2231,14425,Декоративная фигура Снежный Павлин 40 см,1830.0,/goods/dekorativnaya-figura-snezhnyj-pavlin-40-sm/,Текстильные игрушки,L (31-50 см),Перья,белый,стандарт,Нет,Нет,0.09,0.0058,Китай,Нидерланды
2232,14427,Елочная игрушка Memory of Ballet - Счастливые Пуанты 15 см розовая,3180.0,/goods/elochnaya-igrushka-memory-of-ballet---schastlivye-puanty-15-sm-rozovaya/,Миниатюры,M (15-30 см),Полистоун,розовый,премиум,Нет,Нет,0.04,0.0003,Филиппины,Бельгия
2233,14429,Елочная игрушка Memory of Ballet - Счастливые Пуанты 15 см шампань,3180.0,/goods/elochnaya-igrushka-memory-of-ballet---schastlivye-puanty-15-sm-shampan/,Миниатюры,M (15-30 см),Полистоун,кремовый / светлое дерево,премиум,Нет,Нет,0.04,0.0003,Филиппины,Бельгия
2234,14434,Гирлянда Боа из перьев 184 см бирюзовый,960.0,/goods/girlyanda-boa-iz-perev-184-sm-biryuzovyj/,Текстильные игрушки,XXL (81 см и более),Перья,бирюзовый,стандарт,Нет,Нет,0.08,0.0032,Китай,Нидерланды
2235,14439,Елочная игрушка Улитка Мэгги - Лесная Путешественница 9 см,1690.0,/goods/elochnaya-igrushka-ulitka-mjeggi---lesnaya-puteshestvennica-9-sm/,"Бабочки, Жучки",S (7-14 см),Полистоун,шоколадный / коричневый,премиум,Нет,Нет,0.09,0.0001,Китай,Нидерланды
2236,14442,Елочная игрушка Улитка Пэгги - Лесная Путешественница 9 см,1690.0,/goods/elochnaya-igrushka-ulitka-pjeggi---lesnaya-puteshestvennica-9-sm/,"Бабочки, Жучки",S (7-14 см),Полистоун,кремовый / светлое дерево,премиум,Нет,Нет,0.09,0.0001,Китай,Нидерланды
2237,14449,"Елочная игрушка Птичка Сойка 11 см, 2 шт, клипса",760.0,/goods/elochnaya-igrushka-ptichka-sojka-11-sm-2-sht-klipsa/,Птицы,S (7-14 см),Перья,шоколадный / коричневый,стандарт,Да,Нет,0.02,0.0007,Китай,Нидерланды
2238,14455,Стеклянная елочная игрушка-медальон Зимнее Солнце - Soleil Eternel 10 см,1690.0,/goods/steklyannaya-elochnaya-igrushka-medalon-zimnee-solnce---soleil-eternel-10-sm/,Миниатюры,S (7-14 см),Стекло,золото,премиум,Нет,Нет,0.03,0.0004,Китай,Нидерланды
2239,14457,"Мини-вазы на прищепке Векьяно 6*4 см, 3 шт, стекло",980.0,/goods/stelyannye-mini-vazy-na-prishhepke-6x4-sm-3-sht/,Миниатюры,XS (до 6 см),Стекло,прозрачный,премиум,Да,Нет,0.07,0.0006,Китай,Россия
2240,14462,Елочная игрушка Чайник Мадам Батерфляй - Angulen 7 см,810.0,/goods/elochnaya-igrushka-chajnik-madam-baterflyaj---angulen-7-sm/,Миниатюры,S (7-14 см),Керамика / Фарфор,зеленый,стандарт,Нет,Нет,0.09,0.0005,Китай,Нидерланды
2241,14463,Елочная игрушка Кувшин Леди Элизабет - Dorio 8 см,750.0,/goods/elochnaya-igrushka-kuvshin-ledi-jelizabet---dorio-8-sm/,Миниатюры,S (7-14 см),Керамика / Фарфор,розовый,стандарт,Нет,Нет,0.09,0.0003,Китай,Нидерланды
2242,14464,"Елочная игрушка Павлин из Сан-Сальво 19 см золотая, подвеска",4140.0,/goods/elochnaya-igrushka-pavlin-iz-san-salvo-19-sm-zolotaya-podveska/,Птицы,M (15-30 см),Полистоун,золото,премиум,Нет,Нет,0.07,0.0005,Филиппины,Бельгия
2243,14466,Подвесное украшение Signing Bird 17 см,270.0,/goods/podvesnoe-ukrashenie-signing-bird-17-sm/,Птицы,M (15-30 см),Металл,шоколадный / коричневый,стандарт,Нет,Нет,0.04,0.0004,Китай,Нидерланды
2244,14468,"Елочная игрушка Птичка Henrietta 17 см сиреневая, клипса",670.0,/goods/elochnaya-igrushka-ptichka-henrietta-17-sm-sirenevaya-klipsa/,Птицы,M (15-30 см),Искусственный мех,шоколадный / коричневый,стандарт,Нет,Нет,0.02,0.0013,Китай,Нидерланды
2245,14472,Декоративная фигура Сова Джудит 23 см,2310.0,/goods/dekorativnaya-figura-sova-dzhudit-23-sm/,Птицы,M (15-30 см),Искусственный мех,кремовый / светлое дерево,стандарт,Нет,Нет,0.09,0.0032,Китай,Нидерланды
2246,14477,Декоративная фигурка Филин Эннио - Gufo Saggio 34 см,2410.0,/goods/dekorativnaya-figurka-filin-gamlet-34-sm/,Птицы,L (31-50 см),Искусственный мех,шоколадный / коричневый,стандарт,Нет,Нет,0.03,0.0092,Китай,Нидерланды
2247,14479,"Елочная игрушка Colibri Magique 23 см зеленая, подвеска",390.0,/goods/elochnaya-igrushka-colibri-magique-23-sm-zelenaya-podveska/,Птицы,M (15-30 см),Перья,зеленый,стандарт,Нет,Нет,0.02,0.0048,Китай,Нидерланды
2248,14481,"Елочная игрушка Colibri Magique 23 см синяя, подвеска",390.0,/goods/elochnaya-igrushka-colibri-magique-23-sm-sinyaya-podveska/,Птицы,M (15-30 см),Перья,синий / голубой,стандарт,Нет,Нет,0.02,0.0048,Китай,Нидерланды
2249,14485,"Елочная игрушка Colibri Magique 23 см розовая, подвеска",390.0,/goods/elochnaya-igrushka-colibri-magique-23-sm-rozovaya-podveska/,Птицы,M (15-30 см),Перья,фиолетовый,стандарт,Нет,Нет,0.02,0.0048,Китай,Нидерланды
2250,14486,Декоративная фигура Совушка Эмилия - Розовые Грезы 21 см,2640.0,/goods/dekorativnaya-figura-sovushka-jemiliya---rozovye-grezy-21-sm/,Птицы,M (15-30 см),Искусственный мех,розовый,стандарт,Нет,Нет,0.03,0.0006,Китай,Нидерланды
2251,14487,Елочная игрушка Жемчужная Птичка - Ciels de Nacre 13 см,1720.0,/goods/elochnaya-igrushka-zhemchuzhnaya-ptichka---ciels-de-nacre-13-sm/,Птицы,S (7-14 см),Полистоун,розовый,премиум,Нет,Нет,0.08,0.0005,Китай,Бельгия
2252,14489,"Набор елочных игрушек Совы - Foresta Invernale 7 см, 3 шт, подвеска",840.0,/goods/nabor-elochnyh-igrushek-sovy---foresta-invernale-7-sm-3-sht-podveska/,Птицы,S (7-14 см),Полистоун,белый,стандарт,Да,Нет,0.22,0.0006,Китай,Нидерланды
2253,14492,Декоративная фигурка Филин Эннио - Gufo Saggio 18 см,620.0,/goods/dekorativnaya-figurka-filin-gamlet-18-sm/,Птицы,M (15-30 см),Искусственный мех,шоколадный / коричневый,стандарт,Нет,Нет,0.03,0.0012,Китай,Нидерланды
2254,14493,"Декоративное украшение Птичка Молли 17 см, 2 шт, клипса",430.0,/goods/dekorativnoe-ukrashenie-ptichka-molli-17-sm-2-sht-klipsa/,Птицы,M (15-30 см),Перья,синий / голубой,стандарт,Да,Нет,0.02,0.0018,Китай,Нидерланды
2255,14495,Боа из перьев Мэрикруз 184 см лавандовая,1290.0,/goods/boa-iz-perev-mjerikruz-184-sm-lavandovaya/,Текстильные игрушки,XXL (81 см и более),Перья,фиолетовый,стандарт,Нет,Нет,0.17,0.0044,Китай,Нидерланды
2256,14499,Елочная игрушка Фея Флора - Banquet Fairy 16 см,4180.0,/goods/elochnaya-igrushka-feya-flora---banquet-fairy-16-sm/,Ангелы и Феи,M (15-30 см),Полистоун,розовый,премиум,Нет,Нет,0.08,0.0016,Филиппины,Бельгия
2257,14500,Елочная игрушка Фея Меривеза - Banquet Fairy 16 см,4180.0,/goods/elochnaya-igrushka-feya-meriveza---banquet-fairy-16-sm/,Ангелы и Феи,M (15-30 см),Полистоун,розовый,премиум,Нет,Нет,0.08,0.0016,Филиппины,Бельгия
2258,14501,"Декоративная фигура Павлин Sapphire - Peacock Oasis 50 см, клипса",1350.0,/goods/dekorativnaya-figura-pavlin-sapphire---peacock-oasis-50-sm-klipsa/,Птицы,XL (51-80 см),Перья,синий / голубой,стандарт,Нет,Нет,0.08,0.0096,Китай,Россия
2259,14504,Елочная игрушка Ангел Иль из Омеловой Долины 15 см,2170.0,/goods/elochnaya-igrushka-angel-il-iz-omelovoj-doliny-15-sm/,Ангелы и Феи,M (15-30 см),Полистоун,зеленый,премиум,Нет,Нет,0.12,0.0007,Китай,Нидерланды
2260,14505,Елочная игрушка Ангел Эон из Омеловой Долины 15 см,2170.0,/goods/elochnaya-igrushka-angel-jeon-iz-omelovoj-doliny-15-sm/,Ангелы и Феи,M (15-30 см),Полистоун,зеленый,премиум,Нет,Нет,0.12,0.0007,Китай,Нидерланды
2261,14516,Декоративная фигура Сова Элоиз 25 см,5800.0,/goods/dekorativnaya-figura-sova-jeloiz-25-sm/,Птицы,M (15-30 см),Искусственный мех,белый,премиум,Нет,Нет,0.08,0.004,Китай,Бельгия
2262,14517,"Елочная игрушка Птичка Колибри из Долины Рисальбо 20 см изумрудная, клипса",1420.0,/goods/elochnaya-igrushka-ptichka-kolibri-iz-doliny-risalbo-20-sm-izumrudnaya-klipsa/,Птицы,M (15-30 см),Пенополистирол,зеленый,премиум,Нет,Нет,0.09,0.0032,Китай,Бельгия
2263,14520,Верхушка на елку Пуансеттия Айвори 32 см,2440.0,/goods/verhushka-na-elku-puansettiya-ajvori-32-sm/,Пуансеттии,L (31-50 см),Пластик,кремовый / светлое дерево,премиум,Нет,Нет,0.07,0.0036,Китай,Бельгия
2264,14522,"Елочная игрушка Павлин из Сан-Сальво 19 см белая, подвеска",4140.0,/goods/elochnaya-igrushka-pavlin-iz-san-salvo-19-sm-belaya-podveska/,Птицы,M (15-30 см),Полистоун,белый,премиум,Нет,Нет,0.07,0.0005,Филиппины,Бельгия
2265,14527,"Елочная игрушка Птичка Артемида 12 см серебряная, 3 шт, клипса",840.0,/goods/elochnaya-igrushka-ptichka-artemida-12-sm-serebryanaya-3-sht-klipsa/,Птицы,S (7-14 см),Перья,серебро,стандарт,Да,Нет,0.04,0.0016,Китай,Нидерланды
2266,14530,Декоративная фигура Сова Молли 23 см,2240.0,/goods/dekorativnaya-figura-sova-molli-23-sm/,Птицы,M (15-30 см),Искусственный мех,кремовый / светлое дерево,стандарт,Нет,Нет,0.09,0.0036,Китай,Нидерланды
2267,14533,"Стеклянная елочная игрушка Птичка Мейси - Морозное Утро 8 см, подвеска",1680.0,/goods/steklyannaya-elochnaya-igrushka-ptichka-mejsi---moroznoe-utro-8-sm-podveska/,Птицы,S (7-14 см),Стекло,синий / голубой,премиум,Нет,Нет,0.02,0.0001,Китай,Нидерланды
2268,14534,"Елочная игрушка Птичка Сандра 15 см, клипса",550.0,/goods/elochnaya-igrushka-ptichka-sandra-15-sm-klipsa/,Птицы,M (15-30 см),Перья,красный / бордовый,премиум,Нет,Нет,0.02,0.0002,Китай,Бельгия
2269,14536,"Елочная игрушка Птенец Джонатан с подарком 8 см, подвеска",1240.0,/goods/elochnaya-igrushka-ptenec-dzhonatan-s-podarkom-8-sm-podveska/,Птицы,S (7-14 см),Полистоун,серебро,премиум,Нет,Нет,0.09,0.0004,Китай,Бельгия
2270,14537,"Елочная игрушка Колибри Грейси 17 см , клипса",710.0,/goods/elochnaya-igrushka-kolibri-grejsi-17-sm--klipsa/,Птицы,M (15-30 см),Перья,синий / голубой,премиум,Нет,Нет,0.02,0.0006,Китай,Бельгия
2271,14539,"Стеклянная елочная игрушка Колибри с Карибского моря 13 см темно-зеленая, клипса",2100.0,/goods/steklyannaya-elochnaya-igrushka-kolibri-s-karibskogo-morya-13-sm-temno-zelenaya-klipsa/,Птицы,S (7-14 см),Стекло,зеленый,премиум,Нет,Нет,0.04,0.0009,Китай,Нидерланды
2272,14540,"Елочная игрушка Колибри Иви 17 см, клипса",710.0,/goods/elochnaya-igrushka-kolibri-ivi-17-sm-klipsa/,Птицы,M (15-30 см),Перья,красный / бордовый,премиум,Нет,Нет,0.02,0.0006,Китай,Бельгия
2273,14542,"Елочная игрушка Сова Бернадетт 7 см, подвеска",300.0,/goods/elochnaya-igrushka-sova-bernadett-7-sm-podveska/,Птицы,S (7-14 см),Керамика / Фарфор,шоколадный / коричневый,стандарт,Нет,Нет,0.04,0.0002,Китай,Нидерланды
2274,14544,"Елочная игрушка Нарядный Страус, 16 см голубой, стекло, подвеска",600.0,/goods/elochnaya-steklyannaya-igrushka-naryadnyj-straus-9x6x16-sm-goluboj/,Птицы,M (15-30 см),Стекло,розовый,стандарт,Нет,Нет,0.01,0.0018,Китай,Нидерланды
2275,14546,"Елочная игрушка Птичка Макао 15 см зеленая, клипса",820.0,/goods/elochnaya-igrushka-ptichka-makao-15-sm-zelenaya-klipsa/,Птицы,M (15-30 см),Перья,зеленый,премиум,Нет,Нет,0.02,0.0002,Китай,Бельгия
2276,14547,"Елочная игрушка Птичка Колибри Гестия 13 см зеленая, 2 шт, клипса",710.0,/goods/elochnaya-igrushka-ptichka-kolibri-gestiya-13-sm-zelenaya-2-sht-klipsa/,Птицы,S (7-14 см),Перья,зеленый,стандарт,Да,Нет,0.04,0.0025,Китай,Нидерланды
2277,14549,"Елочная игрушка Птичка Макао 15 см фиолетовая, клипса",820.0,/goods/elochnaya-igrushka-ptichka-makao-15-sm-fioletovaya-klipsa/,Птицы,M (15-30 см),Перья,фиолетовый,премиум,Нет,Нет,0.02,0.0002,Китай,Бельгия
2278,14550,"Елочная игрушка Сова Айли - Волшебный лес Монтерра 12 см, подвеска",4160.0,/goods/elochnaya-igrushka-sova-ajli---volshebnyj-les-monterra-12-sm-podveska/,Птицы,S (7-14 см),Полистоун,кремовый / светлое дерево,премиум,Нет,Нет,0.08,0.0008,Филиппины,Бельгия
2279,14552,"Набор елочных игрушек Cozy Xmas 14 см, 2 шт",560.0,/goods/nabor-elochnyh-igrushe-elochka-i-snezhinka-2-sht/,Текстильные игрушки,S (7-14 см),Текстиль,красный / бордовый,стандарт,Да,Нет,0.01,0.0008,Китай,Нидерланды
2280,14553,Декоративная фигурка Сова Адилин 15 см,1240.0,/goods/dekorativnaya-figurka-sova-adilin-15-sm/,Птицы,M (15-30 см),Искусственный мех,кремовый / светлое дерево,стандарт,Нет,Нет,0.04,0.0019,Китай,Нидерланды
2281,14554,"Елочная игрушка Колибри в Жилетке 10 см, подвеска",300.0,/goods/elochnaya-igrushka-kolibri-v-zhiletke-4x10x3-sm/,Птицы,S (7-14 см),Полистоун,фиолетовый,стандарт,Нет,Нет,0.01,0.0003,Китай,Нидерланды
2282,14563,"Набор елочных игрушек Горлицы - Голуби Дружбы 12 см, 2 шт",3240.0,/goods/nabor-elochnyh-igrushek-gorlicy---golubi-druzhby-12-sm-2-sht/,Птицы,S (7-14 см),Полистоун,белый,премиум,Да,Нет,0.11,0.0013,Китай,Нидерланды
2283,14567,Декоративная фигурка Сова Эвелия 21 см,1170.0,/goods/dekorativnaya-figurka-sova-jeveliya-21-sm/,Птицы,M (15-30 см),Искусственный мех,белый,стандарт,Нет,Нет,0.06,0.0049,Китай,Нидерланды
2284,14568,Елочная игрушка Пуансеттия Лэтти - Tropical Romance 10 см,1100.0,/goods/elochnaya-igrushka-puansettiya-ljetti---tropical-romance-10-sm/,Пуансеттии,S (7-14 см),Пластик,синий / голубой,стандарт,Нет,Нет,0.03,0.0005,Китай,Нидерланды
2285,14570,Елочная игрушка Пуансеттия Мисти - Tropical Romance 10 см,1100.0,/goods/elochnaya-igrushka-puansettiya-misti---tropical-romance-10-sm/,Пуансеттии,S (7-14 см),Пластик,красный / бордовый,стандарт,Нет,Нет,0.03,0.0005,Китай,Нидерланды
2286,14571,Гирлянда боа из перьев Frusten 180 см белая,1180.0,/goods/girlyanda-boa-iz-perev-frusten-180-sm-belaya/,Текстильные игрушки,XXL (81 см и более),Перья,белый,стандарт,Нет,Нет,0.07,0.0037,Китай,Нидерланды
2287,14572,Елочная игрушка Пуансеттия Олин - Tropical Romance 10 см,1100.0,/goods/elochnaya-igrushka-puansettiya-olin---tropical-romance-10-sm/,Пуансеттии,S (7-14 см),Пластик,синий / голубой,стандарт,Нет,Нет,0.03,0.0005,Китай,Нидерланды
2288,14573,"Искусственная пуансеттия Marsicana 30 см махагон, клипса",310.0,/goods/iskusstvennaya-puansettiya-marsicana-30-sm-mahagon-klipsa/,Пуансеттии,M (15-30 см),Текстиль,шоколадный / коричневый,стандарт,Нет,Нет,0.06,0.0005,Китай,Россия
2289,14576,Гирлянда боа из перьев Frusten 180 см нежно-розовая,1180.0,/goods/girlyanda-boa-iz-perev-frusten-180-sm-nezhno-rozovaya/,Текстильные игрушки,XXL (81 см и более),Перья,розовый,стандарт,Нет,Нет,0.09,0.0024,Китай,Нидерланды
2290,14578,Гирлянда боа из перьев Frusten 180 см розовая,1180.0,/goods/girlyanda-boa-iz-perev-frusten-180-sm-rozovaya/,Текстильные игрушки,XXL (81 см и более),Перья,розовый,стандарт,Нет,Нет,0.07,0.0023,Китай,Нидерланды
2291,14579,"Елочная игрушка Величавый Павлин 17 см прозрачный, подвеска",660.0,/goods/elochnaya-igrushka-velichavyj-pavlin-17-sm-prozrachnyj-podveska/,Птицы,M (15-30 см),Пластик,золото,стандарт,Нет,Нет,0.01,0.0002,Китай,Нидерланды
2292,14582,"Елочная игрушка Филин Коули - Волшебный лес Монтерра 12 см, подвеска",4160.0,/goods/elochnaya-igrushka-filin-kouli---volshebnyj-les-monterra-12-sm-podveska/,Птицы,S (7-14 см),Полистоун,кремовый / светлое дерево,премиум,Нет,Нет,0.08,0.0008,Филиппины,Бельгия
2293,14585,"Елочная игрушка Колибри Majestic 13 см, подвеска",1620.0,/goods/elochnaya-igrushka-kolibri-majestic-13-sm-podveska/,Птицы,S (7-14 см),Полистоун,зеленый,премиум,Да,Нет,0.09,0.0016,Китай,Бельгия
2294,14587,Декоративная фигура Сова Габриэлла 15 см,950.0,/goods/dekorativnaya-figura-sova-gabrijella-15-sm/,Птицы,M (15-30 см),Искусственный мех,шоколадный / коричневый,стандарт,Нет,Нет,0.06,0.0022,Китай,Нидерланды
2295,14590,"Елочное украшение Птица дивная 8.5 см, 3 шт, стекло, клипса",1880.0,/goods/elochnoe-ukrashenie-ptica-divnaya-85-sm-3-sht-steklo-klipsa/,Птицы,S (7-14 см),Стекло,разноцветные,стандарт,Да,Нет,0.09,0.0026,Россия,Россия
2296,14592,"Елочная игрушка Птичка Гестия 12 см серебряная, 3 шт, клипса",660.0,/goods/elochnaya-igrushka-ptichka-gestiya-12-sm-serebryanaya-3-sht-klipsa/,Птицы,S (7-14 см),Перья,серебро,стандарт,Да,Нет,0.03,0.0007,Китай,Нидерланды
2297,14599,"Елочная игрушка Птичка Артемида 12 см шампань, 3 шт, клипса",840.0,/goods/elochnaya-igrushka-ptichka-artemida-12-sm-shampan-3-sht-klipsa/,Птицы,S (7-14 см),Перья,кремовый / светлое дерево,стандарт,Да,Нет,0.03,0.0007,Китай,Нидерланды
2298,14600,"Стеклянная елочная игрушка Тукан Брукс 11 см, подвеска",1570.0,/goods/steklyannaya-elochnaya-igrushka-tukan-bruks-podveska/,Птицы,S (7-14 см),Стекло,черный,премиум,Нет,Нет,0.06,0.0004,Китай,Нидерланды
2299,14604,"Елочная игрушка Птичка Артемида 12 см коричневая, 3 шт, клипса",780.0,/goods/elochnaya-igrushka-ptichka-artemida-12-sm-korichnevaya-3-sht-klipsa/,Птицы,M (15-30 см),Перья,шоколадный / коричневый,стандарт,Да,Нет,0.04,0.0025,Китай,Нидерланды
2300,14607,"Елочная игрушка Птичка Артемида 12 см розовое золото, 3 шт, клипса",840.0,/goods/elochnaya-igrushka-ptichka-artemida-12-sm-rozovoe-zoloto-3-sht-klipsa/,Птицы,S (7-14 см),Перья,розовый,стандарт,Да,Нет,0.04,0.0016,Китай,Нидерланды
2301,14608,Декоративная фигура Совушка Аннелиз - Розовые Грезы 21 см,2640.0,/goods/dekorativnaya-figura-sovushka-anneliz---rozovye-grezy-21-sm/,Птицы,M (15-30 см),Искусственный мех,розовый,стандарт,Нет,Нет,0.03,0.0006,Китай,Нидерланды
2302,14609,"Набор елочных игрушек Волшебные Сны 10 см, 2 шт",1920.0,/goods/nabor-elochnyh-igrushek-volshebnye-sny-10-sm-2-sht/,Персонажи сказок,S (7-14 см),Полистоун,золото,премиум,Да,Нет,0.19,0.0006,Китай,Нидерланды
2303,14610,"Елочная игрушка Птичка Колибри Шерри - Novi Ligure 13 см, клипса",620.0,/goods/elochnaya-igrushka-ptichka-kolibri-sherri---novi-ligure-13-sm-klipsa/,Птицы,S (7-14 см),Перья,красный / бордовый,премиум,Нет,Нет,0.02,0.0002,Китай,Бельгия
2304,14629,"Елочная игрушка Колибри Оливия - Santa Fiora 18 см, клипса",740.0,/goods/elochnaya-igrushka-kolibri-oliviya---santa-fiora-18-sm-klipsa/,Птицы,M (15-30 см),Перья,розовый,премиум,Нет,Нет,0.02,0.0006,Китай,Бельгия
2305,14637,Декоративная фигурка Филин Эннио - Gufo Saggio 24 см,1280.0,/goods/dekorativnaya-figurka-filin-gamlet-24-sm/,Птицы,M (15-30 см),Искусственный мех,шоколадный / коричневый,стандарт,Нет,Нет,0.03,0.004,Китай,Нидерланды
2306,14639,"Елочная игрушка Колибри де Риволи 7 см, зеленая, подвеска",720.0,/goods/elochnaya-igrushka-kolibri-de-rivoli-7-sm-zelenaya-podveska/,Птицы,S (7-14 см),Пластик,зеленый,премиум,Нет,Нет,0.06,0.0007,Китай,Нидерланды
2307,14641,"Декоративная фигура Сова Сельвена - Foret Brillante 25 см, подвеска",2500.0,/goods/dekorativnaya-figura-sova-selvena---foret-brillante-25-sm-podveska/,Птицы,M (15-30 см),Перья,белый,стандарт,Нет,Нет,0.07,0.0036,Китай,Нидерланды
2308,14643,Стеклянная елочная игрушка Волчок 10 см,610.0,/goods/steklyannaya-elochnaya-igrushka-volchok-8-sm-podveska/,Стеклянные игрушки,S (7-14 см),Стекло,разноцветные,стандарт,Нет,Нет,0.07,0.0006,Россия,Россия
2309,14647,Декоративная фигура Сова Джуди 23 см,2310.0,/goods/dekorativnaya-figura-sova-dzhudi-23-sm/,Птицы,M (15-30 см),Искусственный мех,кремовый / светлое дерево,стандарт,Нет,Нет,0.09,0.0032,Китай,Нидерланды
2310,14650,"Елочная игрушка Птичка Лоренс 10 см, подвеска",630.0,/goods/elochnaya-igrushka-ptichka-lorens-10-sm-podveska/,Птицы,S (7-14 см),Полистоун,фиолетовый,стандарт,Нет,Нет,0.11,0.0004,Китай,Нидерланды
2311,14651,Елочная игрушка Шишка из Таинственной Рощи 10 см бронзовая,870.0,/goods/elochnaya-igrushka-shishka-iz-tainstvennoj-roshhi-10-sm-bronzovaya/,Шишки и желуди,S (7-14 см),Акрил,шоколадный / коричневый,премиум,Нет,Нет,0.07,0.0004,Китай,Нидерланды
2312,14653,Елочная игрушка Шишка из Таинственной Рощи 10 см шоколадная,870.0,/goods/elochnaya-igrushka-shishka-iz-tainstvennoj-roshhi-10-sm-shokoladnaya/,Шишки и желуди,S (7-14 см),Акрил,шоколадный / коричневый,премиум,Нет,Нет,0.07,0.0004,Китай,Нидерланды
2313,14655,Стеклянная елочная игрушка Подвеска Листья Плюща - Foret Enchantee 19 см,1220.0,/goods/steklyannaya-elochnaya-igrushka-podveska-listya-plyushha---foret-enchantee-19-sm/,"Растения, Листья",M (15-30 см),Стекло,шоколадный / коричневый,стандарт,Нет,Нет,0.03,0.0003,Китай,Нидерланды
2314,14657,Стеклянная елочная игрушка Подвеска Листья Вяза - Foret Enchantee 19 см,1220.0,/goods/steklyannaya-elochnaya-igrushka-podveska-listya-vyaza---foret-enchantee-19-sm/,"Растения, Листья",M (15-30 см),Стекло,шоколадный / коричневый,стандарт,Нет,Нет,0.03,0.0003,Китай,Нидерланды
2315,14659,Елочная игрушка Шишка - Menthol Crystal 8 см мятная,980.0,/goods/elochnaya-igrushka-shishka---menthol-crystal-8-sm-myatnaya/,Шишки и желуди,S (7-14 см),Акрил,золото,премиум,Нет,Нет,0.02,0.0003,Китай,Нидерланды
2316,14660,Елочная игрушка Шишка - Menthol Crystal 8 см золотистая,980.0,/goods/elochnaya-igrushka-shishka---menthol-crystal-8-sm-zolotistaya/,Шишки и желуди,S (7-14 см),Акрил,золото,премиум,Нет,Нет,0.02,0.0035,Китай,Нидерланды
2317,14663,Декоративная фигурка Сова Оттавиа - Gufo Saggio 34 см,2410.0,/goods/dekorativnaya-figurka-sova-diana-34-sm/,Птицы,M (15-30 см),Искусственный мех,шоколадный / коричневый,стандарт,Нет,Нет,0.03,0.0092,Китай,Нидерланды
2318,14670,"Стеклянная елочная игрушка Колибри Рахмини Эш 10 см, подвеска",600.0,/goods/steklyannaya-elochnaya-igrushka-kolibri-rahmini-jesh-10-sm-podveska/,Птицы,S (7-14 см),Стекло,фиолетовый,стандарт,Нет,Нет,0.02,0.0003,Китай,Нидерланды
2319,14679,"Стеклянная елочная игрушка Колибри Terra Bella 11 см, изумрудная, клипса",1580.0,/goods/steklyannaya-elochnaya-igrushka-kolibri-terra-bella-11-sm-izumrudnaya-klipsa/,Птицы,S (7-14 см),Стекло,бирюзовый,премиум,Нет,Нет,0.02,0.0005,Китай,Нидерланды
2320,14691,Искусственная ветка с шишками Tiny Cones 99 см,1300.0,/goods/iskusstvennaya-vetka-s-shishkami-tiny-cones-99-sm/,Шишки и желуди,XXL (81 см и более),Пластик,шоколадный / коричневый,стандарт,Нет,Нет,0.15,0.0022,Китай,Нидерланды
2321,14692,"Елочная игрушка Радужная Птичка Колибри 9 см аквамариновая, подвеска",840.0,/goods/elochnaya-igrushka-raduzhnaya-ptichka-kolibri-9-sm-akvamarinovaya-podveska/,Птицы,S (7-14 см),Пластик,фиолетовый,премиум,Нет,Нет,0.04,0.0008,Китай,Нидерланды
2322,14697,"Елочная игрушка Птичка Ellinor 24 см, клипса",690.0,/goods/elochnaya-igrushka-ptichka-ellinor-24-sm-klipsa/,Птицы,M (15-30 см),Перья,синий / голубой,стандарт,Нет,Нет,0.02,0.0004,Китай,Нидерланды
2323,14701,"Елочная игрушка Птичка Канди - Monte Grimano 16 см, клипса",800.0,/goods/elochnaya-igrushka-ptichka-kandi---monte-grimano-16-sm-klipsa/,Птицы,M (15-30 см),Перья,бирюзовый,премиум,Нет,Нет,0.03,0.0003,Китай,Бельгия
2324,14726,"Стеклянная елочная игрушка Рыбка Ramirezi 10 см, клипса",2540.0,/goods/steklyannaya-elochnaya-igrushka-rybka-ramirezi-10-sm-klipsa/,Морские обитатели,S (7-14 см),Стекло,розовый,премиум,Нет,Нет,0.03,0.0003,Германия,Германия
2325,14728,Стеклянная елочная игрушка Осьминог Поли 11 см,2960.0,/goods/steklyannaya-elochnaya-igrushka-osminog-poli-11-sm/,Морские обитатели,S (7-14 см),Стекло,красный / бордовый,премиум,Нет,Нет,0.03,0.0002,Германия,Германия
2326,14729,Стеклянная елочная игрушка Тюлень Тимка 10 см,2540.0,/goods/steklyannaya-elochnaya-igrushka-tyulen-timka-10-sm/,Морские обитатели,S (7-14 см),Стекло,кремовый / светлое дерево,премиум,Нет,Нет,0.03,0.0004,Германия,Германия
2327,14753,"Набор елочных шаров с верхушкой Felicity - Bright Luxury, 33 предмета, пластик",1190.0,/goods/nabor-elochnyh-sharov-s-verhushkoj-bright-luxury-5-8-sm-33-predmeta-plastik/,Небьющиеся игрушки,S (7-14 см),Пластик,разноцветные,стандарт,Да,Нет,0.55,0.0088,Китай,Нидерланды
2328,14755,"Набор елочных шаров с верхушкой Felicity - Magic Garden, 33 предмета, пластик",1190.0,/goods/nabor-elochnyh-sharov-s-verhushkoj-magic-garden-5-8-sm-33-predmeta-plastik/,Небьющиеся игрушки,S (7-14 см),Пластик,розовый,стандарт,Да,Нет,0.55,0.0088,Китай,Нидерланды
2329,14760,Декоративная ветка Эвкалипт Полиант 94 см,1480.0,/goods/dekorativnaya-vetka-jevkalipt-poliant-94-sm/,"Растения, Листья",XXL (81 см и более),Текстиль,золото,премиум,Нет,Нет,0.04,0.0029,Китай,Бельгия
2330,14768,"Декоративная фигура Павлин Morganite - Peacock Oasis 29 см, клипса",1030.0,/goods/dekorativnaya-figura-pavlin-morganite---peacock-oasis-29-sm-klipsa/,Птицы,M (15-30 см),Перья,кремовый / светлое дерево,стандарт,Нет,Нет,0.22,0.0049,Китай,Россия
2331,14769,"Стеклянная елочная игрушка Космонавт 8 см, синяя, подвеска",590.0,/goods/steklyannaya-elochnaya-igrushka-kosmonavt-8-sm-sinyaya-podveska/,Стеклянные игрушки,S (7-14 см),Стекло,синий / голубой,стандарт,Нет,Нет,0.03,0.0006,Россия,Россия
2332,14771,"Стеклянная елочная игрушка Космонавт 8 см, золотая, подвеска",590.0,/goods/steklyannaya-elochnaya-igrushka-kosmonavt-8-sm-zolotaya-podveska/,Стеклянные игрушки,S (7-14 см),Стекло,золото,стандарт,Нет,Нет,0.03,0.0006,Россия,Россия
2333,14773,Декоративная гирлянда Amandine с красными ягодами 180 см,1940.0,/goods/dekorativnaya-girlyanda-amandine-s-krasnymi-yagodami-180-sm/,"Растения, Листья",XXL (81 см и более),Пенополистирол,красный / бордовый,стандарт,Нет,Нет,0.24,0.0108,Китай,Россия
2334,14774,Декоративная гирлянда с голубыми ягодами Blue Berry 180 см,1940.0,/goods/dekorativnaya-girlyanda-s-golubymi-yagodami-blue-berry-180-sm/,"Растения, Листья",XXL (81 см и более),Пенополистирол,синий / голубой,стандарт,Нет,Нет,0.24,0.0108,Китай,Россия
2335,14801,"Стеклянная елочная игрушка Космонавт 12 см, подвеска",970.0,/goods/steklyannaya-elochnaya-igrushka-kosmonavt-12-sm-podveska/,Стеклянные игрушки,S (7-14 см),Стекло,белый,стандарт,Нет,Нет,0.06,0.0008,Россия,Россия
2336,14803,"Елочное украшение Листья Villiers Morgon 30 см, 3 шт",510.0,/goods/nabor-elochnyh-igrushek-podveska-30-sm-3-sht-akril/,"Растения, Листья",M (15-30 см),Пластик,белый,стандарт,Да,Нет,0.04,0.0011,Китай,Россия
2337,14804,"Елочная игрушка Птичка Mona 24 см, клипса",690.0,/goods/elochnaya-igrushka-ptichka-mona-24-sm-klipsa/,Птицы,M (15-30 см),Перья,синий / голубой,стандарт,Нет,Нет,0.02,0.0004,Китай,Нидерланды
2338,14805,Искусственная ветка Амарантус Aureate Cascade 105 см,910.0,/goods/iskusstvennaya-vetka-amarantus-aureate-cascade-105-sm/,"Растения, Листья",XXL (81 см и более),Пластик,кремовый / светлое дерево,премиум,Нет,Нет,0.07,0.0061,Китай,Нидерланды
2339,14809,"Декоративное украшение Павлин - Elin Versailles 41 см, клипса",2820.0,/goods/dekorativnoe-ukrashenie-pavlin---elin-versailles-41-sm-klipsa/,Птицы,L (31-50 см),Перья,кремовый / светлое дерево,стандарт,Нет,Нет,0.03,0.0015,Китай,Бельгия
2340,14812,"Елочная игрушка Птичка Peacock Dove 14 см, клипса",740.0,/goods/elochnaya-igrushka-ptichka-peacock-dove-14-sm-klipsa/,Птицы,S (7-14 см),Пенополистирол,синий / голубой,стандарт,Нет,Нет,0.02,0.0005,Китай,Бельгия
2341,14813,"Елочная игрушка Птица Welness - Paradise Plume 22 см, 2 шт, клипса",780.0,/goods/elochnaya-igrushka-ptica-welness---paradise-plume-22-sm-2-sht-klipsa/,Птицы,M (15-30 см),Перья,зеленый,стандарт,Да,Нет,0.08,0.0039,Китай,Россия
2342,14814,"Елочная игрушка Птички Arabesque - Paradise Plume 17 см, 3 шт, клипса",740.0,/goods/elochnaya-igrushka-ptichki-arabesque---paradise-plume-17-sm-3-sht-klipsa/,Птицы,M (15-30 см),Перья,шоколадный / коричневый,стандарт,Да,Нет,0.07,0.0049,Китай,Россия
2343,14816,"Стеклянная елочная игрушка Колибри Симона 8 см, клипса",2820.0,/goods/steklyannaya-elochnaya-igrushka-kolibri-simona-8-sm-klipsa/,Птицы,S (7-14 см),Стекло,синий / голубой,премиум,Нет,Нет,0.02,0.0001,Германия,Германия
2344,14817,"Елочная игрушка Kristal Колибри 10 см прозрачная, подвеска",720.0,/goods/elochnaya-igrushka-hrustalnaya-kolibri-10-sm-prozrachnaya-podveska/,Птицы,S (7-14 см),Акрил,прозрачный,премиум,Нет,Нет,0.03,0.0012,Китай,Нидерланды
2345,14820,"Искусственные снежки Снежный Бум 8 см, 6 шт",380.0,/goods/nabor-elochnyh-sharov-snezhok-8-sm-6-sht-polijester/,Снежинки,S (7-14 см),Текстиль,белый,эконом,Да,Нет,0.04,0.0015,Китай,Россия
2346,14821,"Елочная игрушка Мистер Колибри оранжевый с красным 15 см, подвеска",2000.0,/goods/elochnaya-igrushka-mister-kolibri-oranzhevyj-s-krasnym-podveska/,Птицы,M (15-30 см),Полистоун,желтый / оранжевый,премиум,Нет,Нет,0.11,0.0031,Китай,Бельгия
2347,14822,"Искусственные снежки Снежный Бум 6 см, 6 шт",260.0,/goods/nabor-elochnyh-sharov-snezhok-6-sm-6-sht-polijester/,Снежинки,XS (до 6 см),Текстиль,белый,эконом,Да,Нет,0.02,0.0006,Китай,Россия
2348,14825,"Стеклянная елочная игрушка Попугай Какаду 12 см, подвеска",3360.0,/goods/steklyannaya-elochnaya-igrushka-popugaj-kakadu-12-sm-podveska/,Птицы,S (7-14 см),Стекло,желтый / оранжевый,премиум,Нет,Нет,0.03,0.0002,Германия,Германия
2349,14826,"Елочное украшение Пингвин с Подарком 12 см, подвеска",280.0,/goods/elochnoe-ukrashenie-pingvin-12x15x8-sm-podveska/,Птицы,S (7-14 см),Полистоун,черный,стандарт,Нет,Нет,0.08,0.0002,Китай,Россия
2350,14827,"Елочная игрушка Новогодний Сказочник - Пингвин 9 см, подвеска",260.0,/goods/elochnaya-igrushka-novogodnij-skazochnik-pingvin-9-sm-podveska/,Птицы,S (7-14 см),Полимерная глина,черный,стандарт,Нет,Нет,0.04,0.0001,Китай,Нидерланды
2351,14829,"Стеклянная елочная игрушка Попугай Какаду 15 см красный, подвеска",2230.0,/goods/steklyannaya-elochnaya-igrushka-popugaj-kakadu-krasnyj-podveska/,Птицы,M (15-30 см),Стекло,красный / бордовый,премиум,Нет,Нет,0.09,0.002,Китай,Нидерланды
2352,14832,"Стеклянная елочная игрушка Колибри Terra Bella 11 см, зеленая, клипса",1580.0,/goods/steklyannaya-elochnaya-igrushka-kolibri-terra-bella-11-sm-zelenaya-klipsa/,Птицы,S (7-14 см),Стекло,разноцветные,премиум,Нет,Нет,0.02,0.0005,Китай,Нидерланды
2353,14834,"Стеклянная елочная игрушка Колибри Terra Bella 11 см, розовая, клипса",1580.0,/goods/steklyannaya-elochnaya-igrushka-kolibri-terra-bella-11-sm-rozovaya-klipsa/,Птицы,S (7-14 см),Стекло,зеленый,премиум,Нет,Нет,0.02,0.0005,Китай,Нидерланды
2354,14835,"Елочная игрушка Птичка Колибри Тера - Novi Ligure 13 см, клипса",620.0,/goods/elochnaya-igrushka-ptichka-kolibri-tera---novi-ligure-13-sm-klipsa/,Птицы,S (7-14 см),Перья,бирюзовый,премиум,Нет,Нет,0.02,0.0002,Китай,Бельгия
2355,14839,"Декоративное украшение Птичка Колибри Верона - Spruzzi di Ori 20 см, клипса",1510.0,/goods/dekorativnoe-ukrashenie-ptichka-kolibri-verona---spruzzi-di-ori-20-sm-klipsa/,Птицы,M (15-30 см),Пластик,шоколадный / коричневый,премиум,Нет,Нет,0.03,0.0023,Китай,Бельгия
2356,14845,"Елочная игрушка Колибри Филлис - Santa Fiora 19 см, клипса",740.0,/goods/elochnaya-igrushka-kolibri-fillis---santa-fiora-19-sm-klipsa/,Птицы,M (15-30 см),Текстиль,зеленый,премиум,Нет,Нет,0.02,0.0007,Китай,Бельгия
2357,14846,"Елочная игрушка Птичка Аврора из Райской Лагуны 18 см серебряная, клипса",770.0,/goods/elochnaya-igrushka-ptichka-avrora-iz-rajskoj-laguny-18-sm-serebryanaya-klipsa/,Птицы,M (15-30 см),Пенополистирол,серебро,стандарт,Нет,Нет,0.01,0.0004,Китай,Нидерланды
2358,14848,"Елочное украшение Королевская Птичка Паулина 14 см, подвеска",620.0,/goods/elochnoe-ukrashenie-korolevskaya-ptichka-paulina-14-sm-podveska/,Птицы,S (7-14 см),Полистоун,розовый,стандарт,Нет,Нет,0.11,0.0007,Китай,Нидерланды
2359,14849,"Елочное украшение Лиссабонская Пташка Жанин 9 см розовая, клипса",590.0,/goods/elochnoe-ukrashenie-lissabonskaya-ptashka-zhanin-9-sm-rozovaya-klipsa/,Птицы,S (7-14 см),Текстиль,розовый,стандарт,Нет,Нет,0.02,0.0003,Китай,Нидерланды
2360,14853,"Елочная игрушка Птица Колибри - Jewel Hummingbird 21 см, клипса",1460.0,/goods/elochnaya-igrushka-ptica-kolibri---jewel-hummingbird-21-sm-klipsa/,Птицы,M (15-30 см),Акрил,золото,премиум,Нет,Нет,0.04,0.0026,Китай,Бельгия
2361,14854,"Елочная игрушка Колибри Холли - Santa Fiora 18 см, клипса",740.0,/goods/elochnaya-igrushka-kolibri-holli---santa-fiora-18-sm-klipsa/,Птицы,M (15-30 см),Перья,зеленый,премиум,Нет,Нет,0.02,0.0006,Китай,Бельгия
2362,14855,"Елочное украшение Лиссабонская Пташка Жанин 9 см жемчужная, клипса",590.0,/goods/elochnoe-ukrashenie-lissabonskaya-ptashka-zhanin-9-sm-zhemchuzhnaya-klipsa/,Птицы,S (7-14 см),Текстиль,кремовый / светлое дерево,стандарт,Нет,Нет,0.02,0.0003,Китай,Нидерланды
2363,14857,"Елочная игрушка Пингвиненок Олли 9 см, подвеска",540.0,/goods/elochnaya-igrushka-rozhdestvenskaya-otkrytka---podarki-ot-santy-9-sm-podveska/,Птицы,S (7-14 см),Полистоун,белый,стандарт,Нет,Нет,0.07,0.0003,Китай,Нидерланды
2364,14858,"Елочная игрушка Королевская Птичка парящая 8 см, подвеска",710.0,/goods/elochnaya-igrushka-korolevskaya-ptichka-paryashhaya-8-sm-podveska/,Птицы,S (7-14 см),Полистоун,кремовый / светлое дерево,премиум,Нет,Нет,0.07,0.0002,Китай,Бельгия
2365,14859,"Набор стеклянных елочных шаров с верхушкой Малыш 3-4 см, 19 шт",3680.0,/goods/nabor-steklyannyh-elochnyh-sharov-s-verhushkoj-malysh-3-4-sm-19-sht/,Стеклянные игрушки,XS (до 6 см),Стекло,разноцветные,стандарт,Да,Нет,0.29,0.0058,Россия,Россия
2366,14862,"Елочная игрушка Птичка Аврора из Райской Лагуны 18 см черная, клипса",740.0,/goods/elochnaya-igrushka-ptichka-avrora-iz-rajskoj-laguny-18-sm-chernaya-klipsa/,Птицы,M (15-30 см),Пенополистирол,черный,стандарт,Нет,Нет,0.04,0.0004,Китай,Нидерланды
2367,14863,"Елочная игрушка Пингвиненок Марти 9 см, подвеска",540.0,/goods/elochnaya-igrushka-rozhdestvenskaya-otkrytka---santa-speshit-na-prazdnik-9-sm-podveska/,Птицы,S (7-14 см),Полистоун,белый,стандарт,Нет,Нет,0.07,0.0003,Китай,Нидерланды
2368,14907,Елочная игрушка Сова Гленда - Menthol Crystal 13 см,1220.0,/goods/elochnaya-igrushka-sova-glenda---menthol-crystal-13-sm/,Птицы,S (7-14 см),Пластик,синий / голубой,стандарт,Нет,Нет,0.04,0.0004,Китай,Нидерланды
2369,14909,Елочная игрушка Сова Герти - Menthol Crystal 13 см,1220.0,/goods/elochnaya-igrushka-sova-gerti---menthol-crystal-13-sm/,Птицы,S (7-14 см),Пластик,синий / голубой,стандарт,Нет,Нет,0.04,0.0004,Китай,Нидерланды
2370,14938,Елочная игрушка Kristal Колибри - Golden Pollen 10 см,590.0,/goods/elochnaya-igrushka-kristal-kolibri---golden-pollen-10-sm/,Птицы,S (7-14 см),Пластик,золото,премиум,Нет,Нет,0.03,0.0012,Китай,Нидерланды
2371,14940,Елочная игрушка Kristal Колибри - Golden Nectar 10 см,590.0,/goods/elochnaya-igrushka-kristal-kolibri---golden-nectar-10-sm/,Птицы,S (7-14 см),Пластик,золото,премиум,Нет,Нет,0.03,0.0012,Китай,Нидерланды
2372,15095,"Елочная игрушка Осьминожка Астрид - Дитя Атлантиды 11 см, подвеска",3890.0,/goods/elochnaya-igrushka-osminozhka-astrid---ditya-atlantidy-11-sm-podveska/,Морские обитатели,S (7-14 см),Полистоун,разноцветные,премиум,Нет,Нет,0.1,0.0012,Филиппины,Бельгия
